{
"type": "FeatureCollection",
"name": "hucs_12_digit",
"crs": { "type": "name", "properties": { "name": "urn:ogc:def:crs:OGC:1.3:CRS84" } },
"features": [
{"type":"Feature","properties":{"objectid":218,"tnmid":"{B42F2B49-86B2-41D2-BF96-45BE87B983B7}","metasourceid":"{0997CBAF-CD42-4E2D-B78B-22DB097E9973}","sourcedatadesc":null,"sourceoriginator":null,"sourcefeatureid":null,"loaddate":"2013-01-18T07:08:58Z","referencegnis_ids":null,"areaacres":41690.27,"areasqkm":168.71,"states":"TN","huc12":"060200010606","name":"Soddy Creek","hutype":"S","humod":"KA","tohuc":"060200010607","noncontributingareaacres":0.0,"noncontributingareasqkm":0.0,"shape_Length":0.80333762789597174,"shape_Area":0.016722789318996709},"geometry":{"type":"MultiPolygon","coordinates":[[[[-85.254768372899491,35.394695281518693],[-85.255027771857442,35.394374846102551],[-85.255287170815393,35.393871306519998],[-85.255493164565053,35.393283842979258],[-85.255531311439995,35.39295959402142],[-85.255516053106703,35.392513274230453],[-85.255523682273349,35.392169951314315],[-85.255401612481876,35.391761779439946],[-85.255218506232154,35.391353606523921],[-85.255172730190566,35.391109465899262],[-85.255043030190734,35.390419005483693],[-85.254882813524318,35.389648436734888],[-85.254791260399486,35.389198302360569],[-85.254753113524544,35.388637541944775],[-85.254692078107951,35.388038634654038],[-85.254699708316309,35.387710570071249],[-85.254714966649601,35.38727950965523],[-85.254753113524544,35.386936186739092],[-85.25476074269119,35.386714934656084],[-85.254768372899491,35.386356353406654],[-85.254737855191252,35.386051177365459],[-85.254646302066362,35.385814665907503],[-85.254516602066587,35.385494231533016],[-85.254356385400172,35.385162352366876],[-85.254127503108862,35.384841917992333],[-85.253898621859207,35.384490965909549],[-85.253669739567897,35.384140013826766],[-85.253311158318468,35.383460997161137],[-85.253082276027158,35.383041379453459],[-85.253005982277273,35.3828620898704],[-85.252784730194264,35.382484434662672],[-85.252609254152844,35.382076262788303],[-85.252433778111481,35.381683349247226],[-85.252319336444998,35.381401060706025],[-85.25227356040341,35.381217955497959],[-85.252212524986817,35.38103485028995],[-85.252212524986817,35.380878447165173],[-85.2523269666533,35.380371092999269],[-85.252487183319715,35.379940032583306],[-85.252685547902729,35.379039763834669],[-85.252723694777671,35.378215788835973],[-85.252456665611419,35.375503538840178],[-85.252449036444773,35.375293730507167],[-85.252342224986592,35.374687194049784],[-85.252204895820171,35.373966215925918],[-85.252113342695282,35.373565673218195],[-85.251968384362215,35.373207090927053],[-85.251770020820857,35.372749327386146],[-85.251464844779662,35.37228774926183],[-85.251159668738467,35.372016905512282],[-85.250694276030856,35.371791838845922],[-85.250175477073299,35.371669768012794],[-85.249633789574148,35.371616362804559],[-85.249153139574901,35.371475219054787],[-85.248695373950625,35.37126922530507],[-85.248069763534943,35.370922087805639],[-85.247344971869381,35.370376585723136],[-85.246650696870461,35.369716643015806],[-85.246170044787846,35.369262694058193],[-85.245681763538641,35.3689651482253],[-85.24478912395665,35.36848068155939],[-85.2437362677083,35.367904661768648],[-85.243301392708986,35.367721556560582],[-85.242950440626203,35.367713927393936],[-85.242553711460118,35.36775588885223],[-85.242164612502393,35.367748259685527],[-85.241744995836427,35.367744445102232],[-85.240951538545971,35.367671965935642],[-85.240066529172339,35.36740493676939],[-85.239662170839608,35.367156981561493],[-85.238670350007851,35.366317748229449],[-85.237312317718306,35.365219114897798],[-85.236320496886492,35.364376066982459],[-85.23567199792916,35.363842009691609],[-85.235282898971434,35.363372801358992],[-85.235183716679899,35.363235473234226],[-85.235115052096717,35.363094327401086],[-85.235069276055071,35.362972258651268],[-85.235015869805181,35.362766264901609],[-85.234886169805407,35.362327574277288],[-85.234764100013876,35.362056731569396],[-85.234588623972513,35.361721037819905],[-85.234336854181208,35.361404418028712],[-85.234138489598195,35.361236571153995],[-85.233673096890584,35.360946654487748],[-85.233016968766606,35.360576628446665],[-85.232353211475981,35.360160826363995],[-85.231628418768764,35.359775541989563],[-85.231140137519503,35.359466551365074],[-85.23094177293649,35.359313963865304],[-85.230239868770923,35.358867644074337],[-85.229789734396604,35.358615874283032],[-85.229515076063706,35.358470915949965],[-85.229141236480984,35.358314512825189],[-85.228576659398527,35.358135222200474],[-85.228164673982462,35.35808181699224],[-85.227737427108138,35.358013152409001],[-85.226875306276156,35.357925413867463],[-85.226058960444107,35.357913970117465],[-85.224662781279562,35.357807158659284],[-85.223922730239053,35.357730864909456],[-85.223396302114907,35.357757566992746],[-85.222938538573942,35.357826231575928],[-85.222496033366269,35.35799026386735],[-85.221595764617689,35.358211515950359],[-85.220481872952746,35.358383177408427],[-85.218856812538604,35.358757018032861],[-85.218063355248148,35.358909605532574],[-85.217239380249453,35.359004973240758],[-85.216316224000877,35.359027861782408],[-85.215103150044399,35.358943937824222],[-85.214653015670137,35.358966826365872],[-85.212730408381447,35.359245299282065],[-85.208625793804458,35.359813688864506],[-85.207954407347188,35.359882353447745],[-85.207702637555883,35.35982894823951],[-85.207427979222985,35.359664915948088],[-85.206909180265484,35.359191894073831],[-85.206604004224289,35.35880279407445],[-85.206413269849577,35.358734128449555],[-85.206138611516678,35.358764647199507],[-85.205566407350886,35.358997344074112],[-85.205230713601395,35.359024047199114],[-85.204391480269351,35.358963011782521],[-85.203956605270037,35.359020232615762],[-85.203384400062589,35.359138487823884],[-85.203109741729691,35.35913467324059],[-85.202896118813385,35.35908508261565],[-85.20259094277219,35.35892867949093],[-85.202423096939128,35.358837126366041],[-85.202041627148049,35.358558653449791],[-85.201789856315088,35.35834884511678],[-85.201576233398725,35.358150481575422],[-85.201263428190884,35.357872008659228],[-85.200744629233384,35.357353209701671],[-85.200393677150601,35.357055662827122],[-85.200004578192875,35.356773375327577],[-85.199607850068446,35.35655593782792],[-85.199134827152534,35.356353758661555],[-85.198768616736459,35.356204985745137],[-85.1983337427788,35.355983733662129],[-85.197898865696118,35.355766295120816],[-85.197525025071684,35.355564116996106],[-85.197158814655609,35.355285644079913],[-85.196846009447768,35.355052947205252],[-85.196556093823233,35.35482025033059],[-85.196319581323564,35.354572295122694],[-85.196212768823727,35.35437774616463],[-85.196182252157143,35.354217528456559],[-85.196151734448847,35.354072570123435],[-85.196090699032254,35.353874205540421],[-85.196029663615718,35.353569029499226],[-85.195999145907422,35.353206633666446],[-85.196006776115723,35.352813720125368],[-85.195999145907422,35.352371214917753],[-85.195999145907422,35.352127074293151],[-85.196037292782364,35.351566313877356],[-85.196060181323958,35.351222990961219],[-85.196166992782139,35.350883482628376],[-85.196296692781971,35.350555419087243],[-85.196380615698502,35.350326536795933],[-85.196449280281684,35.350116728462922],[-85.196487427156626,35.349929808671561],[-85.196456909448386,35.349517821172185],[-85.196182252157143,35.348289488882415],[-85.195945740699131,35.347259520134003],[-85.195724487574523,35.346199034719007],[-85.195571900074754,35.345760344094685],[-85.195304870908501,35.345291136803723],[-85.19525146570021,35.344978331595883],[-85.195152283408731,35.344638823263097],[-85.195060730283842,35.344478606596681],[-85.194824219867542,35.344188688888778],[-85.194602968826246,35.343982695139118],[-85.194396972993218,35.343811034722705],[-85.194053651118736,35.343566894098103],[-85.193603516744474,35.343269347223554],[-85.193130493828505,35.343044280557251],[-85.192520142787828,35.342746733682702],[-85.192031861538567,35.342563628474636],[-85.191230775081465,35.342311858683388],[-85.190536500082544,35.342147826391965],[-85.189704895917203,35.341983794100543],[-85.188522339669021,35.341751097225881],[-85.187171936546122,35.341403960768105],[-85.186515808422143,35.341136931601852],[-85.186035157381184,35.34089279097725],[-85.185234070924139,35.340400695144638],[-85.18478393654982,35.340171812853328],[-85.184104919884192,35.339862822228838],[-85.184051514675957,35.339836120145549],[-85.183029175094191,35.338737486813898],[-85.182304383428686,35.337829588898671],[-85.181808471971124,35.337451933690886],[-85.181427002180044,35.337451933690886],[-85.180961609472433,35.337608336815663],[-85.180587768848,35.337985992023391],[-85.180397034473287,35.338047026398328],[-85.180168152181977,35.338047026398328],[-85.180091858432093,35.338008879523386],[-85.179908753224026,35.337814330565323],[-85.179748535515955,35.337520598274125],[-85.17958831884954,35.337085723274811],[-85.17938232509988,35.336662292025494],[-85.179214478225106,35.335868834735038],[-85.179084778225331,35.335102080569527],[-85.178894043850619,35.334472655570551],[-85.178756714684141,35.334083556612825],[-85.178558350101127,35.333816527446572],[-85.1784439094763,35.333736419113336],[-85.178329468851473,35.333644865988504],[-85.178283691768229,35.33354949828032],[-85.17823791572664,35.333343506613971],[-85.178222657393349,35.33321380661414],[-85.178222657393349,35.33313369828096],[-85.178115845935167,35.332866669114708],[-85.177963257393742,35.332633973281702],[-85.177764892810728,35.332489014948635],[-85.177627564685906,35.332397461823746],[-85.177574158436016,35.332313538907215],[-85.17756652926937,35.332221985782382],[-85.17754364072772,35.332107545157555],[-85.177406311561242,35.33180236911636],[-85.177330017811357,35.331638336824938],[-85.177307129269764,35.331401825366981],[-85.177330017811357,35.331123353492387],[-85.177192688644936,35.330631256618176],[-85.17700958343687,35.329883576410964],[-85.176712036562321,35.328918457662496],[-85.176773071978914,35.32844543578824],[-85.176750183437264,35.32825088578852],[-85.176734925103972,35.328060151413808],[-85.176567078229255,35.327808380580848],[-85.17639923135448,35.327701569122723],[-85.176124573021582,35.327651978497784],[-85.175804138647095,35.327671052456083],[-85.174751282398745,35.327980042038917],[-85.174125671983006,35.328002930580567],[-85.171585083445279,35.327693939956077],[-85.170967103237899,35.327735901414314],[-85.17055511573858,35.327613831622841],[-85.170242310530739,35.327297211831649],[-85.169921876156195,35.326934814957212],[-85.16976928761477,35.326549530582838],[-85.169700623031588,35.32645416391631],[-85.169555664698464,35.326183320166706],[-85.16938781782369,35.325931550375458],[-85.169151306365734,35.325698853500796],[-85.168853760532897,35.325447083709548],[-85.168495179283411,35.325279236834774],[-85.168060303242441,35.325134278501707],[-85.167671204284716,35.324932099335342],[-85.167114258452216,35.324645997252446],[-85.166702270952896,35.324371338919548],[-85.166473389703242,35.324115754544948],[-85.166259766786879,35.323753357670512],[-85.166206360536989,35.3235626232958],[-85.16622924907864,35.322818756630284],[-85.166305542828468,35.322429657672558],[-85.166267395953582,35.322139741006367],[-85.166175842828693,35.32200241183989],[-85.165962219912387,35.321857453506766],[-85.165840150120857,35.321769714965228],[-85.165550232413011,35.321479798299038],[-85.165321351163357,35.321109772257955],[-85.165298462621706,35.320976258716485],[-85.165298462621706,35.320720673300229],[-85.165390015746596,35.320388795175745],[-85.165451050121476,35.319904328509836],[-85.165222168871821,35.319305421219099],[-85.164970399080573,35.318935395177959],[-85.164558411581197,35.318759919136596],[-85.164016724082046,35.318778993094895],[-85.163650513665971,35.318836212886481],[-85.163330079291427,35.318836212886481],[-85.163139343875059,35.318836212886481],[-85.162277222001421,35.318630219136764],[-85.16219329908489,35.318614960803473],[-85.161598206377448,35.31855392538688],[-85.161399841794434,35.318557739970231],[-85.16056060846239,35.318683625386711],[-85.160186767838013,35.318683625386711],[-85.159881592838474,35.318664551428412],[-85.159591675130571,35.318515778511994],[-85.158889770965004,35.318412781637107],[-85.158447266799044,35.31837082017887],[-85.158241273049327,35.318355560803866],[-85.157608032425344,35.318408967053813],[-85.157508851175464,35.318389893095514],[-85.157356262634039,35.318317413928924],[-85.157196045967623,35.318237305595744],[-85.157043457426198,35.318061829554324],[-85.156814576176544,35.317710877471541],[-85.156738282426659,35.317623138930003],[-85.156265259510747,35.317401886847051],[-85.155799866803136,35.317478180596936],[-85.155319214720521,35.317672730596598],[-85.155235290762334,35.317707062888246],[-85.154731751179781,35.318176270179151],[-85.154617310554954,35.318340302470574],[-85.154541016805069,35.31845092851205],[-85.154342652222056,35.318778993094895],[-85.154052736597521,35.318935395177959],[-85.153602601181547,35.318973542052902],[-85.153007508474161,35.318988801427906],[-85.152809143891091,35.31911087121938],[-85.152656555349665,35.319244385802506],[-85.15249633868325,35.319519044135404],[-85.15234375118348,35.319789887885008],[-85.152191162642055,35.320022583717957],[-85.151916504309156,35.320079804551199],[-85.151626587642966,35.320079804551199],[-85.151512147018138,35.320075989967904],[-85.150657654311146,35.320350648300803],[-85.150276184520067,35.320472718092276],[-85.150001526187111,35.320491792050575],[-85.14968872097927,35.320354462884097],[-85.148612977230982,35.319934846218075],[-85.148490906397797,35.319904328509836],[-85.147804260565522,35.319725037885064],[-85.147422790774499,35.319625855593586],[-85.147148133483256,35.319606781635287],[-85.146804810567119,35.319580080593653],[-85.146469116817627,35.319583894135292],[-85.146255493901265,35.31962967017688],[-85.145721436610472,35.31962967017688],[-85.145133973069676,35.319698334760119],[-85.144714356403654,35.319698334760119],[-85.144264222029392,35.31962967017688],[-85.143890381404958,35.319801331634949],[-85.143379211614103,35.320362092050743],[-85.143165590781052,35.320598603508756],[-85.142936707448087,35.320781708716765],[-85.142593384531949,35.32103347850807],[-85.142204285574223,35.32121658371608],[-85.141700744950015,35.321357726424196],[-85.141227723075758,35.321403504549153],[-85.140792847034788,35.321376801424208],[-85.140296936618881,35.32123947225773],[-85.1401901251607,35.321163178507845],[-85.140075684535873,35.321044923299723],[-85.139991760577686,35.320865631633296],[-85.139907837661156,35.320697785800235],[-85.139846802244563,35.320381164967387],[-85.139801026202974,35.320232392050968],[-85.139541626203368,35.319797517051654],[-85.139450074120191,35.319686891010122],[-85.139381409536952,35.319499970177105],[-85.139335633495364,35.319293976427446],[-85.139366150162004,35.319129945177679],[-85.139411927245249,35.318870545178072],[-85.139465332453483,35.318592072261822],[-85.139427185578541,35.318367005595519],[-85.139320374120359,35.318161011845859],[-85.139022828287523,35.318027497262733],[-85.138710023079682,35.317913056637906],[-85.138183593913823,35.317718506638187],[-85.13773346058116,35.317600251430065],[-85.137115479332124,35.317516327471878],[-85.136436462666552,35.317485809763582],[-85.135818482459172,35.317417145180343],[-85.135368348084853,35.317356110805406],[-85.135070801210304,35.317241669138923],[-85.134803773085707,35.317047120180916],[-85.134468079336273,35.316539764973356],[-85.134361267878091,35.316329956640345],[-85.134208679336666,35.316028596224157],[-85.134132385586781,35.315780641016204],[-85.13425445641991,35.31479644830938],[-85.13425445641991,35.314380646226709],[-85.134117127253432,35.314174654560361],[-85.133804322045592,35.313861848310864],[-85.133171082463264,35.313709259769439],[-85.13297271788025,35.313552857686318],[-85.132652283505706,35.313419343103192],[-85.132179260589794,35.313278199353419],[-85.131813050173719,35.313232422270175],[-85.130935669966732,35.313266754561766],[-85.130638123092183,35.313282013936771],[-85.130340577259346,35.313316346228362],[-85.13008117725974,35.313274384770125],[-85.129577637677187,35.313159943103585],[-85.129257203302643,35.313022613937164],[-85.129035950178036,35.31281662122916],[-85.128967285594797,35.312629700396087],[-85.128944398094802,35.312416077479782],[-85.129005432469739,35.312107086855235],[-85.129112243927921,35.311862946230633],[-85.129325866844226,35.311420442064673],[-85.129417419969116,35.311115266023478],[-85.129570006427173,35.310787201440633],[-85.129837036635081,35.310482026441093],[-85.130271912676108,35.310302734774723],[-85.130508423092408,35.310024261858473],[-85.130424500175877,35.309761048317228],[-85.130317688717696,35.309474946234332],[-85.130065918926391,35.309165955609785],[-85.129806518926841,35.309093476443252],[-85.129463196010704,35.309112549359895],[-85.129272461635992,35.309249878526373],[-85.128837585594965,35.309410096234444],[-85.128578186637071,35.309425354567736],[-85.128410339762297,35.309387207692794],[-85.12829589913747,35.309246063943021],[-85.12824249288758,35.309020997276718],[-85.12826538142923,35.308597566027345],[-85.128303528304173,35.308128357694784],[-85.128486633512182,35.307781220195295],[-85.128669739761904,35.307453156654162],[-85.128875734553276,35.306938172279956],[-85.128944398094802,35.306564331655522],[-85.129043579344682,35.30609512436456],[-85.129020691844687,35.305740357698483],[-85.129028321011333,35.305339813949104],[-85.129035950178036,35.30498886186632],[-85.128959656428151,35.304588319158597],[-85.128829956428319,35.304187775409218],[-85.128662109553602,35.303806305618139],[-85.12847137517889,35.303543092076893],[-85.128250123095881,35.303142548327514],[-85.128051758512868,35.302856446244618],[-85.12779998872162,35.302547455620072],[-85.127494812680425,35.302234650412231],[-85.12718963663923,35.301853180621151],[-85.126937866847925,35.301570893121607],[-85.126678467890031,35.301162720205582],[-85.12642669705707,35.300773621247856],[-85.126121522057531,35.300609589998089],[-85.125778199141394,35.300689698331325],[-85.125488281433547,35.300727845206268],[-85.124931335601048,35.300739288956208],[-85.124603272059915,35.300777435831151],[-85.124290466852017,35.300708771247912],[-85.123855591852703,35.300594330623142],[-85.123519898103268,35.300483704581609],[-85.123001099145711,35.300220489998708],[-85.122749329354463,35.299873351457563],[-85.122581482479688,35.299381256666663],[-85.122406006438325,35.299091340000473],[-85.122070312688834,35.298912049375701],[-85.121681215814419,35.298885346250756],[-85.121208191856851,35.298942567083998],[-85.121009827273781,35.299098969167119],[-85.120689392899294,35.299285890000135],[-85.120399476233104,35.299495698333146],[-85.120056151233598,35.299663544166208],[-85.119483948109519,35.299842835832635],[-85.119117737693387,35.299839020207628],[-85.11865234394412,35.299747468124451],[-85.118156433528213,35.299633027499624],[-85.117744446028894,35.299346924375072],[-85.117607116862416,35.299034119167231],[-85.117607116862416,35.29858780041792],[-85.117668152279009,35.298248292085077],[-85.117835999153726,35.297885895210641],[-85.117996216861798,35.297634125419393],[-85.118156433528213,35.297443391044681],[-85.118469238736054,35.297275544169963],[-85.118682860610761,35.297119141045187],[-85.118804932485546,35.296993256670362],[-85.118812561652192,35.296649933754225],[-85.118766785610603,35.296352386879676],[-85.118690491860718,35.296127320213373],[-85.118400574152872,35.295898437922062],[-85.118164062694916,35.295803071255534],[-85.118064881445036,35.29562378063082],[-85.117973328320204,35.295204163964797],[-85.118087768945031,35.294887543131949],[-85.118293762694691,35.294662476465646],[-85.118606567902532,35.294456482715987],[-85.118789673110598,35.294292450424564],[-85.118873597068784,35.29414749209144],[-85.118927002277019,35.293956757716728],[-85.11882781998554,35.293807983758654],[-85.118476867902757,35.293636323342241],[-85.118118286653271,35.293418884800928],[-85.117767334570487,35.29324722334286],[-85.117256164779633,35.293155671259683],[-85.116920472071797,35.293128968134681],[-85.116668702280549,35.293136597301384],[-85.116485596030827,35.293186188967923],[-85.116264343947819,35.293289185842809],[-85.116203308531283,35.29314804209298],[-85.116104126239748,35.292980195218263],[-85.116020203323217,35.292831421260189],[-85.115936280406686,35.292568207718887],[-85.115844727281797,35.292251587927751],[-85.115852356448499,35.292022705636441],[-85.115959167906624,35.29181289730343],[-85.116127014781398,35.291595459803773],[-85.116310119989407,35.291442872304003],[-85.116806030405314,35.29109192022122],[-85.117080688738213,35.290802002513317],[-85.117393493946111,35.290515900430421],[-85.117744446028894,35.290309906680761],[-85.118080139778328,35.29018020668093],[-85.11841583352782,35.289932251472976],[-85.118576050194235,35.289661408765085],[-85.118537903319293,35.289260865015706],[-85.118339538736279,35.288967133766164],[-85.118141175194921,35.288604736891727],[-85.118019104361792,35.288509370225199],[-85.117713929362253,35.288314820225537],[-85.11742401165435,35.288196565017358],[-85.117294311654575,35.288204194184004],[-85.117103577279863,35.288097382725823],[-85.117210388738044,35.287765503559683],[-85.117294311654575,35.287509919185084],[-85.117317200196226,35.287258149393836],[-85.11727142415458,35.286922455644344],[-85.117172241863102,35.286598206686506],[-85.117019654363332,35.286365509811844],[-85.116966248113386,35.286125183770594],[-85.117004394988328,35.285823823354349],[-85.117126465821514,35.285587311896393],[-85.117500305404235,35.285331725438482],[-85.117820740820434,35.285205842105313],[-85.118148804361567,35.285037995230596],[-85.11836242727793,35.284759522314346],[-85.118476867902757,35.284439087939859],[-85.11859130956924,35.284111023357013],[-85.118675232485771,35.283866882732411],[-85.1187973033189,35.283714295232642],[-85.118957519985315,35.28352356085793],[-85.119018555401908,35.283329010858267],[-85.118919373110373,35.28311157335861],[-85.118751526235656,35.282909394192245],[-85.118515014777699,35.282703400442529],[-85.118286133528045,35.282440186901283],[-85.118026733528438,35.282089233776844],[-85.117820740820434,35.281997681693667],[-85.117355347071168,35.281990052527021],[-85.11660003769731,35.282054900443541],[-85.116119385614752,35.282154083776732],[-85.115653991865429,35.282291412943209],[-85.115303039782646,35.282306672318157],[-85.114852905408384,35.28222274835997],[-85.114433288742362,35.282062531693555],[-85.114143372076114,35.281887055652135],[-85.114006042909693,35.281658173360825],[-85.113960266868105,35.281452179611165],[-85.11391449082646,35.28114700356997],[-85.113746643951742,35.280914307737021],[-85.113616943951968,35.280693054612357],[-85.113533021035437,35.2804756171127],[-85.113540650202083,35.280181885863158],[-85.113548279368729,35.279876709821963],[-85.113471985618844,35.279502869197529],[-85.11332702728572,35.279067994198215],[-85.113044739786176,35.27871322753208],[-85.11280822832822,35.27838134836594],[-85.112693787703392,35.278293610866058],[-85.112464905412082,35.277942658783275],[-85.112258911662366,35.277633668158728],[-85.112129211662591,35.27732849211759],[-85.112136841870893,35.277023316076395],[-85.11204528874606,35.276607513993667],[-85.111915588746228,35.276321411910772],[-85.111709594996569,35.276058198369526],[-85.111419678330378,35.275814057744924],[-85.11110687312248,35.275611878578559],[-85.110923767914471,35.275363923370605],[-85.110870361664524,35.27523422337083],[-85.110862732497878,35.275146484829293],[-85.110862732497878,35.275043487954463],[-85.110862732497878,35.27493286191293],[-85.110855103331232,35.274757385871567],[-85.1107635502064,35.27436447233049],[-85.110717774164755,35.274143220247481],[-85.110534668956745,35.273712158789863],[-85.110397339790268,35.273414612956969],[-85.110214233540546,35.273170472332367],[-85.109985352290892,35.272838593166227],[-85.109794616874524,35.272464752541794],[-85.109634400208108,35.271972656709238],[-85.109397888750152,35.271629334834756],[-85.109085083542311,35.271362305668504],[-85.108665466876289,35.271045685877311],[-85.108459473126629,35.270717621294466],[-85.108337403335156,35.270320893170094],[-85.108230591876975,35.269893647337426],[-85.108291626251855,35.269546509837994],[-85.10839080854339,35.269268036921744],[-85.108474733543289,35.268417358798047],[-85.108505249168218,35.268146516090155],[-85.108711242917877,35.26562118588572],[-85.10874938979282,35.265094757761574],[-85.108810425209413,35.265033722344981],[-85.108932496042542,35.264751434845437],[-85.109069825209019,35.264591218179021],[-85.109268188750377,35.264549256720727],[-85.109550476249922,35.264549256720727],[-85.109619140833161,35.264553071304078],[-85.109687805416399,35.264579773387368],[-85.109931946041002,35.264629365053963],[-85.110267639790493,35.264739991095439],[-85.110527038748387,35.264873505678565],[-85.110694885623161,35.26494979942845],[-85.110908508539467,35.264984131720041],[-85.111061097080892,35.264957428595096],[-85.111251831455604,35.26477432338703],[-85.111557007496799,35.264530182762428],[-85.111755372079813,35.264423371304247],[-85.11202240020441,35.264350892137713],[-85.112342834578897,35.264369965054357],[-85.112663269995096,35.264438629637596],[-85.112884522078105,35.264518739012431],[-85.113250734577491,35.264541626512425],[-85.113494874160494,35.264480592137488],[-85.113647461660207,35.264373779637651],[-85.113769531451737,35.264175416096293],[-85.113868713743216,35.2638969431801],[-85.113967896034751,35.263633728597142],[-85.11408996686788,35.263233185889419],[-85.114135742909468,35.263000489014814],[-85.114143372076114,35.26271820151527],[-85.114051819992937,35.262454986932312],[-85.113945006451445,35.262172699432767],[-85.113777161660039,35.261981965058055],[-85.113555908535375,35.261775971308396],[-85.113220215827539,35.261524201517091],[-85.112884522078105,35.261379243183967],[-85.112602234578503,35.261264801517484],[-85.112342834578897,35.261165619226006],[-85.111984253329467,35.260990143184586],[-85.111740112704865,35.26082992651817],[-85.111518860621857,35.260673523393393],[-85.11125946062225,35.260482789018738],[-85.111015319997648,35.26032257131061],[-85.110885621039529,35.260150909852541],[-85.110832214789582,35.260009766102769],[-85.110778809581348,35.2598381046447],[-85.110725403331458,35.259681702561636],[-85.110656738748219,35.259479523395271],[-85.110771179373046,35.259246826520609],[-85.111083984580887,35.259048462979251],[-85.111351013747139,35.25899124214601],[-85.111671448121626,35.258934021312768],[-85.112113953329299,35.25878524839635],[-85.112342834578897,35.2585067754801],[-85.112503052287025,35.258155823397317],[-85.112625123120154,35.25781250048118],[-85.112831115828158,35.257274628607036],[-85.113029480411171,35.256748200482832],[-85.113082886661118,35.256389619233403],[-85.113151551244357,35.255752564026068],[-85.113189698119299,35.25517273069363],[-85.113197327285945,35.254673004652716],[-85.113220215827539,35.25440979111147],[-85.113227844994242,35.254173279653514],[-85.113235474160888,35.253864289028968],[-85.113265991869184,35.253536225487835],[-85.113365174160663,35.253284454654874],[-85.11350250332714,35.253211975488341],[-85.11363220228526,35.253170014030047],[-85.113876342909862,35.253227234863289],[-85.114425659575716,35.253410340071355],[-85.114852905408384,35.253479004654594],[-85.115287781449354,35.253456116112943],[-85.115562439782252,35.253391267154711],[-85.11569976894873,35.253387451529704],[-85.116127014781398,35.253307343196525],[-85.116882325196855,35.252979279655335],[-85.117088318946571,35.25295257653039],[-85.117721558528899,35.252864837988852],[-85.118408203319518,35.252613068197604],[-85.118774414777249,35.252452851531189],[-85.118980408526966,35.252204896323235],[-85.119026184568554,35.251953125490274],[-85.119026184568554,35.251842499448799],[-85.119087219985147,35.251720429657325],[-85.119094849151793,35.251361847366184],[-85.119010926235262,35.251079559866639],[-85.118942261652023,35.250827790075391],[-85.118965149151961,35.250579834867438],[-85.119071960610142,35.250205994243004],[-85.119132996026735,35.249912262993462],[-85.119232178318214,35.249584198410616],[-85.119354249151399,35.249336243202663],[-85.119529725192763,35.249153137994654],[-85.11981964185901,35.249107361953008],[-85.120162964775091,35.249114991119711],[-85.120521546024577,35.249042511953121],[-85.120910644982303,35.248813629661811],[-85.121139527273613,35.248615266120453],[-85.121299743940028,35.248352051537552],[-85.121322632481679,35.248302460912612],[-85.121711731439405,35.247920991121532],[-85.122032165813891,35.247764587996812],[-85.122344971021732,35.247673035913579],[-85.122528077271454,35.247467042163919],[-85.122619629354631,35.24728775258086],[-85.122833252270993,35.247215271330958],[-85.123077392895595,35.247253419247556],[-85.123344422061848,35.247379303622381],[-85.123565674144857,35.2475738536221],[-85.123680115811339,35.247760773413461],[-85.123886108519343,35.248001099454768],[-85.124092102269003,35.248130799454543],[-85.124336242893662,35.248210907787779],[-85.124565125184972,35.248168946329486],[-85.124778748101278,35.248046875496357],[-85.125030517892583,35.247970581746472],[-85.125450134558605,35.247978210913118],[-85.125793457474686,35.24798584112142],[-85.126213074140708,35.248023987996362],[-85.126556397056845,35.248043060913005],[-85.127250672055766,35.248023987996362],[-85.127632141846846,35.248012543204709],[-85.128143311637757,35.248035431746359],[-85.128433228303948,35.248134614037895],[-85.128730774136841,35.248264314037669],[-85.128997803303093,35.248424530704085],[-85.129302979344288,35.248508454662272],[-85.129676819968665,35.248703003620335],[-85.12990570121832,35.248748779661923],[-85.130088806426386,35.248878479661698],[-85.130317688717696,35.248924255703344],[-85.13075256371701,35.248809815078516],[-85.130973816841674,35.24857711924551],[-85.131294251216161,35.248352051537552],[-85.131416321007634,35.248237610912724],[-85.131935119965192,35.247856141121645],[-85.132324218922918,35.247505189038861],[-85.13259124808917,35.247474671330565],[-85.132919312671959,35.247482300497211],[-85.133277893921445,35.247516632788859],[-85.133522034546047,35.247600556747045],[-85.133857727253883,35.247768402580107],[-85.134155274128375,35.247947693204821],[-85.134536743919455,35.248157501537833],[-85.13484191996065,35.248306275495963],[-85.135147094960189,35.248371125495851],[-85.135452271001384,35.248344422370906],[-85.135917663708994,35.248241425496019],[-85.136207581416897,35.248104096329598],[-85.136383057458261,35.247982024454757],[-85.136634827249566,35.247844697371647],[-85.137001038707297,35.24773788487181],[-85.137199402248655,35.247760773413461],[-85.13732147308184,35.247768402580107],[-85.137542725164792,35.247810365080056],[-85.13768005433127,35.247875214038288],[-85.137863159539336,35.248008728621414],[-85.138305664746952,35.248619080703804],[-85.138473511621669,35.248931885911645],[-85.138702392871323,35.249141694244656],[-85.138832090787787,35.249191284869596],[-85.139152527245642,35.249439240077493],[-85.13951873870343,35.249481201535787],[-85.139717102244788,35.249439240077493],[-85.139976502244338,35.249439240077493],[-85.140083313702519,35.249359131744313],[-85.1401901251607,35.249221802577836],[-85.140281678285533,35.248912811953346],[-85.140426636618656,35.248371125495851],[-85.140586853285072,35.248180390079483],[-85.140708924118201,35.247947693204821],[-85.14077758870144,35.247669220288628],[-85.140853882451324,35.2472724921642],[-85.141067505367687,35.246917725498122],[-85.141326905367293,35.24662399424858],[-85.141639710575134,35.246440887998858],[-85.141944885574617,35.246318818207385],[-85.142257690782515,35.246150971332611],[-85.142723084531781,35.246002198416193],[-85.143104554322861,35.245880127583064],[-85.143569947030471,35.245681763],[-85.143981934529791,35.245532990083575],[-85.144462586612406,35.245365143208858],[-85.144889832445074,35.245292664042267],[-85.145324707444388,35.245285034875621],[-85.145553589735698,35.245368958833865],[-85.14591980015183,35.24550628695863],[-85.146308899109556,35.245681763],[-85.146728515775578,35.245864869249715],[-85.147033691816716,35.245979309874542],[-85.147476197024389,35.246112824457668],[-85.147972107440296,35.246246339040795],[-85.148399353272964,35.24626922654079],[-85.148712158480805,35.246177674457556],[-85.148963929313766,35.246055603624427],[-85.149162292855124,35.245868683833066],[-85.149284363688253,35.245677948416699],[-85.149520875146209,35.245429993208745],[-85.149681091812624,35.24522781404238],[-85.149856567854044,35.244976044251132],[-85.149932861603929,35.24488830675125],[-85.150001526187111,35.244541169251818],[-85.150032043895408,35.24412536716909],[-85.149993897020465,35.243949891127727],[-85.149871827228992,35.243518829670052],[-85.149749756395863,35.243331909878691],[-85.149574280354443,35.24313354529562],[-85.14942169285473,35.242942810920965],[-85.149291992854899,35.242767334879545],[-85.149276734521607,35.242622376546421],[-85.149391175146434,35.242450715088353],[-85.149665833479332,35.242328644255224],[-85.150131226186943,35.242206574463751],[-85.150482178269726,35.242229461963689],[-85.150909424102394,35.242156982797155],[-85.151214600143589,35.242130280713866],[-85.15150451680978,35.242038727589033],[-85.151840210559271,35.241855622380967],[-85.152137755350509,35.241668701547894],[-85.152603150141431,35.241344452590113],[-85.153076173057343,35.241096497382159],[-85.153694153264723,35.240947724465684],[-85.154251099097223,35.241020203632274],[-85.154792786596374,35.241138458840396],[-85.155212403262396,35.241271973423522],[-85.155570984511826,35.241531372381473],[-85.155937195969614,35.241840363005963],[-85.156181336594216,35.24208068904727],[-85.156311035552335,35.242206574463751],[-85.156349182427277,35.242366791130166],[-85.156303406385689,35.242557526546534],[-85.156219483469158,35.242744446337895],[-85.156135559510972,35.243061066129087],[-85.156127930344269,35.243362427586931],[-85.15608215430268,35.243648529669827],[-85.156021118886144,35.243930817169428],[-85.15594482513626,35.244224549460625],[-85.156066894927733,35.244358064043752],[-85.156318664718981,35.244392396335343],[-85.156555176176937,35.244365693210398],[-85.156883240759782,35.244323731752104],[-85.157272339717508,35.244281769252211],[-85.157676697008583,35.244289399460513],[-85.157997133466381,35.244373322377044],[-85.158187866799437,35.24448394841852],[-85.15860748346546,35.244758606751475],[-85.158523560548929,35.245025635917727],[-85.158477783465628,35.245223999459085],[-85.158470154298982,35.245525360916929],[-85.158386231382451,35.24578857549983],[-85.158248902215973,35.246215821332498],[-85.157997132424725,35.246627808831875],[-85.157829285550008,35.246955872373064],[-85.157760620966769,35.247268677580905],[-85.157752991800123,35.247570039038749],[-85.157829285550008,35.247852326538293],[-85.158111573049553,35.24795532341318],[-85.158210755341088,35.248039246329711],[-85.158287049090916,35.248241425496019],[-85.15827941992427,35.24843979007909],[-85.158218384507734,35.248683930703692],[-85.15807342617461,35.248817444245162],[-85.157821656383305,35.248992920286526],[-85.157623291800292,35.249176026536247],[-85.157615662633646,35.249404907785902],[-85.157752991800123,35.249610901535561],[-85.157974243883075,35.249919892160108],[-85.158157349091141,35.250141144243116],[-85.158256531382676,35.250434876534314],[-85.158348084507509,35.250644684867325],[-85.158363342840801,35.250930786950221],[-85.158393860549097,35.251270295283007],[-85.158370972007503,35.251659394240733],[-85.158401489715743,35.252017975490162],[-85.158477783465628,35.252239228614826],[-85.158721924090287,35.252548218197717],[-85.159034729298128,35.252861023405558],[-85.159416199089208,35.253170014030047],[-85.15983581575523,35.253482819237888],[-85.160247803254549,35.253627777571012],[-85.160713197003815,35.25366210986266],[-85.161071778253302,35.253547669237832],[-85.161712647002275,35.253402710904709],[-85.162033081376819,35.2534370431963],[-85.162239075126479,35.253578186946072],[-85.162452698042785,35.253829956737377],[-85.162467957417789,35.254119873403567],[-85.162368775126254,35.254379273403174],[-85.162132263668298,35.254718781736017],[-85.161979676168528,35.255020142152205],[-85.161895752210341,35.255344392151699],[-85.161697388668983,35.255725860901123],[-85.161422730336085,35.256244659858623],[-85.161231994919717,35.256610871316411],[-85.161109925128244,35.256950379649197],[-85.160949707420116,35.257408143190162],[-85.1607894907537,35.257713318189701],[-85.1607894907537,35.257949829647657],[-85.160934449086824,35.25811386193908],[-85.161384583461142,35.258152008814022],[-85.161758423043864,35.25812530568902],[-85.162223816793187,35.258132935897379],[-85.162635804292506,35.258232117147202],[-85.162971497000342,35.258407593188622],[-85.163284302208183,35.258628846313229],[-85.163764954290798,35.258850098396238],[-85.164428711581422,35.258781433812999],[-85.165008545955516,35.258670807771523],[-85.165351868871653,35.258548736938394],[-85.16564941470449,35.258460999438512],[-85.165840150120857,35.258449555688514],[-85.165916443870742,35.258605957771636],[-85.165870666787498,35.258865357771242],[-85.165763855329317,35.259250642145616],[-85.165702820954436,35.259647370269988],[-85.165710450121082,35.260078430686008],[-85.165588379287954,35.260463715060382],[-85.165321351163357,35.260734558809986],[-85.164970399080573,35.261177064017659],[-85.164741516789263,35.261604309850327],[-85.164581299081192,35.262031555682995],[-85.164497376164661,35.262462617140613],[-85.164329529289887,35.26306152443135],[-85.164283753248299,35.263366700472545],[-85.164314270956595,35.263751984846976],[-85.164421082414776,35.264091492138107],[-85.164634705331082,35.264373779637651],[-85.164802554289167,35.264514924429136],[-85.165481567829772,35.265048981719985],[-85.165992737620627,35.265422822344362],[-85.166419983453295,35.265674592135667],[-85.166717530327844,35.265850068177031],[-85.166793824077729,35.265998841093506],[-85.16672515949449,35.266170502551574],[-85.166305542828468,35.266471864009418],[-85.16600036678733,35.266742706717309],[-85.165397644913241,35.267135621300042],[-85.164489746997958,35.267486573382826],[-85.163879394915568,35.267875672340551],[-85.163200379291652,35.268264771298277],[-85.162742615750687,35.268566132756177],[-85.162368775126254,35.268836974422413],[-85.16196441679358,35.26927566608839],[-85.161750793877218,35.26953125046299],[-85.161491394919324,35.270065308795495],[-85.161453248044381,35.270404816086625],[-85.161399841794434,35.270923615044182],[-85.161430359502731,35.271263123376968],[-85.161598206377448,35.271450043168329],[-85.161773682418868,35.271545410876513],[-85.162155152209948,35.271629334834756],[-85.16239929283455,35.271720886917933],[-85.162940979292046,35.27188873379265],[-85.163185119916648,35.271968842125887],[-85.163406373041312,35.272022248375777],[-85.163589478249378,35.272026062959128],[-85.163749695957449,35.271953583792595],[-85.163825989707334,35.271839143167767],[-85.163909912623865,35.271686554626342],[-85.16406250116529,35.271465302543334],[-85.164344788664891,35.271358491085152],[-85.164726258455971,35.271400452543446],[-85.16490936366398,35.271411896293387],[-85.165252686580118,35.271469117126685],[-85.165588379287954,35.271549225459864],[-85.165893555329149,35.271617890043103],[-85.166213989703635,35.271724701501284],[-85.166564941786419,35.271854401501059],[-85.166984558452441,35.271976471292533],[-85.167304993868584,35.272094727542367],[-85.167610168868123,35.272151948375608],[-85.168098450117384,35.272182465042192],[-85.168395996991933,35.272220611917135],[-85.168670655324831,35.272296906708732],[-85.16894531365773,35.272338868166969],[-85.169151306365734,35.272354126500261],[-85.169509888656876,35.272323608792021],[-85.169784546989774,35.272254944208782],[-85.170043945947668,35.272155762958903],[-85.170532227196929,35.271957398375889],[-85.17084503240477,35.271873475459358],[-85.171089173029429,35.271854401501059],[-85.171348571987323,35.271858216084411],[-85.171546936570337,35.271873475459358],[-85.171691894903461,35.271900177542648],[-85.17181396573659,35.27193832441759],[-85.172256470944262,35.272228242125493],[-85.172851563651648,35.272644044208164],[-85.173179627192837,35.272918700457751],[-85.17365265010875,35.273273469207197],[-85.174362183440962,35.273677826498215],[-85.174690246982152,35.273895265039585],[-85.175231934481303,35.274181367122424],[-85.175407410522723,35.274257660872308],[-85.175941467813516,35.274471283788671],[-85.176643371979139,35.274887085871342],[-85.177146912603348,35.27516174420424],[-85.178169251143402,35.275691986911795],[-85.1784439094763,35.275833130661567],[-85.17861938551772,35.2759246837864],[-85.17884826780903,35.276046753577873],[-85.179023743850394,35.276149750452703],[-85.179199219891814,35.276222229619293],[-85.179389954266526,35.276294708785827],[-85.179534912599649,35.276313782744126],[-85.179725648016017,35.276317597327477],[-85.179916382390729,35.276248932744238],[-85.180091858432093,35.276153565036054],[-85.180274963640159,35.276012421286282],[-85.180496216764823,35.275775909828326],[-85.180694580306181,35.275657654620147],[-85.180854798014252,35.275600433786906],[-85.181015015722323,35.27561569316191],[-85.181304932388571,35.275741577536678],[-85.181694031346296,35.275962830661342],[-85.182014465720783,35.276195525452636],[-85.182456970928399,35.276500702535543],[-85.182571411553226,35.276588441077024],[-85.182731629261355,35.276660920243614],[-85.182914734469364,35.276733399410148],[-85.183082581344138,35.276672363993555],[-85.183227539677205,35.276550294202082],[-85.18332672196874,35.276473999410541],[-85.183540344885103,35.276302338994128],[-85.184234619884023,35.27582168691157],[-85.184654236549989,35.275634766078554],[-85.184928894882944,35.275505067120378],[-85.1851654063409,35.275413513995545],[-85.185333252173962,35.275241852537476],[-85.185478211548741,35.275089265037707],[-85.185600281340214,35.27493286191293],[-85.185653687590104,35.274612427538443],[-85.185707092798395,35.274150849414184],[-85.185829163631524,35.273849487956284],[-85.186271667797484,35.273143769207365],[-85.1867523198801,35.272518158791684],[-85.186950684463113,35.27204132129242],[-85.186996460504702,35.271831512959409],[-85.187210083421064,35.27159881712646],[-85.187454224045666,35.271480560876626],[-85.18780517612845,35.271446228585035],[-85.188156128211233,35.27147293170998],[-85.188789368835273,35.271530152543221],[-85.188926698001694,35.271713257751287],[-85.188995361543277,35.271896362959353],[-85.189201355292937,35.272052766084073],[-85.189498902167486,35.272075653584068],[-85.18987274279192,35.271774293167823],[-85.190177917791459,35.271385194210097],[-85.190414429249415,35.270809174419355],[-85.190498353207602,35.27040100150333],[-85.1904907229993,35.269924165045722],[-85.190551758415836,35.269546509837994],[-85.190635682374079,35.269245148380094],[-85.190849305290385,35.268989564005494],[-85.191246033414757,35.268417358798047],[-85.191612244872545,35.267963409840434],[-85.191917419872084,35.267467499424527],[-85.192146302163394,35.2673339848414],[-85.192520142787828,35.267292023383163],[-85.192848206328961,35.267269134841513],[-85.193405152161404,35.267322541091403],[-85.19396972716055,35.267116547341743],[-85.194252014660094,35.266834259842199],[-85.194610596951236,35.266654969217484],[-85.19486999590913,35.266693116092426],[-85.195083618825493,35.266784669217259],[-85.195396424033333,35.26697158900862],[-85.1955795292414,35.267036439008564],[-85.195785522991059,35.267040253591858],[-85.196029663615718,35.266784669217259],[-85.196189881323789,35.266452790051119],[-85.196304321948617,35.266044617135094],[-85.196357728198507,35.265571595260838],[-85.196449280281684,35.265361786927826],[-85.196609497989812,35.264968873386749],[-85.196693420906342,35.264663697345554],[-85.196754456322878,35.264362335887711],[-85.196929932364299,35.264091492138107],[-85.197227479238848,35.26392746088834],[-85.197509766738392,35.26382446401351],[-85.197898865696118,35.263862610888452],[-85.198356629237082,35.263870240055098],[-85.198928833402874,35.263893128596749],[-85.199653626110091,35.263935090055043],[-85.200187683400884,35.263973236929985],[-85.200447083400491,35.264053345263164],[-85.200813293816623,35.264179230679645],[-85.201110840691115,35.264305116096125],[-85.201438904232305,35.264369965054357],[-85.202003479231394,35.264259339012824],[-85.202728271938611,35.264179230679645],[-85.20358276464566,35.264099122346408],[-85.204246521936284,35.264080048388109],[-85.205177308393161,35.26399994005493],[-85.205810547975489,35.263706207763732],[-85.206306458391396,35.263290405681005],[-85.206687928182475,35.262836456723392],[-85.207000733390316,35.262020111932998],[-85.207237244848272,35.261432648392258],[-85.207542419847812,35.260860444226466],[-85.208091736513609,35.260337830685614],[-85.208618164637812,35.25992965776959],[-85.209106445887073,35.25965118485334],[-85.209892274010826,35.259357453603798],[-85.210258484426959,35.259250642145616],[-85.210525513593211,35.258995056729361],[-85.211174011508831,35.258426667146921],[-85.21170044067469,35.257495880689987],[-85.211944581299349,35.256725311941238],[-85.212226868798894,35.256362916108458],[-85.213729859421562,35.255634308817889],[-85.214477539628717,35.255401611943284],[-85.214706421920027,35.25527572756846],[-85.215362550044006,35.254875183819081],[-85.215759278168377,35.254444123403061],[-85.216072083376275,35.253734589029193],[-85.2161788948344,35.25305557340522],[-85.216339112542528,35.252632142155903],[-85.216712952125249,35.2521057140317],[-85.216865540666674,35.251987457781922],[-85.21702575733309,35.251888274448731],[-85.217247010457754,35.251808167157151],[-85.217605591707184,35.251743317157263],[-85.218040466706555,35.25169372653238],[-85.218742370872121,35.251636505699082],[-85.219009400038374,35.251583100490848],[-85.219223022954679,35.25149536194931],[-85.219421387537693,35.25134277444954],[-85.219551087537525,35.251522065074312],[-85.219635010454056,35.251651765074087],[-85.219741821912237,35.251735687990617],[-85.219970704203547,35.251857758823746],[-85.220397950036215,35.252067567156757],[-85.22070312607741,35.252243043198177],[-85.221183777118313,35.252525330697722],[-85.221603394825991,35.252769471322324],[-85.22196197607542,35.25300216715533],[-85.222259521908313,35.253189087988346],[-85.22280883857411,35.253318786946522],[-85.223358155239964,35.253402710904709],[-85.223693847947743,35.253440857779651],[-85.22412872398877,35.253566743196131],[-85.224700928154505,35.253772735904136],[-85.224998475029054,35.253837585904023],[-85.225570679194846,35.253875732778965],[-85.226013184402461,35.253776551529143],[-85.22631073127701,35.253719330695901],[-85.226676941693142,35.253696442154251],[-85.227005005234275,35.253700256737545],[-85.227752686483143,35.2537384046542],[-85.228767395856551,35.25390243590391],[-85.229202270855865,35.253940582778853],[-85.229637146896835,35.254035950487037],[-85.230010987521268,35.254222870278454],[-85.230514527103821,35.254528046319649],[-85.231086731269613,35.254981995277262],[-85.231658936477061,35.255317689026754],[-85.232292176059389,35.255748749442716],[-85.232994080224955,35.256027222358966],[-85.23368072605723,35.256214142150327],[-85.234222412514725,35.25643158069164],[-85.23508453438842,35.256950379649197],[-85.23544311563785,35.257312775481978],[-85.236297608344842,35.258193970272259],[-85.23695373646882,35.25878524839635],[-85.237434387509779,35.259254456728968],[-85.237808228134156,35.259677887978285],[-85.238227844800178,35.260337830685614],[-85.238578796882962,35.261150360892657],[-85.23876953229933,35.261665345266863],[-85.239044190632285,35.262626648390381],[-85.239242554173643,35.263629914013848],[-85.239265442715237,35.264213562971236],[-85.23941040104836,35.26510238692822],[-85.239875793755971,35.265499116094247],[-85.240341187505237,35.265773774427146],[-85.240829468754498,35.266170502551574],[-85.241363526045347,35.266670227550776],[-85.242050171877565,35.267219544216573],[-85.242652893751654,35.267871857757257],[-85.243148804167561,35.268718720255947],[-85.243255615625742,35.26970672650441],[-85.242973328126141,35.27078247129441],[-85.242698669793242,35.27159881712646],[-85.242584229168415,35.271957398375889],[-85.24230194166887,35.272239685875491],[-85.241889954169494,35.272586823374922],[-85.241447450003534,35.272941590041057],[-85.241058350004153,35.273258209832193],[-85.240570068754892,35.273532868165148],[-85.240356445838529,35.273578644206736],[-85.240188598963812,35.273666382748274],[-85.240051270839047,35.273803711914695],[-85.240028382297396,35.273944855664467],[-85.240005495839114,35.274188996289126],[-85.240036011464042,35.274486542121963],[-85.240119934380573,35.274734498371572],[-85.240280152088701,35.275032044204465],[-85.240631104171484,35.275608063995207],[-85.240776062504551,35.2759246837864],[-85.240707397921369,35.276168824411002],[-85.240577698963193,35.276287079619181],[-85.240310669796941,35.27639007649401],[-85.240051270839047,35.276473999410541],[-85.239730835422847,35.276538849410429],[-85.239509583339895,35.276641846285315],[-85.239189148965352,35.276794434826741],[-85.238990784382338,35.276981354618101],[-85.238967895840688,35.277194977534464],[-85.23902893125728,35.277404785867418],[-85.239257813548591,35.277618408783781],[-85.239723206256201,35.278343201490998],[-85.239799500006086,35.27865982128219],[-85.239814759381034,35.278976441073326],[-85.239807130214388,35.279182434823042],[-85.239784241672794,35.279338837947762],[-85.239685059381259,35.279544831697478],[-85.239509583339895,35.279804230655373],[-85.239295960423533,35.280025482738381],[-85.239013672923988,35.280265808779689],[-85.238899231257506,35.280418397321114],[-85.238708496882793,35.280590057737527],[-85.238578796882962,35.280815125445486],[-85.238548279174722,35.280986786903554],[-85.238571167716316,35.281211853569857],[-85.238647461466201,35.281425475444564],[-85.238815308340975,35.281787873360656],[-85.238952637507396,35.282032013985258],[-85.239158631257055,35.282257080651561],[-85.23941040104836,35.28250122127622],[-85.239631653131369,35.28273010356753],[-85.239860535422679,35.283042908775371],[-85.24008178750563,35.283561707732872],[-85.240264893755352,35.284210205648549],[-85.240318298963587,35.284606934814576],[-85.240310669796941,35.285053253563888],[-85.240341187505237,35.285537720229797],[-85.240333558338591,35.285728455646165],[-85.240356445838529,35.285919190020877],[-85.240394592713471,35.286056519187355],[-85.240516663546657,35.286247254603722],[-85.24078369271291,35.286560059811563],[-85.241188050003927,35.286937713977636],[-85.241371155211993,35.287094117102413],[-85.241676331253188,35.287269593143776],[-85.241943360419441,35.287410736893605],[-85.242317200002162,35.287605286893267],[-85.242546082293472,35.287761688976389],[-85.242790222918131,35.287986756684347],[-85.243057252084384,35.28821182335065],[-85.243324280208924,35.28838729939207],[-85.244018555207845,35.288753510849801],[-85.244392395832278,35.288967133766164],[-85.244621278123589,35.289054871266046],[-85.244911194789836,35.289093018140989],[-85.245162964581084,35.2890472420994],[-85.245437622913983,35.288963319182812],[-85.245986939579836,35.288776398349796],[-85.246421814579151,35.288681030641612],[-85.247131348953019,35.288562775433434],[-85.247558594785687,35.288654328558323],[-85.247886658326877,35.288810730641387],[-85.248115540618187,35.288932801474573],[-85.248359681242789,35.288986206682807],[-85.248527528117563,35.289005280641106],[-85.248771668742165,35.288993835849453],[-85.248939514575227,35.288944245224513],[-85.249099732283298,35.288761140016504],[-85.249176026033183,35.288482667100254],[-85.249153139574901,35.288208008767356],[-85.248977660408514,35.287647248351561],[-85.248695373950625,35.287273407727128],[-85.24829101665955,35.28682708793616],[-85.24790954686847,35.28641510147844],[-85.247726441660461,35.286174775437189],[-85.247688294785519,35.285942078562528],[-85.247734070827107,35.285709381687866],[-85.247825622910284,35.285591126479744],[-85.247985840618355,35.285507202521558],[-85.248405457284377,35.285461426479912],[-85.248634339575688,35.285430908771673],[-85.249023438533413,35.285438538979975],[-85.249313355199661,35.285442353563326],[-85.249580384365913,35.285465241063264],[-85.249893189573754,35.285484315021563],[-85.25048828228114,35.28547287022991],[-85.250793458322335,35.285442353563326],[-85.251144410405118,35.285331725438482],[-85.251396180196423,35.28521728585531],[-85.251640320821025,35.285053253563888],[-85.251831055195737,35.284923554605768],[-85.251998902070511,35.284805298355934],[-85.252243042695113,35.284690857731164],[-85.252372742694888,35.284645081689519],[-85.252555847902954,35.284595490022923],[-85.252883910402431,35.284549713981335],[-85.253204346860286,35.284530640023036],[-85.253601074984658,35.284542084814689],[-85.254005433317388,35.28464889627287],[-85.254249573941991,35.284736633772752],[-85.254615784358066,35.284893036897472],[-85.255081177065676,35.285140992105426],[-85.255302432273709,35.285259247313604],[-85.255645753106478,35.285499573354855],[-85.255882263522778,35.285770417104459],[-85.256179810397327,35.286056519187355],[-85.256698609354828,35.286396027520141],[-85.257263184353974,35.286781311894572],[-85.257545471853518,35.286918641060993],[-85.257888794769656,35.28705597022747],[-85.258392334352209,35.287231446268834],[-85.258796692684939,35.287353516060364],[-85.259178162476019,35.287406922310254],[-85.259582520808692,35.287467957726847],[-85.260124207266188,35.287708283768097],[-85.261001587473174,35.28810882647582],[-85.261436463514144,35.288330078558829],[-85.261634827055502,35.288463593141955],[-85.261917115596759,35.288631440016673],[-85.262077332263175,35.288703919183263],[-85.262252808304595,35.288852692099681],[-85.262474060387547,35.289035798349403],[-85.262626648928972,35.289257050432354],[-85.262786865595388,35.289489747307016],[-85.262878418720277,35.289672852515082],[-85.262954712470162,35.289852143139797],[-85.26305389476164,35.290054322306162],[-85.263153077053175,35.290187836889288],[-85.263313294761247,35.290340424389058],[-85.263488770802667,35.290439606680536],[-85.263679505177379,35.290515900430421],[-85.26390075726033,35.290569306680368],[-85.264030457260162,35.290573121263662],[-85.264350890592993,35.290546418138717],[-85.2648925791338,35.290519715013772],[-85.265487671841186,35.290531159805425],[-85.265884399965614,35.290565492097016],[-85.266128540590216,35.290538788972071],[-85.266685486422659,35.290416718138943],[-85.267028809338797,35.290370942097297],[-85.267608643712947,35.29032898063906],[-85.268348694753456,35.290290833764118],[-85.268730164544536,35.290199280639229],[-85.269149781210501,35.290004730639566],[-85.269592286418174,35.289749146264967],[-85.270401002041922,35.289176942099175],[-85.271781921831462,35.28846740772525],[-85.27226257391402,35.288276673350595],[-85.272758484329927,35.288238526475652],[-85.273292542662432,35.288291931683887],[-85.273468018703852,35.288375855642073],[-85.274238587452601,35.288627625433378],[-85.274612428077035,35.288711548349909],[-85.274795533285101,35.28876876918315],[-85.277008057239982,35.289722443139965],[-85.277534485364185,35.28992462230633],[-85.278541565570947,35.28992462230633],[-85.278991699945266,35.289764405639914],[-85.279319765569767,35.289680481681728],[-85.279640198902598,35.289600373348492],[-85.280044556193616,35.289722443139965],[-85.280479432234586,35.290004730639566],[-85.280563355151173,35.29004287959782],[-85.281127930150262,35.29025650147247],[-85.28134155410828,35.290340424389058],[-85.281623841607825,35.290382385847295],[-85.282264710356856,35.290363312930651],[-85.283103943688843,35.290290833764118],[-85.283630371813047,35.290313721264056],[-85.284133912437255,35.290435792097242],[-85.284355164520264,35.290515900430421],[-85.284553529103277,35.290645600430253],[-85.284873963477764,35.290885926471503],[-85.284996033269238,35.291080475429567],[-85.285163880144012,35.291336060845822],[-85.285278320768839,35.29155731292883],[-85.285423280143618,35.291954041053202],[-85.285568238476685,35.292354584802581],[-85.285751343684751,35.292812348343546],[-85.286186218684065,35.293407441050931],[-85.286277771808955,35.293521881675758],[-85.286750794724867,35.294223785841325],[-85.287239075974128,35.294597626465759],[-85.288047791597876,35.294857026465365],[-85.289215088471053,35.29501342854843],[-85.289657593678669,35.295158386881553],[-85.289901734303328,35.295364380631213],[-85.290031434303103,35.295642853547463],[-85.290023804094801,35.296051026463488],[-85.289726258261908,35.296981812920365],[-85.289428711387359,35.298210145210135],[-85.289398194720775,35.298336029584959],[-85.289184570762757,35.299007417083885],[-85.288902283263212,35.299976349374049],[-85.288734436388438,35.300781250414502],[-85.288703919721854,35.301338196246945],[-85.288673402013558,35.301788330621264],[-85.288703919721854,35.302192688953994],[-85.288764954096735,35.302627563953308],[-85.288848878054978,35.30325317436899],[-85.288993836388045,35.303905487909617],[-85.289024354096341,35.304183960825867],[-85.289070130137929,35.304676056658423],[-85.28908539055459,35.305046082699562],[-85.289176941596111,35.305446625407228],[-85.289276123887646,35.305908203531544],[-85.289398194720775,35.306488037905638],[-85.289505006178956,35.306892396238368],[-85.289604187428779,35.307521821237344],[-85.289634705137075,35.307907105611775],[-85.289550782220545,35.308307648319499],[-85.289314270762588,35.308879853526946],[-85.289207459304407,35.309234620193024],[-85.289184570762757,35.309463501442679],[-85.289360046804177,35.30954361081757],[-85.289619446803727,35.30957031290086],[-85.289878845761677,35.309589386859159],[-85.290328980135996,35.309627533734101],[-85.29052734471901,35.309642793109049],[-85.290847779093497,35.309665680609044],[-85.291030884301563,35.309711457692288],[-85.291175843676342,35.30982208373382],[-85.291252137426227,35.309944153525294],[-85.291305542634461,35.310081482691714],[-85.2913742072177,35.31028366185808],[-85.291458131175887,35.310680389982451],[-85.291557312425766,35.311061859773531],[-85.291648865550599,35.311344147273076],[-85.292373658257816,35.312961579562227],[-85.292549134299236,35.313365936853302],[-85.293685912422461,35.314178468102057],[-85.294776917629065,35.314258576435236],[-85.29651641970969,35.313652039977853],[-85.297790528041048,35.312934876437282],[-85.299438476996841,35.312477112896318],[-85.300285340537187,35.312477112896318],[-85.301071167619341,35.312637329562733],[-85.30186462490974,35.312881470187392],[-85.303077698866218,35.313529969144724],[-85.303482056157236,35.31397247435234],[-85.304115296781276,35.315536500391602],[-85.304611207197127,35.316280366015462],[-85.305198670737923,35.317230225388982],[-85.305503845737405,35.317821503513017],[-85.305770874903658,35.318161011845859],[-85.305969239486728,35.318309784762278],[-85.30641937386099,35.318534852470293],[-85.306602479069056,35.318622589970118],[-85.306861878027007,35.318756104553245],[-85.307250976984733,35.318790436844893],[-85.307815553025534,35.318790436844893],[-85.308303834274739,35.318710329553312],[-85.308746338440756,35.318305970178983],[-85.30892944469042,35.31806945872097],[-85.3090286259403,35.318023682679382],[-85.309394837398088,35.317981721221145],[-85.309669495730986,35.317901611846253],[-85.310325623854965,35.317859650387959],[-85.310729981145982,35.317619324346708],[-85.311256409270186,35.31689071705614],[-85.3114547738532,35.316722871223078],[-85.311515809269792,35.31670761184813],[-85.311943055102461,35.316806794139609],[-85.312225342602005,35.317092896222505],[-85.312393189476722,35.317619324346708],[-85.312515259268196,35.318267823304041],[-85.312713623851266,35.318790436844893],[-85.312965393642514,35.318973542052902],[-85.312995911350811,35.319034577469495],[-85.313446045725129,35.31940078788557],[-85.314010620724218,35.320613861842048],[-85.315124512389161,35.322628022255572],[-85.31524658322229,35.322731019130401],[-85.31624603322075,35.323669434753981],[-85.317016601969556,35.324516297252671],[-85.317420960302286,35.324859620168809],[-85.318183899884446,35.325473786834493],[-85.318550110300521,35.325828553500628],[-85.318786621758477,35.326171876416765],[-85.319206238424499,35.327091218081989],[-85.319465638424106,35.327739715997666],[-85.319633485298823,35.328186035788633],[-85.319854737381831,35.328403474329946],[-85.32007598946484,35.328575134746359],[-85.320671082172225,35.328933717037444],[-85.32133483946285,35.329463959744999],[-85.322013856128478,35.33001709099409],[-85.32261657800251,35.330642701409829],[-85.322875976960461,35.33110809411744],[-85.323165894668364,35.331935883699487],[-85.323410035292966,35.332489014948635],[-85.323730469667453,35.333183289947556],[-85.324119568625179,35.333957671196345],[-85.32445526237467,35.334609984736971],[-85.32501220820717,35.335700987860264],[-85.325347900914949,35.336273192026056],[-85.325668336331148,35.33683395244185],[-85.32608795299717,35.337577819107366],[-85.326927186329158,35.338909148271966],[-85.327606201953131,35.339832304520542],[-85.32819366549387,35.340793608685715],[-85.32828521861876,35.341007231602077],[-85.328567506118304,35.341575621184518],[-85.328735352993021,35.341880797225713],[-85.329307557158813,35.342609404516224],[-85.329635620700003,35.343132018057076],[-85.33039093111546,35.343925475347532],[-85.330612183198468,35.344249724305371],[-85.331069946739433,35.344703673262984],[-85.331359864447279,35.344974517012588],[-85.331542969655345,35.345214843053839],[-85.331695557155115,35.345439909720199],[-85.331832886321592,35.345813750344576],[-85.331993104029664,35.346363067010429],[-85.332221985279318,35.34713745034253],[-85.332336426945801,35.347702025341675],[-85.332389832154036,35.348030089924464],[-85.332450867570628,35.348251342007472],[-85.332191468612677,35.348426818048893],[-85.331665040488474,35.348705290965086],[-85.331520081113695,35.348754881590025],[-85.331253052989155,35.3488845815898],[-85.330871583198075,35.348979949298041],[-85.330253601949039,35.34916305450605],[-85.329818726949668,35.349353788880762],[-85.3296279915333,35.349506377422188],[-85.329421997783641,35.3496971117969],[-85.329177857159038,35.349876402421614],[-85.32893371653438,35.350067137837982],[-85.328620911326539,35.350292206587653],[-85.328269959243755,35.350418089920765],[-85.327919007160972,35.350555419087243],[-85.327537537369892,35.350627898253776],[-85.327033997787339,35.35085296492008],[-85.326553345704781,35.351150511794629],[-85.326148987372051,35.351459502419175],[-85.325996399872281,35.351577759710665],[-85.325790406122621,35.351737975335425],[-85.325592041539608,35.351886748251843],[-85.325401307164896,35.351940154501733],[-85.325164795706939,35.352020262834969],[-85.324867249874046,35.35205459512656],[-85.324531556124555,35.352119445126448],[-85.324363709249837,35.352199553459684],[-85.324028017583657,35.352416990959341],[-85.323699951959213,35.352737425333828],[-85.323577882167683,35.352836607625363],[-85.323356629043076,35.35297012220849],[-85.32308197071012,35.35309600762497],[-85.322753907168988,35.353191375333154],[-85.322372437377908,35.3531990044998],[-85.321716309253929,35.353145598249853],[-85.321014405088363,35.353000639916786],[-85.320152283214668,35.352790831583775],[-85.319473267590752,35.352527617000817],[-85.319007874883141,35.352298735751219],[-85.318572998842171,35.352176664918034],[-85.318054199884614,35.352039335751613],[-85.317268372802516,35.351779936793662],[-85.317016601969556,35.351642607627241],[-85.316810609261552,35.351451873252529],[-85.31656646863695,35.351196287836217],[-85.316345215512285,35.350971221169914],[-85.315910340512971,35.350399015962466],[-85.315391541555414,35.349620818047015],[-85.314819336347966,35.34906005763122],[-85.314437867598542,35.34877014096503],[-85.313865662391095,35.34841918888219],[-85.31358337489155,35.348289488882415],[-85.312744141559506,35.347866057633098],[-85.311805725935983,35.347408294092133],[-85.31086731031246,35.34698486284276],[-85.31069183427104,35.346912382634571],[-85.31047058010472,35.346843718051332],[-85.310226441563429,35.346862794092942],[-85.309974671772181,35.346958159717815],[-85.30961608948104,35.347145079509176],[-85.309120179065133,35.347476958675372],[-85.308639526982574,35.347774504508209],[-85.307846070733774,35.348384856590599],[-85.307075500943313,35.348911284714802],[-85.30690002490195,35.349159239922756],[-85.306816101985419,35.349380492005707],[-85.306732179068831,35.349689482630254],[-85.306526185319171,35.350120543046216],[-85.306259156152919,35.350570677420535],[-85.3058090217786,35.351058958669796],[-85.305267335321105,35.351451873252529],[-85.304786683238547,35.351818083668604],[-85.304405213447467,35.352249144084624],[-85.304321288447625,35.352344511792808],[-85.304138184281214,35.352550505542467],[-85.304000855114793,35.352863310750308],[-85.304000855114793,35.353057860750027],[-85.304077148864621,35.353363035749567],[-85.30429077282264,35.353794097207185],[-85.304351807197577,35.354175566998265],[-85.304367066572524,35.354331969081386],[-85.304359437405878,35.354621886789232],[-85.304298401989286,35.354850768038887],[-85.304153443656219,35.355144500330084],[-85.304077148864621,35.355461120121277],[-85.304092408239626,35.355735777412519],[-85.304122925947922,35.356029509703717],[-85.304122925947922,35.356357573244907],[-85.30414581344786,35.356922148243996],[-85.304176331156157,35.357326506576726],[-85.304252624906042,35.357589721159627],[-85.304359437405878,35.357883452409169],[-85.304489136363998,35.35824584824195],[-85.30470275928036,35.358661650324677],[-85.304946899904962,35.358970640949167],[-85.305122375946382,35.359104155532293],[-85.305419922820874,35.359291075323654],[-85.305740357195418,35.359443663865079],[-85.305999757194968,35.359542846156614],[-85.306259154069608,35.359630583656497],[-85.30651855511087,35.359699248239735],[-85.308242798858203,35.360137938864],[-85.308509828024455,35.360206603447239],[-85.308868409273884,35.360324858655417],[-85.309104920731841,35.360393523238656],[-85.309425355106328,35.36046600240519],[-85.309913636355589,35.360469816988484],[-85.310119630105248,35.360439299280245],[-85.310523987396323,35.360462187821838],[-85.310928345728996,35.360534666988428],[-85.311164857186952,35.360725402404796],[-85.311210633228598,35.360935210737807],[-85.311203004061895,35.361133574279165],[-85.311111450937062,35.36143875032036],[-85.310943604062345,35.361904143027971],[-85.310852051979111,35.362209319069166],[-85.31084442177081,35.362445830527122],[-85.310897825937388,35.362636564901834],[-85.311027528020531,35.362911223234732],[-85.311347962395018,35.363258360734164],[-85.311630249894563,35.36358642531701],[-85.312042237393939,35.36386489823326],[-85.312347413435134,35.364048003441269],[-85.312782288434448,35.364147185732804],[-85.312988282184165,35.364151000316156],[-85.313438416558427,35.36420440552439],[-85.314254761348877,35.364215850316043],[-85.315689087388307,35.364326476357519],[-85.316307068637343,35.364368437815813],[-85.317016601969556,35.364429473232349],[-85.317626954051946,35.364505766982234],[-85.317871094676548,35.36459350344046],[-85.318069459259618,35.36471176073195],[-85.318252564467628,35.364929198231607],[-85.318603516550411,35.365806578438537],[-85.318832398841721,35.366344451354394],[-85.319152833216265,35.366901397186837],[-85.319664001965464,35.367679597185656],[-85.320045471756544,35.368434905517802],[-85.320243836339557,35.368892669058766],[-85.320442200922571,35.369319914891435],[-85.320533753005748,35.36962509093263],[-85.320587159255695,35.370059965931944],[-85.320579530089049,35.370483397181317],[-85.320426941547623,35.370971678430521],[-85.32019043008961,35.371475219054787],[-85.319892884256774,35.37197875863734],[-85.319305420716034,35.372810362802682],[-85.318969726966543,35.373260497177],[-85.318771363425185,35.373657225301372],[-85.318641663425353,35.373863219051032],[-85.318550110300521,35.374134062800636],[-85.318435669675694,35.37469482321643],[-85.318351746759163,35.375015257590917],[-85.318176270717743,35.375251769048873],[-85.31791686967648,35.375755309673139],[-85.317741394676773,35.376197813839099],[-85.31739044259399,35.377128600295976],[-85.316879273844791,35.377922057586431],[-85.316276550929047,35.378643034668642],[-85.315902711346268,35.379131315917903],[-85.315620422805068,35.379455565917397],[-85.31540679884705,35.379657744042049],[-85.315132141555807,35.379840850291771],[-85.314689637389847,35.380023955499837],[-85.313903809266037,35.380443572165859],[-85.312950135309222,35.381027221123247],[-85.312408447810071,35.381393431539379],[-85.311325073853425,35.382511137787617],[-85.310623169687801,35.383209227369889],[-85.309944154063885,35.383434295077848],[-85.309768678022465,35.383560179452672],[-85.309341431148141,35.383796690910629],[-85.30885314989888,35.384048460701933],[-85.308570862399336,35.38423538153495],[-85.308334351983035,35.384544372159496],[-85.308212281149906,35.38492965653387],[-85.30820465198326,35.385173797158473],[-85.308258057191495,35.385692595074374],[-85.308288574899791,35.386196135698583],[-85.308258057191495,35.386543273198015],[-85.308151247816681,35.387325285696818],[-85.307922364483659,35.387809752362728],[-85.307441712401101,35.388526915903299],[-85.307052613443375,35.388992308610909],[-85.306549072819166,35.389385222151986],[-85.306228638444622,35.389659880484885],[-85.305641174903883,35.390052795067618],[-85.305122375946382,35.390396116942043],[-85.304695130113714,35.390598296108408],[-85.304092408239626,35.390712736733235],[-85.303184510324343,35.390911101316249],[-85.302665711366842,35.391059874232724],[-85.302253723867466,35.39114379819091],[-85.301803589493204,35.391262053399032],[-85.301460266577067,35.391288756524034],[-85.301033020744399,35.391269682565678],[-85.300598145745028,35.391315459648979],[-85.300125122829115,35.391464232565397],[-85.299369812413602,35.391807555481535],[-85.298652649914743,35.392078399231139],[-85.298088074915597,35.392280579439159],[-85.297004700958951,35.392654417980225],[-85.296653748876167,35.392879485688184],[-85.296386719709915,35.393157958604434],[-85.295974732210539,35.393417357562384],[-85.295387268669799,35.393623351312044],[-85.294692993670878,35.393905638811589],[-85.293930054088719,35.394180297144544],[-85.293304444714693,35.3944168086025],[-85.29260253950747,35.394531249227327],[-85.291915894716851,35.394504546102326],[-85.291206360342983,35.394454955477443],[-85.290794373885262,35.394412994019149],[-85.290359495760924,35.394332884644257],[-85.289810181178439,35.394191740894485],[-85.288841248888275,35.394157408602894],[-85.287940980139695,35.394104003394659],[-85.287475586390428,35.39403533881142],[-85.286834717641398,35.393947600269883],[-85.285888672851229,35.394054411728064],[-85.285156250977366,35.394161223186188],[-85.284637452019808,35.394054411728064],[-85.283966065562538,35.39380645652011],[-85.283767700979524,35.393795012770113],[-85.283294679105211,35.393741606520223],[-85.282905579105829,35.393661498186987],[-85.282516480148104,35.393447875270681],[-85.282272339523502,35.393180846104428],[-85.281883240565776,35.392871855479882],[-85.281539917649638,35.392658232563576],[-85.281013489525435,35.392387388813972],[-85.280540467651178,35.392135619022667],[-85.280174256193391,35.391979216939603],[-85.279533387444417,35.391857146106474],[-85.278839112445496,35.391788481523236],[-85.278327942654641,35.391838073189831],[-85.277572632239128,35.391986846106249],[-85.27719879265635,35.392040252356196],[-85.276603699948964,35.392181396105968],[-85.276191712449588,35.392265319022499],[-85.275985718699928,35.392261504439148],[-85.275505066617313,35.392169951314315],[-85.275222779117769,35.392124175272727],[-85.274765015576804,35.392097472147725],[-85.274383545785724,35.39211273152273],[-85.274055482244592,35.392108915897722],[-85.273597717661971,35.392101286731076],[-85.273216248912547,35.392032622147838],[-85.272987366621237,35.3920097346479],[-85.272628785371808,35.392024992981192],[-85.272476196830382,35.392150878397672],[-85.272369385372201,35.392379759647326],[-85.272254944747374,35.392749785688409],[-85.272148133289193,35.393043516937951],[-85.272064209331006,35.393375396104091],[-85.271980286414475,35.393749236728524],[-85.272003174956126,35.39413833568625],[-85.272048950997714,35.394515989852323],[-85.272041321831011,35.394840239851817],[-85.272033692664365,35.395198821101246],[-85.271980284331107,35.395561216934027],[-85.271873474956294,35.395996092975054],[-85.271705628081577,35.396339415891191],[-85.271324158290497,35.396865844015338],[-85.2710571301659,35.397243499223123],[-85.270790100999648,35.397697448180736],[-85.270690918708112,35.398021697138574],[-85.270729065583055,35.398326873179769],[-85.270843506207882,35.398517607554481],[-85.271095277040843,35.398769377345729],[-85.271347046832091,35.398887633595564],[-85.271575928081745,35.3989486690121],[-85.271980286414475,35.399024962761985],[-85.271804810373055,35.399063109636927],[-85.271598816623396,35.399143217970163],[-85.271392822873736,35.399223326303343],[-85.271217346832316,35.399299621094883],[-85.270988465582661,35.39936065546982],[-85.270782471833002,35.399356840886469],[-85.270660400999873,35.399356840886469],[-85.270393372875276,35.399303435678235],[-85.269943238500957,35.399234771094996],[-85.269561768709877,35.399169921095108],[-85.269088745793965,35.398994445053688],[-85.268745422877828,35.398784636720734],[-85.268409730169992,35.398628233595957],[-85.267929078087434,35.398559569012718],[-85.267303467671752,35.398590086721015],[-85.266624451006123,35.398620604429311],[-85.266143799965221,35.398593901304309],[-85.265693665590902,35.398483275262834],[-85.265472411424582,35.398399352346303],[-85.26509857288346,35.398189544013292],[-85.264648438509198,35.3978538502638],[-85.26428222705141,35.397396086722836],[-85.264137268718287,35.397163389848231],[-85.263969421843569,35.396968840890167],[-85.2638168343438,35.396842955473744],[-85.263618469760786,35.396743773182209],[-85.263122559344879,35.396652221099032],[-85.26276397809545,35.396629332557382],[-85.262367248929365,35.396602629432437],[-85.26197814997164,35.396575927349147],[-85.261421204139197,35.396663664848973],[-85.260650635390391,35.396720885682271],[-85.26018524268278,35.396602629432437],[-85.259773255183404,35.396102904433178],[-85.259307862475794,35.395580290892326],[-85.258964539559656,35.395408629434257],[-85.258476258310452,35.395195006517952],[-85.257965088519541,35.395046233601533],[-85.257644654145054,35.394981383601589],[-85.257194519770735,35.394851683601814],[-85.25688934372954,35.394809722143521],[-85.256515504146819,35.394783019018575],[-85.255752564564659,35.394710539852042],[-85.254951478107557,35.394645689852155],[-85.254768372899491,35.394695281518693]]]]}},
{"type":"Feature","properties":{"objectid":219,"tnmid":"{A874C01E-F762-4938-8711-60A63BB50FCB}","metasourceid":"{0997CBAF-CD42-4E2D-B78B-22DB097E9973}","sourcedatadesc":null,"sourceoriginator":null,"sourcefeatureid":null,"loaddate":"2013-01-18T07:08:58Z","referencegnis_ids":null,"areaacres":23546.49,"areasqkm":95.29,"states":"TN","huc12":"060200010608","name":"Blue Spring Creek-Chickamauga Lake","hutype":"S","humod":"KA,DM","tohuc":"060200010609","noncontributingareaacres":0.0,"noncontributingareasqkm":0.0,"shape_Length":0.52658547017363111,"shape_Area":0.0094340641072502493},"geometry":{"type":"MultiPolygon","coordinates":[[[[-85.041725159688554,35.256790161941126],[-85.041755676355137,35.256427766108345],[-85.041763306563496,35.256046296317265],[-85.041702269063592,35.255764008817721],[-85.041717529480195,35.255161285901977],[-85.041809082605084,35.254764557777605],[-85.041877747188323,35.254371644236528],[-85.041961670104854,35.254127503611926],[-85.042030334688036,35.253860474445673],[-85.042129516979571,35.253578186946072],[-85.042236328437752,35.253299714029879],[-85.042366028437527,35.253059387988571],[-85.042564393020541,35.2528991702805],[-85.042793274270196,35.252822876530615],[-85.043113708644739,35.25274658278073],[-85.04345703156082,35.252651215072547],[-85.043586731560652,35.252574921322662],[-85.043762207602015,35.252311707781416],[-85.043869019060196,35.252033234865166],[-85.044006348226674,35.251750947365622],[-85.044273377392926,35.251403809866133],[-85.044631958642356,35.251087189033285],[-85.044853210725364,35.250888825491927],[-85.045181273224841,35.25067138799227],[-85.045356751349573,35.250419617159309],[-85.045379638849511,35.250190735909712],[-85.04531860447463,35.249897003618457],[-85.045219422183095,35.249721527577094],[-85.045028686766727,35.249629975493917],[-85.044731140933891,35.249504090077437],[-85.044334411767807,35.24931717028602],[-85.043914795101784,35.249092102578061],[-85.043800354476957,35.249004365078179],[-85.043754578435369,35.24888229424505],[-85.043777465935364,35.248710632786981],[-85.0438385013519,35.248554230703917],[-85.043930054476789,35.248336793204203],[-85.043937683643435,35.248096467162952],[-85.043930054476789,35.247852326538293],[-85.043891907601846,35.247558594247096],[-85.043823243018608,35.247291566122499],[-85.043708801352125,35.247013093206306],[-85.043640136768886,35.246776581748293],[-85.04363250760224,35.246646881748518],[-85.04365539614389,35.246425629665509],[-85.043685913852187,35.246234894249142],[-85.043754578435369,35.245956421332949],[-85.043952941976727,35.245666504666701],[-85.044197082601386,35.2454032900838],[-85.044349671142811,35.245162965084148],[-85.04453277635082,35.244766235918121],[-85.04468536385059,35.244586945293406],[-85.044990539891785,35.244407654668692],[-85.045303345099626,35.244110107794143],[-85.045578003432581,35.243885041127783],[-85.045913697182016,35.243534089044999],[-85.046302796139742,35.243190766128862],[-85.046478272181162,35.243030548420791],[-85.046646119055879,35.242813110921134],[-85.046783448222357,35.242622376546421],[-85.046920777388777,35.242511750504946],[-85.047111511763489,35.242492676546647],[-85.0473403940548,35.242519379671592],[-85.047660828429343,35.242572784879826],[-85.048049927387069,35.242679596338007],[-85.048522949261326,35.242710114046304],[-85.048759460719282,35.242725373421251],[-85.049057007593831,35.24266815258801],[-85.049255371135189,35.242538452588235],[-85.049530029468087,35.242324829671873],[-85.04974365238445,35.242191315088746],[-85.050102234675535,35.241977692172441],[-85.050270081550252,35.241882326547568],[-85.050453186758318,35.241752625506138],[-85.050575256549791,35.241619110923011],[-85.05069732738292,35.241523743214827],[-85.050704956549623,35.24135971196506],[-85.050613403424734,35.241153718215401],[-85.05046844509161,35.240993500507273],[-85.050422669050022,35.240825653632555],[-85.050453186758318,35.240604401549547],[-85.050529480508203,35.240428925508184],[-85.050567627383145,35.240173341133584],[-85.050537109674849,35.239944458842274],[-85.05046844509161,35.239761353634208],[-85.050430298216668,35.239589692176139],[-85.050399780508428,35.239444733843015],[-85.050392151341725,35.239307404676595],[-85.050392151341725,35.239162446343471],[-85.050399780508428,35.239032746343696],[-85.050399780508428,35.238868714052273],[-85.050422669050022,35.23867416509421],[-85.050453186758318,35.238464356761199],[-85.050445557591672,35.238212585928295],[-85.050483704466615,35.237979890095289],[-85.050498962799907,35.23783493072051],[-85.050552369049853,35.237648010929149],[-85.050621033633035,35.237449646346136],[-85.050674438841327,35.237335205721308],[-85.050773621132805,35.237182618221539],[-85.050918579465929,35.237056732805058],[-85.051040650299058,35.236984253638525],[-85.051338196131951,35.236915589055286],[-85.051704407589739,35.23688507134699],[-85.051963806547633,35.236854553638693],[-85.052246094047234,35.236812592180456],[-85.052413940921952,35.236740113013923],[-85.052490234671836,35.236583710930802],[-85.052467347171842,35.236412049472733],[-85.052436829463602,35.236251831764662],[-85.052337649255378,35.235996247390062],[-85.052268982588828,35.235710145307166],[-85.052230835713885,35.235466004682564],[-85.052223206547239,35.235206604682958],[-85.052246094047234,35.23491668801671],[-85.052345276338713,35.234657288017104],[-85.052467347171842,35.234401703642504],[-85.052619934671611,35.234161377601254],[-85.052818299254625,35.233955383851537],[-85.052917480504505,35.23378753697682],[-85.053009033629337,35.233543396352218],[-85.05307006904593,35.233409882810747],[-85.053291321128938,35.233131409894497],[-85.053482056545306,35.23297500676972],[-85.053665161753315,35.232852936978247],[-85.053794861753147,35.232757569270063],[-85.053794861753147,35.232597351561992],[-85.053688050294966,35.232448578645574],[-85.05358886800343,35.232288360937503],[-85.053489685711952,35.232112884896083],[-85.053428650295359,35.231948853646315],[-85.053390503420417,35.231739045313304],[-85.053352356545474,35.2315063484387],[-85.053298950295584,35.231357575522225],[-85.053260803420642,35.231063843231027],[-85.053215027379053,35.230838776564724],[-85.053176880504111,35.23064041198171],[-85.053184509670757,35.230419159898702],[-85.053230285712345,35.230224609899039],[-85.053268433628944,35.230064393232567],[-85.053314209670532,35.2299194348995],[-85.053443909670364,35.229625702608303],[-85.053565979461837,35.229354858858699],[-85.053710937794961,35.22918319740063],[-85.053855896128027,35.229114532817391],[-85.054054260711041,35.229053498442511],[-85.0542984013357,35.229034424484212],[-85.05450439508536,35.229015351567568],[-85.054748535709962,35.22894668698433],[-85.054740906543316,35.228675843234726],[-85.05473327737667,35.228206634902165],[-85.054771424251612,35.227985382819156],[-85.054840088834851,35.227592469278079],[-85.054924011751382,35.227382660945068],[-85.055000305501267,35.227077484903873],[-85.055068970084506,35.226795197404329],[-85.055076599251151,35.226451874488191],[-85.054962158626324,35.2261161807387],[-85.054878235709793,35.225933075530691],[-85.05473327737667,35.225708008864331],[-85.054573059668598,35.225456239073083],[-85.05445098883547,35.225109101573594],[-85.054359436752236,35.225017548448761],[-85.054161072169222,35.224903107823934],[-85.054046631544395,35.22475433386586],[-85.054023743002801,35.224567414074443],[-85.054039003419405,35.224357605741432],[-85.054061889877744,35.224010468242],[-85.054016113836099,35.223514557826093],[-85.054008484669453,35.223106384910068],[-85.054031372169447,35.222846985952117],[-85.05412292529428,35.222637177619106],[-85.054344177377288,35.222442627619444],[-85.054771424251612,35.222229004703081],[-85.055282593000811,35.222049714078366],[-85.055725098208484,35.221897125536941],[-85.056091308624559,35.221668244287287],[-85.056396484665754,35.221523285954163],[-85.056602478415471,35.221378327621096],[-85.056877136748369,35.221210480746322],[-85.057083130498029,35.221176148454731],[-85.057327273205999,35.221130371371487],[-85.057662964872122,35.221061707829904],[-85.057983399246609,35.220993043246665],[-85.058151246121383,35.220809936996943],[-85.058311462787799,35.220500946372454],[-85.058433533620928,35.220272065122799],[-85.058593750287343,35.220012665123193],[-85.058746338828769,35.219791413040184],[-85.058876037786888,35.219596864082177],[-85.05902862632837,35.219364167207516],[-85.059196473203087,35.219192505749447],[-85.059394836744445,35.219085694291323],[-85.059715271118932,35.219066620333024],[-85.059967041951893,35.219108582832916],[-85.060302734659729,35.219139099499557],[-85.060630799242517,35.21907806512462],[-85.060882569033822,35.21887207137496],[-85.061157227366721,35.21864318908365],[-85.061355590908079,35.218475342208933],[-85.061431885699619,35.218349457834108],[-85.061439514866265,35.218227387000979],[-85.061447144032911,35.217842102626548],[-85.061393738824677,35.217571258877001],[-85.061416626324615,35.217334748460701],[-85.061424255491318,35.217159272419281],[-85.061401367991323,35.216896057836379],[-85.061408997157969,35.216609955753484],[-85.061386108616375,35.216262818253995],[-85.061378479449672,35.215999603671094],[-85.0614929200745,35.215728760963202],[-85.061630249240977,35.215671540129961],[-85.061935425282172,35.215560914088428],[-85.062225341948363,35.215480804713536],[-85.062561035697854,35.215347291172122],[-85.062866211739049,35.21520614742235],[-85.063232422155181,35.215072632839224],[-85.063522339863027,35.214965821381043],[-85.063781738820978,35.214859009922861],[-85.064140320070408,35.214714050548082],[-85.064537049236435,35.21439743075689],[-85.064659119027965,35.214237214090474],[-85.064895630485921,35.213943481799276],[-85.065025330485696,35.213695526591323],[-85.065208435693762,35.213500977633316],[-85.065551758609899,35.2132949838836],[-85.065856934651094,35.213115693258885],[-85.0660705575674,35.212955475550814],[-85.066307067983701,35.212772370342748],[-85.06668853777478,35.21247863805155],[-85.067031860690918,35.2122001651353],[-85.06724548360728,35.211990356802289],[-85.067436219023648,35.211692810969453],[-85.067565919023423,35.211383820344906],[-85.067665100273246,35.211051941178766],[-85.067687988814896,35.210590363054507],[-85.06768035964825,35.210342407846554],[-85.067642212773308,35.210067749513655],[-85.067604065898365,35.209842682847295],[-85.067497254440184,35.209644318264282],[-85.067283630482223,35.209472656806213],[-85.066894531524497,35.209365845348032],[-85.066429138816829,35.209171296390025],[-85.065986633609214,35.208953857848712],[-85.065750122151258,35.208698273474113],[-85.06563568152643,35.20848465055775],[-85.065643310693076,35.208236695349797],[-85.065765381526205,35.207988740141843],[-85.066001892984161,35.20781326410048],[-85.066322327358705,35.207683564100648],[-85.066673279441488,35.207614899517466],[-85.067115784649104,35.207557678684168],[-85.067573548190069,35.207527160975928],[-85.068000794022737,35.207546234934227],[-85.068275452355635,35.207588196392464],[-85.068611145063471,35.207530976600879],[-85.068878174229724,35.207347870351214],[-85.069030762771149,35.20709991514326],[-85.069206238812569,35.206855774518601],[-85.069641113811883,35.206562043269059],[-85.070198059644326,35.206321717227809],[-85.07054901172711,35.206222534936273],[-85.070884705476601,35.20618057347798],[-85.071266175267681,35.206233978686271],[-85.071563721100574,35.206340790144395],[-85.071960450266602,35.206485750560887],[-85.072319031516031,35.206665040143889],[-85.072608948182278,35.20677185160207],[-85.072921753390119,35.206836701601958],[-85.073242187764606,35.206829071393656],[-85.073425294014328,35.206794739102065],[-85.073677063805633,35.206748963060477],[-85.073875427346991,35.206729890143833],[-85.074150085679889,35.206722259935475],[-85.074485779429324,35.206752777643771],[-85.074851989845456,35.206783295352068],[-85.07527923671978,35.206775666185422],[-85.075653076302558,35.206733704727128],[-85.076019287760289,35.206588745352349],[-85.076622009634377,35.206310273477811],[-85.076950074217166,35.20615005576974],[-85.077201844008471,35.205966950561674],[-85.077323913799944,35.205818176603543],[-85.077392578383183,35.205669403687125],[-85.077369690883188,35.205413819312525],[-85.077262879425064,35.205101014104685],[-85.077224731508409,35.204860688063377],[-85.077262879425064,35.204696655771954],[-85.077362060674886,35.204360963064175],[-85.077491760674661,35.204021454731333],[-85.077499389841364,35.203823090148319],[-85.07740783775813,35.203605652648662],[-85.077323913799944,35.203453065148892],[-85.077247620050059,35.203247071399232],[-85.07727050859171,35.203025818274568],[-85.077445984633073,35.202789307858268],[-85.077507020049666,35.202655793275142],[-85.07771301275767,35.20239257869224],[-85.07796478359063,35.202045441192752],[-85.078155517965342,35.201721192234913],[-85.078231811715227,35.201637269318383],[-85.07855224713137,35.20139312869378],[-85.078956604422387,35.201042175569285],[-85.079055786713923,35.200664521403212],[-85.079071045047215,35.200595856819973],[-85.079124451297162,35.200492859945143],[-85.079238891921989,35.200092316195764],[-85.079322815880175,35.199665070363096],[-85.079437256505003,35.199264526613717],[-85.079521179421533,35.199028016197417],[-85.079681397129605,35.198917390155941],[-85.079864502337671,35.198905945364288],[-85.080062866920684,35.198936463072585],[-85.080345154420229,35.199028016197417],[-85.080543519003299,35.199081421405708],[-85.080841064836136,35.199089050572354],[-85.08100891171091,35.199039459947414],[-85.081283570043809,35.198928833905939],[-85.081535337751745,35.198772430781162],[-85.081718445043123,35.198688507864631],[-85.081939698167787,35.198657990156335],[-85.08226776170892,35.198635101614684],[-85.082511902333579,35.198551178698153],[-85.082763672124827,35.198467255781622],[-85.082885742957956,35.198280334948606],[-85.08311462420761,35.197940827657476],[-85.083259583582389,35.19758987453298],[-85.083389282540509,35.19714737036702],[-85.083442688790456,35.196926117242356],[-85.083480835665398,35.196647644326106],[-85.083549500248637,35.196243287035088],[-85.083663940873464,35.19596862870219],[-85.083793640873239,35.19569015578594],[-85.083938599206363,35.195404053703044],[-85.084144592956022,35.195243835994972],[-85.084350586705682,35.195117951620148],[-85.084503174205452,35.194984437037022],[-85.08466339191358,35.194919587037134],[-85.085021973163009,35.194602967245942],[-85.085395813787443,35.194377899537983],[-85.085739136703523,35.194156647454975],[-85.085823059620111,35.193954468288666],[-85.086013795036479,35.193653107872422],[-85.086128235661306,35.19338989328952],[-85.086067200244713,35.193164826623217],[-85.085906982536642,35.192958832873501],[-85.085792541911815,35.192691803707248],[-85.085731505453566,35.192436219332649],[-85.085662841911983,35.192146301624803],[-85.085571289828806,35.191963196416737],[-85.085571289828806,35.191844941208558],[-85.085601807537103,35.191776276625376],[-85.085685730453633,35.191730499542075],[-85.085983277328182,35.191669465167195],[-85.086303711702669,35.191650391208896],[-85.08661651691051,35.191631318292252],[-85.086814879410213,35.191619873500599],[-85.086982727326642,35.191585541209008],[-85.087043762743178,35.191474915167476],[-85.087051391909824,35.191307068292758],[-85.087043762743178,35.191055298501453],[-85.086982727326642,35.190544128710599],[-85.086952209618346,35.190093995377993],[-85.087104798159771,35.189811706836736],[-85.087509155450789,35.189876556836623],[-85.088035583574992,35.189739227670202],[-85.088493348157613,35.189666748503612],[-85.089157105448237,35.189563751628782],[-85.089469910656078,35.189388275587419],[-85.08968353357244,35.18914413496276],[-85.08968353357244,35.188827515171624],[-85.089576722114259,35.187358856840547],[-85.089401246072839,35.186519623508502],[-85.089019776281816,35.185890198509469],[-85.088806153365454,35.185714722468106],[-85.088562012740852,35.185504914135095],[-85.088562012740852,35.185367584968617],[-85.088668824198976,35.185192108927254],[-85.088912964823635,35.184982300594243],[-85.089576722114259,35.18456268392822],[-85.089927674197043,35.184177399553846],[-85.090698242945848,35.18323135476362],[-85.09129333565329,35.182498932889757],[-85.091537476277892,35.181659699557713],[-85.09188079919403,35.181064606850327],[-85.092056275235393,35.180889130808907],[-85.092620850234539,35.180679322475896],[-85.093177796066982,35.180328369351457],[-85.093528748149765,35.179981232893681],[-85.093948364815787,35.179420471436231],[-85.094787598147832,35.178897857895322],[-85.095344543980332,35.178546905812539],[-85.095909118979421,35.178302765187937],[-85.096397400228682,35.177883148521914],[-85.096992492936067,35.177429199564301],[-85.097167968977487,35.17704391518987],[-85.097267151268966,35.176727295398734],[-85.097267151268966,35.176448822482485],[-85.097236633560726,35.176132202691292],[-85.097236633560726,35.175922394358281],[-85.097412109602089,35.175678253733679],[-85.097831726268112,35.175502777692259],[-85.098320007517373,35.175365448525838],[-85.098670959600156,35.175014496443055],[-85.099182129391011,35.174400330818969],[-85.099685670015219,35.174449921443909],[-85.100021362723055,35.17435073915243],[-85.1003494273059,35.174396515194019],[-85.100700379388684,35.174446106860614],[-85.101051331471467,35.174449921443909],[-85.101455688762485,35.174560547485441],[-85.10178375334533,35.174629212068623],[-85.102058411678229,35.174819947484991],[-85.102561951260782,35.175117493317885],[-85.103263855426349,35.175254822484362],[-85.104728699174075,35.175586701650502],[-85.105255127298278,35.175743103733566],[-85.105628967922655,35.175914765191635],[-85.105979920005439,35.175960541233223],[-85.106796264795889,35.175724029775267],[-85.107208252295209,35.175441742275723],[-85.107902527294129,35.174995423526411],[-85.108161927293736,35.174831391234989],[-85.108856202292657,35.174259186027541],[-85.109603882499869,35.173938751653054],[-85.110260010623847,35.173992157902944],[-85.110908508539467,35.174396515194019],[-85.111732483538219,35.174846649568281],[-85.112159729370887,35.174999238109706],[-85.112640381453446,35.175128937067882],[-85.113250734577491,35.174995423526411],[-85.113571167910322,35.175167083942824],[-85.114074707492875,35.175464630817316],[-85.114845276241681,35.176059723524759],[-85.116416931447588,35.176872253731801],[-85.116996765821682,35.177070618314872],[-85.117630005404067,35.177036286023224],[-85.118148804361567,35.176609040190556],[-85.118331909569633,35.176361084982602],[-85.118721008527359,35.176097870399701],[-85.119018555401908,35.176082612066409],[-85.119270325193156,35.176147462066297],[-85.119682312692532,35.176101684982996],[-85.120010376233665,35.175807953733454],[-85.120445252274692,35.175586701650502],[-85.12084960956571,35.175472259984019],[-85.121109009565316,35.17540359540078],[-85.121681213731108,35.175415040192433],[-85.121940613730715,35.175346375609195],[-85.12215423664702,35.175174714151126],[-85.122352601230034,35.174900055818227],[-85.12251281789645,35.174640655818621],[-85.122817993937645,35.174102783944477],[-85.124015808519118,35.173137665195952],[-85.124938965809349,35.172767640196525],[-85.125305176225481,35.1726150516551],[-85.125564576225088,35.172462464155331],[-85.125724792891504,35.172134400614198],[-85.125770569974748,35.171905518322887],[-85.125968933516106,35.17166519228158],[-85.126159668932473,35.17156219540675],[-85.126617432473438,35.171325683948794],[-85.127075196014403,35.170909881866066],[-85.127365112680593,35.170284270408729],[-85.127395630388889,35.169918061034309],[-85.127426148097186,35.169498444368287],[-85.127639771013492,35.169380189160108],[-85.127815247054912,35.169311524576869],[-85.12806701684616,35.16928100686863],[-85.128173828304341,35.169246674576982],[-85.128372192887355,35.169040680827322],[-85.128753662678434,35.169044495410617],[-85.128967285594797,35.169048309993968],[-85.129203797052753,35.169086456868911],[-85.129562378302182,35.169162750618796],[-85.129798889760139,35.169132232910499],[-85.130058288718089,35.168960572494086],[-85.130256653301103,35.168895722494199],[-85.143394470989051,35.171047211032544],[-85.143569947030471,35.171310425615445],[-85.143959045988197,35.171623230823286],[-85.144142151196206,35.171672821448226],[-85.144607544945529,35.171695709989876],[-85.145332336611034,35.171779632906407],[-85.145668030360525,35.171848297489646],[-85.146133423068136,35.171947479781124],[-85.146629334525699,35.172214508947377],[-85.147041320983419,35.172801972488116],[-85.147277832441375,35.173095703737715],[-85.147552490774274,35.173404694362205],[-85.14781189077388,35.174022675611241],[-85.148162842856664,35.174331666235787],[-85.148628235564274,35.174446106860614],[-85.14907074077189,35.174423218318964],[-85.149391175146434,35.174335480819082],[-85.149711609520921,35.174129487069422],[-85.150039673062054,35.173797607903282],[-85.150367737644899,35.17332840061232],[-85.150573731394559,35.173069000612713],[-85.15100860639393,35.172878266238001],[-85.151496887643134,35.172733307904934],[-85.15188598660086,35.172630311030048],[-85.152053833475634,35.172725677696576],[-85.152626038683081,35.172916413112944],[-85.153388977223528,35.173084259987718],[-85.153610230348193,35.173191071445899],[-85.153884888681091,35.173213958945837],[-85.155120850137507,35.173217774570844],[-85.155494690761941,35.173206329779191],[-85.155715942844949,35.173210144362486],[-85.157257080342561,35.173217774570844],[-85.15766906784188,35.173210144362486],[-85.157875061591596,35.173103332904361],[-85.158103943882907,35.173015595404479],[-85.158439636590685,35.172977448529537],[-85.158775330340177,35.172874451654707],[-85.158927917839947,35.172782898529817],[-85.159118653256314,35.172634125613399],[-85.159347534505969,35.172363281863852],[-85.159667969922111,35.172122955822545],[-85.159782410546939,35.172061920405952],[-85.160324097004434,35.171977997489421],[-85.160865784503585,35.171867371447945],[-85.161468506377673,35.171630859989989],[-85.16210937616836,35.171257019365555],[-85.162361145959608,35.171031952699252],[-85.16255188033432,35.170970917282659],[-85.164115906373581,35.170215607908801],[-85.164451600123016,35.169994354784194],[-85.165000915747214,35.169757843326181],[-85.165328980330003,35.169738770409538],[-85.165679932412786,35.169792175617829],[-85.166198731370343,35.169731141242892],[-85.166793824077729,35.169651031868057],[-85.167015076160737,35.169631958951413],[-85.167648315743065,35.169441223535046],[-85.167900086576026,35.169174195410449],[-85.168395996991933,35.168758393327778],[-85.168922423032768,35.168430328744932],[-85.169395446990393,35.167991639162267],[-85.170143128239204,35.167423248538171],[-85.170440674072097,35.16731643707999],[-85.170738220946589,35.167320251663341],[-85.171035767821138,35.167411804788173],[-85.171821594903292,35.167873382912433],[-85.172248840735961,35.167945862079023],[-85.17245483448562,35.168136597495391],[-85.172401429277386,35.168266297495165],[-85.172309876152497,35.168636322494592],[-85.172317505319143,35.169250489160333],[-85.172180176152722,35.169910431867606],[-85.172134400111133,35.170326233950334],[-85.172134400111133,35.170547486033286],[-85.172035217819598,35.171119690199077],[-85.171768189695001,35.17199707144772],[-85.171714783445111,35.172641754780045],[-85.171745301153408,35.173252106862435],[-85.172142029277779,35.173934937069703],[-85.17266082823528,35.174724579776807],[-85.172927857401532,35.17550659227561],[-85.172950744901527,35.17632293810766],[-85.172637939693686,35.177402497481012],[-85.172370911569089,35.178279877687999],[-85.172065735527895,35.179069519353391],[-85.172134400111133,35.179748536019019],[-85.17207336469454,35.180561066226119],[-85.171684265736815,35.181232452683389],[-85.171440125112213,35.181446076641407],[-85.171287537612443,35.181781769349186],[-85.170860290738119,35.182567597472996],[-85.170593262613522,35.18350982767987],[-85.170494080321987,35.184017181845718],[-85.170494080321987,35.184204102678791],[-85.170295715738973,35.184638977678105],[-85.16999816990608,35.185142518302314],[-85.169830323031363,35.185443878718502],[-85.169654846989943,35.185710907884754],[-85.16935730011545,35.186111450592477],[-85.169059754282557,35.186649323508334],[-85.168968201157725,35.187171937049186],[-85.168952942824376,35.187763215173277],[-85.168960571991022,35.188270569339124],[-85.168968201157725,35.188911439129811],[-85.169036865740907,35.189453125587306],[-85.169189454282332,35.189964295378161],[-85.16938781782369,35.190387726627534],[-85.169586182406761,35.190647125585429],[-85.169868469906305,35.190868378710093],[-85.17015075740585,35.191246033917821],[-85.170387268863806,35.191673279750489],[-85.170478821988695,35.192180633916394],[-85.170516968863637,35.192729950582191],[-85.170501709488633,35.193370819331221],[-85.170364380322212,35.194145203705034],[-85.170181275114146,35.19491577245384],[-85.169960023031138,35.19558715891111],[-85.169708252198234,35.195953370368898],[-85.169456482406929,35.196186066201847],[-85.16912078969915,35.196617127659522],[-85.169113159490792,35.196754456825943],[-85.169418335531986,35.197132110992072],[-85.169982910531132,35.197410583908265],[-85.170509338655279,35.197586059949685],[-85.1712036136542,35.197849274532587],[-85.171485901153801,35.19807434119889],[-85.171600342820284,35.198577881823155],[-85.171569825111987,35.198863983906051],[-85.171234131362496,35.199165345363895],[-85.171028137612836,35.199466705780083],[-85.170898438654717,35.199817657862866],[-85.170867920946421,35.200000764112588],[-85.170593262613522,35.200366974528663],[-85.170341492822217,35.200584412028377],[-85.170112610530907,35.200763702653092],[-85.169921876156195,35.201049805777643],[-85.169914245947894,35.201251983902296],[-85.170112610530907,35.201557159943491],[-85.170257568864031,35.201694489109968],[-85.170639038655111,35.201984405776159],[-85.170799256363182,35.202278138067413],[-85.170875550113067,35.202632904733491],[-85.170822143863177,35.202949524524684],[-85.170860290738119,35.20318603598264],[-85.171058655321133,35.203357697440708],[-85.1712036136542,35.203495026607186],[-85.171279908445797,35.203701020356846],[-85.171318055320739,35.203918457856503],[-85.171470642820452,35.204162598481105],[-85.172080993861186,35.204544068272185],[-85.172546387610453,35.204738617230248],[-85.172866821984996,35.204975128688204],[-85.173477174067386,35.205223083896158],[-85.17368316677539,35.205226897437797],[-85.174057007399824,35.204994202646503],[-85.174636841773918,35.204769134938545],[-85.17517089906471,35.204673768272016],[-85.175659180313971,35.204784394313492],[-85.176101685521644,35.2050247203548],[-85.176467895937719,35.205234528687811],[-85.176620484479145,35.20557022139559],[-85.176696778229029,35.206111908894798],[-85.176689149062383,35.206413269310985],[-85.176681518854082,35.206748963060477],[-85.177017212603516,35.207191468268093],[-85.177215577186587,35.207462312017697],[-85.177330017811357,35.207717896392296],[-85.177307129269764,35.20810318076667],[-85.177276611561467,35.208473206807753],[-85.177429198019581,35.208778381807292],[-85.17777252301903,35.209320069306443],[-85.17800903343533,35.209594727639342],[-85.178413391768061,35.209800721389058],[-85.178863526142322,35.209823608888996],[-85.179145813641924,35.209896088055586],[-85.179634094891128,35.210105896388598],[-85.180000306348916,35.210414887013087],[-85.180320740723403,35.210586548471156],[-85.180732728222779,35.210609437012806],[-85.181015015722323,35.210597992221153],[-85.181304932388571,35.210670472429342],[-85.181381226138456,35.210903168262348],[-85.181251526138624,35.211273194303431],[-85.181198120930389,35.211658478677805],[-85.181274414680274,35.212112427635475],[-85.181266785513628,35.21241760367667],[-85.181091309472208,35.212852478675984],[-85.180862427180898,35.213115693258885],[-85.180671692806186,35.213417053675073],[-85.180480957389818,35.213630676591436],[-85.180389405306641,35.213832855757801],[-85.18048858759812,35.214027405757463],[-85.180892944889194,35.214366914090306],[-85.181411743846695,35.214809418256266],[-85.18189239592931,35.21528625575553],[-85.182327270928624,35.215827942213025],[-85.182708740719704,35.21633911200388],[-85.182846069886182,35.216491699503649],[-85.183212279260601,35.216667175545069],[-85.183822632384647,35.21674347033661],[-85.18434906050885,35.216716767211665],[-85.184738159466576,35.216720581794959],[-85.185104370924307,35.216896057836379],[-85.185325623007316,35.217063904711097],[-85.185508729257037,35.21718597450257],[-85.185707094881707,35.217323303669048],[-85.186035158422897,35.217327118252342],[-85.186363218839006,35.217201233877574],[-85.186653136546909,35.217067719294448],[-85.187141418837825,35.217144013044333],[-85.187461854253968,35.217350006793993],[-85.187614441753738,35.21781921512661],[-85.18780517612845,35.218360901584106],[-85.187919617794932,35.21884918283331],[-85.188064576128056,35.219703675540359],[-85.188095093836353,35.220207215122912],[-85.18798065216987,35.220794678663651],[-85.187721253211919,35.221225739079671],[-85.187385559462427,35.221824646370408],[-85.187026978212998,35.222370148452853],[-85.186813355296636,35.222652435952455],[-85.186645508421918,35.223018647410186],[-85.186553955297086,35.223388672409612],[-85.18654632613044,35.2237548838674],[-85.186614990713622,35.22409439115853],[-85.186943055296467,35.224349976574786],[-85.187187195921069,35.224571228657794],[-85.187301636545897,35.22480774011575],[-85.187278748004303,35.224956513032168],[-85.187011719879706,35.225017548448761],[-85.186607361546976,35.225097656781998],[-85.186317444880785,35.225242615115064],[-85.186149598006011,35.225540161989613],[-85.186019898006236,35.225841523447457],[-85.18592834592306,35.22613906928035],[-85.185920717798069,35.22657394532132],[-85.185829163631524,35.227073670320578],[-85.18583679279817,35.227439880736654],[-85.185974121964648,35.227844239069384],[-85.186042786547887,35.228229523443758],[-85.186058044881179,35.228610993234838],[-85.185966492798002,35.229045868234152],[-85.185798645923228,35.229343415108701],[-85.18554687613198,35.229671478649891],[-85.185417176132148,35.229938507816144],[-85.18537140009056,35.230152130732449],[-85.185478211548741,35.230457306773644],[-85.185585023006922,35.230739594273189],[-85.185577392798564,35.230960846356197],[-85.185363769882258,35.231372833855573],[-85.185195924049196,35.231636048438475],[-85.185073853216011,35.23186874427148],[-85.185104370924307,35.232070923437789],[-85.185203553215842,35.232322693229094],[-85.185234070924139,35.232620240103643],[-85.185028077174422,35.232852936978247],[-85.184822083424763,35.232982635936423],[-85.184616089675046,35.23311615051955],[-85.184570313633458,35.233245850519324],[-85.184646607383343,35.233398438019094],[-85.184890748008002,35.233600617185459],[-85.184944153216236,35.233802796351767],[-85.184921265716241,35.234069826559733],[-85.184753418841524,35.234352113017621],[-85.184661865716691,35.234649658850458],[-85.184577942800161,35.234832764058524],[-85.184532166758515,35.235115051558068],[-85.184600830300099,35.235435486974268],[-85.184600830300099,35.235668182807217],[-85.184455871966975,35.23583221509864],[-85.18422699071732,35.235813142181996],[-85.184028626134307,35.235675813015575],[-85.183929443842828,35.235557556765741],[-85.18373108030147,35.235305786974436],[-85.183471680301864,35.235034943224889],[-85.183212281343913,35.234912873433416],[-85.182807923011239,35.234706879683699],[-85.18242645322016,35.234683991142106],[-85.182235718845448,35.234748841141993],[-85.182151794887261,35.235145569266365],[-85.181976318845841,35.235427856765909],[-85.181755066762832,35.235523224474093],[-85.181549073013173,35.235488892182502],[-85.181190491763743,35.235332490099438],[-85.180946351139085,35.235115051558068],[-85.180625916764598,35.234924317183356],[-85.180343628223397,35.234710694267051],[-85.180068970932155,35.23452377447569],[-85.179786682390898,35.234436035934152],[-85.179504394891353,35.234466553642449],[-85.179191589683512,35.234592438017216],[-85.178924561558915,35.234722138017048],[-85.17861938551772,35.234767915100292],[-85.178298951143233,35.234695434892046],[-85.177986145935392,35.234394074475858],[-85.177749634477379,35.234024048434776],[-85.177253724061529,35.233432770310685],[-85.176879883437095,35.233081818227902],[-85.176391602187834,35.233005524478017],[-85.175949096980219,35.23306655989461],[-85.1757812511471,35.233261108852616],[-85.175849915730339,35.233695984893643],[-85.175979614688458,35.234363556767562],[-85.175971985521812,35.234645844267163],[-85.17588043239698,35.234943391141712],[-85.175598144897378,35.235103607808128],[-85.175109862606519,35.235164643224664],[-85.174522400107435,35.23501968489154],[-85.174003602191533,35.234798431766933],[-85.173744202191926,35.234645844267163],[-85.173545837608913,35.234474182809095],[-85.173263550109368,35.234272003642729],[-85.172950744901527,35.23396682864319],[-85.172546387610453,35.233829499476769],[-85.172142029277779,35.233753204685229],[-85.171897888653177,35.233818054685116],[-85.171669007403523,35.23406600989307],[-85.171440125112213,35.234359742184267],[-85.171134949071018,35.234470368225743],[-85.170822143863177,35.234718323433697],[-85.170288086572327,35.235122681766427],[-85.169914245947894,35.235416413015969],[-85.16938781782369,35.235591889057332],[-85.169136048032442,35.235721589057164],[-85.169036865740907,35.235904694265173],[-85.168823242824601,35.236282349472958],[-85.168777466783013,35.236614227597443],[-85.168647766783181,35.236946106763583],[-85.168640137616535,35.237342834887954],[-85.168586731366645,35.237659454679147],[-85.168579102199942,35.237957001553696],[-85.168655395949827,35.238323211969771],[-85.168609619908239,35.238708497385858],[-85.168426514700229,35.238861084885627],[-85.168014527200853,35.238796234885683],[-85.167816162617839,35.238693238010853],[-85.167495728243296,35.238525391136136],[-85.167213440743751,35.238418579677955],[-85.166992188660743,35.238334656761424],[-85.166809082411021,35.238330842178073],[-85.166648865744605,35.238441468219605],[-85.16651916574483,35.238739014052442],[-85.16629028345352,35.2390022286354],[-85.166122437620459,35.239215851551705],[-85.165832519912556,35.23939514217642],[-85.165382385538237,35.239555359884548],[-85.164894104289033,35.239612579676134],[-85.164695740747675,35.239643097384374],[-85.164474487623011,35.239608765092783],[-85.164230346998409,35.239585877592788],[-85.163978577207104,35.239639282801079],[-85.163688660540913,35.239883423425681],[-85.163444519916254,35.240127564050283],[-85.163215637624944,35.240341186966646],[-85.162902832417103,35.240585327591248],[-85.162536622001028,35.240810395299263],[-85.162208557418182,35.240989685923978],[-85.161857605335399,35.241199494256989],[-85.161537170960912,35.24135971196506],[-85.161392212627788,35.241405488006649],[-85.161285401169607,35.241539002589775],[-85.161224365753071,35.241653443214602],[-85.161216736586368,35.241916657797503],[-85.161209107419722,35.2421836859221],[-85.160957337628474,35.242675781754713],[-85.160873413670288,35.242809296337839],[-85.160751343878758,35.243038178629149],[-85.160583497004041,35.243202209878859],[-85.160499573045854,35.243396759878578],[-85.160575867837395,35.243633271336535],[-85.160690308462222,35.243900299461131],[-85.160766602212107,35.244068146335849],[-85.160842895961991,35.244331360918807],[-85.160629273045629,35.244762421334769],[-85.160301209504496,35.244922639042841],[-85.159858704296823,35.244915008834539],[-85.159576416797279,35.244812013001365],[-85.159294129297734,35.244709016126535],[-85.159011841798133,35.244636536960002],[-85.158775330340177,35.244632721334995],[-85.15860748346546,35.244758606751475],[-85.158187866799437,35.24448394841852],[-85.157997133466381,35.244373322377044],[-85.157676697008583,35.244289399460513],[-85.157272339717508,35.244281769252211],[-85.156883240759782,35.244323731752104],[-85.156555176176937,35.244365693210398],[-85.156318664718981,35.244392396335343],[-85.156066894927733,35.244358064043752],[-85.15594482513626,35.244224549460625],[-85.156021118886144,35.243930817169428],[-85.15608215430268,35.243648529669827],[-85.156127930344269,35.243362427586931],[-85.156135559510972,35.243061066129087],[-85.156219483469158,35.242744446337895],[-85.156303406385689,35.242557526546534],[-85.156349182427277,35.242366791130166],[-85.156311035552335,35.242206574463751],[-85.156181336594216,35.24208068904727],[-85.155937195969614,35.241840363005963],[-85.155570984511826,35.241531372381473],[-85.155212403262396,35.241271973423522],[-85.154792786596374,35.241138458840396],[-85.154251099097223,35.241020203632274],[-85.153694153264723,35.240947724465684],[-85.153076173057343,35.241096497382159],[-85.152603150141431,35.241344452590113],[-85.152137755350509,35.241668701547894],[-85.151840210559271,35.241855622380967],[-85.15150451680978,35.242038727589033],[-85.151214600143589,35.242130280713866],[-85.150909424102394,35.242156982797155],[-85.150482178269726,35.242229461963689],[-85.150131226186943,35.242206574463751],[-85.149665833479332,35.242328644255224],[-85.149391175146434,35.242450715088353],[-85.149276734521607,35.242622376546421],[-85.149291992854899,35.242767334879545],[-85.14942169285473,35.242942810920965],[-85.149574280354443,35.24313354529562],[-85.149749756395863,35.243331909878691],[-85.149871827228992,35.243518829670052],[-85.149993897020465,35.243949891127727],[-85.150032043895408,35.24412536716909],[-85.150001526187111,35.244541169251818],[-85.149932861603929,35.24488830675125],[-85.149856567854044,35.244976044251132],[-85.149681091812624,35.24522781404238],[-85.149520875146209,35.245429993208745],[-85.149284363688253,35.245677948416699],[-85.149162292855124,35.245868683833066],[-85.148963929313766,35.246055603624427],[-85.148712158480805,35.246177674457556],[-85.148399353272964,35.24626922654079],[-85.147972107440296,35.246246339040795],[-85.147476197024389,35.246112824457668],[-85.147033691816716,35.245979309874542],[-85.146728515775578,35.245864869249715],[-85.146308899109556,35.245681763],[-85.14591980015183,35.24550628695863],[-85.145553589735698,35.245368958833865],[-85.145324707444388,35.245285034875621],[-85.144889832445074,35.245292664042267],[-85.144462586612406,35.245365143208858],[-85.143981934529791,35.245532990083575],[-85.143569947030471,35.245681763],[-85.143104554322861,35.245880127583064],[-85.142723084531781,35.246002198416193],[-85.142257690782515,35.246150971332611],[-85.141944885574617,35.246318818207385],[-85.141639710575134,35.246440887998858],[-85.141326905367293,35.24662399424858],[-85.141067505367687,35.246917725498122],[-85.140853882451324,35.2472724921642],[-85.14077758870144,35.247669220288628],[-85.140708924118201,35.247947693204821],[-85.140586853285072,35.248180390079483],[-85.140426636618656,35.248371125495851],[-85.140281678285533,35.248912811953346],[-85.1401901251607,35.249221802577836],[-85.140083313702519,35.249359131744313],[-85.139976502244338,35.249439240077493],[-85.139717102244788,35.249439240077493],[-85.13951873870343,35.249481201535787],[-85.139152527245642,35.249439240077493],[-85.138832090787787,35.249191284869596],[-85.138702392871323,35.249141694244656],[-85.138473511621669,35.248931885911645],[-85.138305664746952,35.248619080703804],[-85.137863159539336,35.248008728621414],[-85.13768005433127,35.247875214038288],[-85.137542725164792,35.247810365080056],[-85.13732147308184,35.247768402580107],[-85.137199402248655,35.247760773413461],[-85.137001038707297,35.24773788487181],[-85.136634827249566,35.247844697371647],[-85.136383057458261,35.247982024454757],[-85.136207581416897,35.248104096329598],[-85.135917663708994,35.248241425496019],[-85.135452271001384,35.248344422370906],[-85.135147094960189,35.248371125495851],[-85.13484191996065,35.248306275495963],[-85.134536743919455,35.248157501537833],[-85.134155274128375,35.247947693204821],[-85.133857727253883,35.247768402580107],[-85.133522034546047,35.247600556747045],[-85.133277893921445,35.247516632788859],[-85.132919312671959,35.247482300497211],[-85.13259124808917,35.247474671330565],[-85.132324218922918,35.247505189038861],[-85.131935119965192,35.247856141121645],[-85.131416321007634,35.248237610912724],[-85.131294251216161,35.248352051537552],[-85.130973816841674,35.24857711924551],[-85.13075256371701,35.248809815078516],[-85.130317688717696,35.248924255703344],[-85.130088806426386,35.248878479661698],[-85.12990570121832,35.248748779661923],[-85.129676819968665,35.248703003620335],[-85.129302979344288,35.248508454662272],[-85.128997803303093,35.248424530704085],[-85.128730774136841,35.248264314037669],[-85.128433228303948,35.248134614037895],[-85.128143311637757,35.248035431746359],[-85.127632141846846,35.248012543204709],[-85.127250672055766,35.248023987996362],[-85.126556397056845,35.248043060913005],[-85.126213074140708,35.248023987996362],[-85.125793457474686,35.24798584112142],[-85.125450134558605,35.247978210913118],[-85.125030517892583,35.247970581746472],[-85.124778748101278,35.248046875496357],[-85.124565125184972,35.248168946329486],[-85.124336242893662,35.248210907787779],[-85.124092102269003,35.248130799454543],[-85.123886108519343,35.248001099454768],[-85.123680115811339,35.247760773413461],[-85.123565674144857,35.2475738536221],[-85.123344422061848,35.247379303622381],[-85.123077392895595,35.247253419247556],[-85.122833252270993,35.247215271330958],[-85.122619629354631,35.24728775258086],[-85.122528077271454,35.247467042163919],[-85.122344971021732,35.247673035913579],[-85.122032165813891,35.247764587996812],[-85.121711731439405,35.247920991121532],[-85.121322632481679,35.248302460912612],[-85.121299743940028,35.248352051537552],[-85.121139527273613,35.248615266120453],[-85.120910644982303,35.248813629661811],[-85.120521546024577,35.249042511953121],[-85.120162964775091,35.249114991119711],[-85.11981964185901,35.249107361953008],[-85.119529725192763,35.249153137994654],[-85.119354249151399,35.249336243202663],[-85.119232178318214,35.249584198410616],[-85.119132996026735,35.249912262993462],[-85.119071960610142,35.250205994243004],[-85.118965149151961,35.250579834867438],[-85.118942261652023,35.250827790075391],[-85.119010926235262,35.251079559866639],[-85.119094849151793,35.251361847366184],[-85.119087219985147,35.251720429657325],[-85.119026184568554,35.251842499448799],[-85.119026184568554,35.251953125490274],[-85.118980408526966,35.252204896323235],[-85.118774414777249,35.252452851531189],[-85.118408203319518,35.252613068197604],[-85.117721558528899,35.252864837988852],[-85.117088318946571,35.25295257653039],[-85.116882325196855,35.252979279655335],[-85.116127014781398,35.253307343196525],[-85.11569976894873,35.253387451529704],[-85.115562439782252,35.253391267154711],[-85.115287781449354,35.253456116112943],[-85.114852905408384,35.253479004654594],[-85.114425659575716,35.253410340071355],[-85.113876342909862,35.253227234863289],[-85.11363220228526,35.253170014030047],[-85.11350250332714,35.253211975488341],[-85.113365174160663,35.253284454654874],[-85.113265991869184,35.253536225487835],[-85.113235474160888,35.253864289028968],[-85.113227844994242,35.254173279653514],[-85.113220215827539,35.25440979111147],[-85.113197327285945,35.254673004652716],[-85.113189698119299,35.25517273069363],[-85.113151551244357,35.255752564026068],[-85.113082886661118,35.256389619233403],[-85.113029480411171,35.256748200482832],[-85.112831115828158,35.257274628607036],[-85.112625123120154,35.25781250048118],[-85.112503052287025,35.258155823397317],[-85.112342834578897,35.2585067754801],[-85.112113953329299,35.25878524839635],[-85.111671448121626,35.258934021312768],[-85.111351013747139,35.25899124214601],[-85.111083984580887,35.259048462979251],[-85.110771179373046,35.259246826520609],[-85.110656738748219,35.259479523395271],[-85.110725403331458,35.259681702561636],[-85.110778809581348,35.2598381046447],[-85.110832214789582,35.260009766102769],[-85.110885621039529,35.260150909852541],[-85.111015319997648,35.26032257131061],[-85.11125946062225,35.260482789018738],[-85.111518860621857,35.260673523393393],[-85.111740112704865,35.26082992651817],[-85.111984253329467,35.260990143184586],[-85.112342834578897,35.261165619226006],[-85.112602234578503,35.261264801517484],[-85.112884522078105,35.261379243183967],[-85.113220215827539,35.261524201517091],[-85.113555908535375,35.261775971308396],[-85.113777161660039,35.261981965058055],[-85.113945006451445,35.262172699432767],[-85.114051819992937,35.262454986932312],[-85.114143372076114,35.26271820151527],[-85.114135742909468,35.263000489014814],[-85.11408996686788,35.263233185889419],[-85.113967896034751,35.263633728597142],[-85.113868713743216,35.2638969431801],[-85.113769531451737,35.264175416096293],[-85.113647461660207,35.264373779637651],[-85.113494874160494,35.264480592137488],[-85.113250734577491,35.264541626512425],[-85.112884522078105,35.264518739012431],[-85.112663269995096,35.264438629637596],[-85.112342834578897,35.264369965054357],[-85.11202240020441,35.264350892137713],[-85.111755372079813,35.264423371304247],[-85.111557007496799,35.264530182762428],[-85.111251831455604,35.26477432338703],[-85.111061097080892,35.264957428595096],[-85.110908508539467,35.264984131720041],[-85.110694885623161,35.26494979942845],[-85.110527038748387,35.264873505678565],[-85.110267639790493,35.264739991095439],[-85.109931946041002,35.264629365053963],[-85.109687805416399,35.264579773387368],[-85.109619140833161,35.264553071304078],[-85.109550476249922,35.264549256720727],[-85.109268188750377,35.264549256720727],[-85.109069825209019,35.264591218179021],[-85.095901489812775,35.265136719219811],[-85.095497130438389,35.265224457761349],[-85.095085145022381,35.265361786927826],[-85.094635010648062,35.265766144218844],[-85.09436798148181,35.266666412967425],[-85.094139100232155,35.267524720257768],[-85.093872071065903,35.269145966088615],[-85.093772888774424,35.269897461920777],[-85.093772888774424,35.270427704628275],[-85.093841553357663,35.270977021294073],[-85.094039917940677,35.271331787960207],[-85.094589233564818,35.272190095250551],[-85.094856262731071,35.272605897333221],[-85.094940185647602,35.272872925457818],[-85.094894409606013,35.273223877540602],[-85.094612122106469,35.273555756706742],[-85.094123840857208,35.27392959628952],[-85.093727112732836,35.273952484831113],[-85.09333801377511,35.273952484831113],[-85.092208862735163,35.2737541202481],[-85.091949463777269,35.27377700878975],[-85.091590880444471,35.274017334831058],[-85.090843201278972,35.274459840038674],[-85.090644836695958,35.274414062955429],[-85.089744567947321,35.274547577538556],[-85.089080810656696,35.274765015038213],[-85.088600159615794,35.275207520245829],[-85.08837890649113,35.275405884828899],[-85.087867737741931,35.275493622328725],[-85.087585450242329,35.275318146287361],[-85.0869445804517,35.274612427538443],[-85.086883545035107,35.274082184830945],[-85.086700439827041,35.273841858789638],[-85.08661651691051,35.273181916082308],[-85.086723328368691,35.271705628584641],[-85.086746216910342,35.271308899418557],[-85.08661651691051,35.271110535877199],[-85.086441040869147,35.270935059835836],[-85.086112976286302,35.270866395252597],[-85.085426331495682,35.270603180669696],[-85.084960937746416,35.270339967128393],[-85.084587098163695,35.27016449108703],[-85.084304810664094,35.270008087962253],[-85.084037781497841,35.270030976503904],[-85.083755493998297,35.270229340045262],[-85.083488464832044,35.270626069211289],[-85.082893372124659,35.271331787960207],[-85.082565308583469,35.271595003584821],[-85.082344055458805,35.271881104626004],[-85.082099914834203,35.272121430667312],[-85.081878662751194,35.272190095250551],[-85.081573486709999,35.272056580667424],[-85.08123779400222,35.271968842125887],[-85.081085205460795,35.271968842125887],[-85.080757141919605,35.27214431816725],[-85.079963684629206,35.272365571291914],[-85.079544067963184,35.272628784833216],[-85.0791931158804,35.273002625457593],[-85.078887939839206,35.273200990040664],[-85.078247071090175,35.273509979623498],[-85.077278137758356,35.273731232748162],[-85.076965332550515,35.273796082748049],[-85.076705933592564,35.273906708789525],[-85.0764846804679,35.274303436913954],[-85.076065063801877,35.27533722024566],[-85.075798035677337,35.275890351494809],[-85.075737000260744,35.276218415035942],[-85.075714111719094,35.276485444202194],[-85.075584411719319,35.276725770243502],[-85.075294495053072,35.276859283784972],[-85.074653626304098,35.277011872326398],[-85.074256897138014,35.277320862950887],[-85.073532105472509,35.277629853575434],[-85.072669983598814,35.278091431699693],[-85.072364807557619,35.278446198365828],[-85.072013855474836,35.278820038990261],[-85.071174622142848,35.279304505656171],[-85.070579529435406,35.27976608378043],[-85.070297241935862,35.280052185863326],[-85.070182801311034,35.280384065029466],[-85.069763184645012,35.281089783778384],[-85.069541931520348,35.281486511902756],[-85.069366455478985,35.281726837944063],[-85.068992614854551,35.282077790026847],[-85.068817138813131,35.282329559818152],[-85.068611145063471,35.282466888984573],[-85.06850433360529,35.282474519192931],[-85.068260192980688,35.282367706693094],[-85.068145752355861,35.282268525443214],[-85.067924500272852,35.282054900443541],[-85.06768035964825,35.281917573360431],[-85.067390441940347,35.281623841069234],[-85.067039489857564,35.281417847319574],[-85.066719055483077,35.281368256694634],[-85.066535950275011,35.281497956694409],[-85.066368103400293,35.281696320235767],[-85.066253662775466,35.281871796277187],[-85.066146851317285,35.282005310860313],[-85.065979004442568,35.282024384818612],[-85.065620423193138,35.281909943152129],[-85.065353394026886,35.281669617110822],[-85.065086364860633,35.281410218152871],[-85.064888001319275,35.281082154611738],[-85.064704895069553,35.280735017112249],[-85.064521789861487,35.280487061904353],[-85.064338684653421,35.280364991071167],[-85.063850403404217,35.280174256696455],[-85.063278199238425,35.280056000446677],[-85.062843323197399,35.279960632738494],[-85.062057496115301,35.279743195238837],[-85.0614929200745,35.279354096281111],[-85.061119080491778,35.278877258781847],[-85.060905457575416,35.278469086907478],[-85.060829162783875,35.27827835149111],[-85.060638428409163,35.278018952533159],[-85.060478210701092,35.277893067116679],[-85.060134887784955,35.277767182741854],[-85.058151246121383,35.276969910868104],[-85.057357788830927,35.276550294202082],[-85.055366516959054,35.275558472328669],[-85.054786682584904,35.275249481704122],[-85.05467987112678,35.275112152537645],[-85.054550171126948,35.274787903579863],[-85.054428101335475,35.274517059830259],[-85.054306030502346,35.274250031705662],[-85.054183960710873,35.273956299414465],[-85.054138183627629,35.273765565039753],[-85.054115296127634,35.273571015040091],[-85.054229736752461,35.273426056706967],[-85.054428101335475,35.273319245248786],[-85.054595948210249,35.27311706608242],[-85.054740906543316,35.272800446291285],[-85.054771424251612,35.272533417125032],[-85.054809571126555,35.272193909833845],[-85.054817200293201,35.272037506709125],[-85.054840088834851,35.27193832441759],[-85.055091858626099,35.271591186918158],[-85.055305481542462,35.271480560876626],[-85.05555725133371,35.271373749418501],[-85.055618286750303,35.271236420252023],[-85.055541993000418,35.271053315043957],[-85.055183410709333,35.270957947335773],[-85.054939270084674,35.270866395252597],[-85.054832458626549,35.270751953586114],[-85.054573059668598,35.270519257753108],[-85.054428101335475,35.270427704628275],[-85.054176331544227,35.270320893170094],[-85.053947449252917,35.270183564003673],[-85.053886413836324,35.270069123378846],[-85.053932190919568,35.269878387962478],[-85.054046631544395,35.269634247337819],[-85.054328919043996,35.26927566608839],[-85.054496765918714,35.269119264005326],[-85.054611206543541,35.268917084838961],[-85.054870605501492,35.268539429631232],[-85.055038452376209,35.268249512964985],[-85.055191040917634,35.2678909306739],[-85.055335999250758,35.267463684841232],[-85.055419922167289,35.267238618174872],[-85.055648804458599,35.266902924425438],[-85.055877685708253,35.266616822342542],[-85.05596160966644,35.266471864009418],[-85.056007385708028,35.266288757759696],[-85.056015014874674,35.265987397343508],[-85.056022645083033,35.265647889010722],[-85.056030274249679,35.265361786927826],[-85.056129456541157,35.265090943178222],[-85.056266785707635,35.264789581720379],[-85.056381226332462,35.264587403595669],[-85.056457520082347,35.264335632762709],[-85.056549073207179,35.26397705151328],[-85.056472778415639,35.263702393180381],[-85.056335449249218,35.263450623389133],[-85.056159973207798,35.26321411193112],[-85.055946350291435,35.262935639014927],[-85.055770874250072,35.262775422348511],[-85.055541993000418,35.262500764015556],[-85.055442810708882,35.262203217141064],[-85.055297852375816,35.261791229641688],[-85.055107116959448,35.261585236933684],[-85.054924011751382,35.261333466100723],[-85.054641724251837,35.261104584851068],[-85.054420472168829,35.261054993184473],[-85.054061889877744,35.261001587976239],[-85.053703308628258,35.261043549434532],[-85.052978515921097,35.261234283809188],[-85.052612305504965,35.261432648392258],[-85.052139282589053,35.261787415058336],[-85.05184173675616,35.262054444224589],[-85.051544189881611,35.262424470265671],[-85.05140686071519,35.262828827556746],[-85.051292420090363,35.263122559847943],[-85.051124573215588,35.263210297347825],[-85.050842285716044,35.263206482764474],[-85.050544738841495,35.26311111505629],[-85.050270081550252,35.262992859848168],[-85.049942016967464,35.262851716098396],[-85.049697876342805,35.262710572348567],[-85.049453735718203,35.262481690057257],[-85.049156189885309,35.262317658807547],[-85.048820496135875,35.262290955682545],[-85.048347473219906,35.262371064015781],[-85.048019409678773,35.262413025474075],[-85.047607422179397,35.262382507765778],[-85.047027588846959,35.262237549432655],[-85.04669952426417,35.262165070266121],[-85.046310425306444,35.262134552557825],[-85.045951844056958,35.262130737974474],[-85.045555114890931,35.261985779641407],[-85.045402527391161,35.261718750475154],[-85.04531860447463,35.261455536933852],[-85.045227051349741,35.261135102559365],[-85.04508972218332,35.260871887976464],[-85.044929504475249,35.260585785893568],[-85.044830323225369,35.26032257131061],[-85.044769287808833,35.25994110151953],[-85.044776916975479,35.259639741103342],[-85.04476165864213,35.259319306728855],[-85.044692994058948,35.259037018187598],[-85.044555664892471,35.258792877562996],[-85.044311524267869,35.258586884854992],[-85.044021606559966,35.25840377860527],[-85.043731689893775,35.258358002563682],[-85.04345703156082,35.258422852563569],[-85.043090821144744,35.258476257771804],[-85.04278564510355,35.258453370271866],[-85.042472839895709,35.258316041105388],[-85.042381286770876,35.258136750480674],[-85.042312622187637,35.257904053606069],[-85.042121887812925,35.257617951523173],[-85.041885376354969,35.257354736940215],[-85.041763306563496,35.257068634857319],[-85.041725159688554,35.256790161941126]]]]}},
{"type":"Feature","properties":{"objectid":220,"tnmid":"{6BD07611-C811-4FA8-B82D-FD0F44B280E6}","metasourceid":"{0997CBAF-CD42-4E2D-B78B-22DB097E9973}","sourcedatadesc":null,"sourceoriginator":null,"sourcefeatureid":null,"loaddate":"2013-01-18T07:08:58Z","referencegnis_ids":null,"areaacres":39916.38,"areasqkm":161.54,"states":"TN","huc12":"060200011202","name":"Upper Nickajack Lake-Tennessee River","hutype":"S","humod":"KA","tohuc":"060200011203","noncontributingareaacres":0.0,"noncontributingareasqkm":0.0,"shape_Length":0.70024476173110839,"shape_Area":0.015967942670960033},"geometry":{"type":"MultiPolygon","coordinates":[[[[-85.229194641689219,35.10749816946452],[-85.229064941689387,35.104408264260996],[-85.228950501064617,35.101131440307711],[-85.228889465648024,35.100872040308104],[-85.228782654189843,35.100452423642139],[-85.228561402106891,35.09995269864288],[-85.228172303149108,35.099300385102254],[-85.227653504191608,35.098526001770097],[-85.226898193776094,35.09726715177203],[-85.226150513568939,35.096126556982142],[-85.225463867736664,35.095066071567146],[-85.225357056278483,35.094795227817542],[-85.225364685445186,35.094493866359699],[-85.225303651070249,35.094070435110325],[-85.225326538570243,35.093666076777652],[-85.225334168778545,35.093334198653167],[-85.225303651070249,35.09294128511209],[-85.225303651070249,35.092308046571418],[-85.225273133361952,35.092052460113507],[-85.225311280236895,35.091720581989023],[-85.22547149690331,35.091407776781125],[-85.22561645627809,35.091259002823051],[-85.225845337527744,35.091083526781631],[-85.22623443648547,35.09066772469896],[-85.226554871901669,35.090293885116239],[-85.226852417734506,35.090087891366522],[-85.227317810442116,35.089881897616863],[-85.227592468775015,35.089813233033624],[-85.227912903149559,35.090057373658226],[-85.228271485440644,35.090362549699421],[-85.228569031273537,35.090652466365668],[-85.228836060439789,35.090969086156804],[-85.229057312522741,35.091259002823051],[-85.229469300022117,35.091670990322427],[-85.229698182313427,35.091941834071974],[-85.230033875021263,35.092296600738109],[-85.230484009395525,35.092632294487601],[-85.230880738561609,35.092845917403906],[-85.231201172936096,35.093086243445214],[-85.231544495852233,35.093246460111629],[-85.232284546892743,35.093574524694475],[-85.232765198975358,35.093738556985841],[-85.233062742724883,35.09399414136044],[-85.233283996891203,35.094455719484756],[-85.233619690640694,35.09480667156754],[-85.234069822931644,35.09522247365021],[-85.234642029180748,35.095546722608049],[-85.235557557304332,35.095844269482598],[-85.236358643761434,35.096141815315491],[-85.237464905218019,35.096405029898392],[-85.238304138550063,35.096481323648277],[-85.239105225007165,35.096523285106571],[-85.240257263547051,35.096572876773109],[-85.241485596878476,35.096591949689753],[-85.242095947919211,35.096538544481518],[-85.242813111459725,35.096469879898279],[-85.243942261458017,35.096199036148732],[-85.245117188539496,35.095901490315839],[-85.246665955203753,35.095497131983109],[-85.247863770826882,35.095199585108617],[-85.249069214575059,35.094833374692485],[-85.250267029156532,35.094566345526232],[-85.251541138529547,35.094268799693396],[-85.252052308320401,35.094150543443561],[-85.253784180192724,35.09387970073567],[-85.256263733313858,35.093158722611747],[-85.256675720813234,35.093002318445315],[-85.257415771853744,35.092544555946063],[-85.257957459352895,35.092288971571463],[-85.258071899977722,35.092212677821578],[-85.25843811143551,35.092014313238565],[-85.259437561433913,35.091552735114249],[-85.260444640599019,35.091346741364589],[-85.261253357264479,35.091262818448058],[-85.261871338513515,35.091239929906408],[-85.262428284345958,35.091247559073054],[-85.265052795800216,35.090396881991069],[-85.266807557255845,35.089832306991923],[-85.267341614546694,35.089778900742033],[-85.268066407253855,35.089706421575443],[-85.268775940586124,35.089324951784363],[-85.268882752044249,35.089267730951121],[-85.268852234336009,35.089221954909533],[-85.268661499961297,35.08895492574328],[-85.268409730169992,35.088607788243849],[-85.268196107253686,35.088085174702996],[-85.26799011350397,35.087871551786634],[-85.267929078087434,35.087814331995048],[-85.265869141632265,35.085720063248289],[-85.265396118716353,35.084747315333175],[-85.265350342674765,35.08428955179221],[-85.265083313508512,35.083839417417892],[-85.264396668717893,35.083209992418858],[-85.263389588511131,35.081954957004143],[-85.262634278095618,35.081359864296758],[-85.262161256221361,35.081233978880277],[-85.261604310388918,35.081657410129594],[-85.261352539555958,35.081726074712833],[-85.260803223931816,35.082038879920674],[-85.260208131224431,35.082576751794875],[-85.259765626016758,35.082950592419252],[-85.259376527059032,35.083236694502148],[-85.258766174976643,35.083419800751869],[-85.257980347894545,35.083568573668344],[-85.257591247895164,35.083564759084993],[-85.256698609354828,35.083583832001636],[-85.256111145814089,35.083637238251526],[-85.255737305189655,35.083698273668119],[-85.255233765607102,35.083816528876241],[-85.254684448941305,35.083744049709708],[-85.254264832275283,35.083545685126694],[-85.25399780310903,35.083225250752207],[-85.253929137484135,35.082740784086297],[-85.253868104150911,35.082099915337267],[-85.253837586442614,35.081523895546468],[-85.253730774984433,35.08111953825545],[-85.253250122901875,35.080886841380789],[-85.252655030194489,35.080856323672549],[-85.252571107277902,35.080844879922552],[-85.251976013528861,35.080638886172892],[-85.251937866653918,35.080604553881244],[-85.251617432279431,35.080448150756467],[-85.251052857280285,35.080291748673403],[-85.250694276030856,35.080280304923406],[-85.250221253114887,35.080383301798236],[-85.249816895823869,35.080528260131359],[-85.249114990616647,35.080741883047722],[-85.247924805201819,35.080932617422434],[-85.247100831244779,35.081157685130393],[-85.246589661453868,35.081245422630275],[-85.246505738537337,35.081264496588574],[-85.245880128121655,35.081611634088006],[-85.245292664580916,35.081680298671245],[-85.244987488539721,35.081619263254652],[-85.24472808958177,35.081413269504992],[-85.244308472915748,35.081077575755501],[-85.243934632291314,35.080951691380733],[-85.243263245834044,35.081073761172206],[-85.243087769792623,35.081069946588855],[-85.242546082293472,35.081127167422096],[-85.242195130210689,35.08111953825545],[-85.241958618752733,35.081085205963859],[-85.241615295836596,35.081047059088917],[-85.241378785420295,35.081012726797269],[-85.240959168754273,35.08094406221403],[-85.240753175004613,35.080909729922439],[-85.240493775005007,35.080821991380901],[-85.240341187505237,35.080692291381126],[-85.240341187505237,35.080547333048003],[-85.240394592713471,35.080440521589821],[-85.240493775005007,35.080272674715104],[-85.240562439588246,35.080066680965444],[-85.240539552088251,35.079925537215615],[-85.240455628130064,35.079692841382666],[-85.240364075005232,35.079544068466248],[-85.240203858338816,35.079391479924823],[-85.239807130214388,35.079090117425267],[-85.239143371882108,35.078575135134429],[-85.238555909383024,35.078121186176759],[-85.238189697925236,35.077903747635446],[-85.237831116675807,35.077751160135676],[-85.237525940634612,35.077682495552438],[-85.237396240634837,35.077648163260847],[-85.23728180001001,35.077594758052612],[-85.237228394801718,35.077442169511187],[-85.237297059384957,35.07723617576147],[-85.237449646884727,35.076950073678574],[-85.237533569801258,35.076679229929027],[-85.237617493759444,35.076473236179311],[-85.237602234384497,35.076141358054826],[-85.237556458342908,35.075866699721928],[-85.237518311467966,35.075672149722266],[-85.237487793759669,35.075313568472779],[-85.237533569801258,35.07495498722335],[-85.237579346884559,35.074504852849032],[-85.237670898967735,35.074081421599715],[-85.237792969800864,35.07372665493358],[-85.238006592717227,35.073081970559599],[-85.238174439591944,35.072692871601873],[-85.238296509383417,35.072338104935739],[-85.238403320841599,35.0720138559779],[-85.238761903132684,35.071521759103689],[-85.238975526049046,35.071350098687276],[-85.23941040104836,35.070816040354771],[-85.239570618756431,35.070251465355682],[-85.239753723964498,35.06960296639835],[-85.23984527708933,35.069358825773691],[-85.239929200005861,35.069034576815852],[-85.240058900005693,35.068485260150055],[-85.240028382297396,35.068191528900513],[-85.2399978645891,35.067623139318073],[-85.239967346880803,35.067264557026931],[-85.239959717714157,35.066947937235796],[-85.240089417713989,35.066364289320006],[-85.240303040630295,35.065650940362787],[-85.240455628130064,35.065132141405286],[-85.240531921879949,35.064968110155519],[-85.24078369271291,35.064514161197906],[-85.240951538545971,35.064193725781706],[-85.241111756254043,35.063934326823812],[-85.241439819795232,35.063613892449268],[-85.241577148961653,35.06338882474131],[-85.241943360419441,35.06313324036671],[-85.242385864585401,35.062782288283927],[-85.242706300001601,35.06249237161768],[-85.243034363542733,35.062202453909833],[-85.243469239583703,35.061981201826825],[-85.243949890624663,35.061775208077165],[-85.244354248957336,35.061618805994044],[-85.24467468333188,35.061477661202616],[-85.244995117706367,35.061206818494668],[-85.245201111456026,35.060947418495118],[-85.245323182289155,35.060752869537055],[-85.245407105205743,35.060558319537392],[-85.245529176038872,35.060363770579329],[-85.245613098955403,35.06008911224643],[-85.245735168746876,35.059898376830063],[-85.245857239580005,35.05973434453864],[-85.246223449996137,35.059413910164153],[-85.246650696870461,35.058883667456655],[-85.24685669062012,35.058593750790408],[-85.246955872911656,35.058448792457284],[-85.247200014577913,35.058128357041141],[-85.247421265619266,35.057868958083191],[-85.247688294785519,35.057514191417113],[-85.247810364576992,35.057289123709097],[-85.24785614061858,35.057060242459443],[-85.248016358326652,35.056880951834728],[-85.248146058326483,35.056655884126769],[-85.248268128117957,35.056430817460466],[-85.248313904159545,35.056156159127511],[-85.248336792701195,35.055973053919502],[-85.248336792701195,35.055778503919782],[-85.248390198951085,35.055248261212284],[-85.248512268742559,35.054809570587963],[-85.248703004158926,35.054496765380122],[-85.248985291658471,35.054119110172337],[-85.249206543741479,35.053680420589728],[-85.249259949991426,35.053401947673478],[-85.249336243741254,35.053291321632003],[-85.249298096866369,35.053047181007344],[-85.249267579158072,35.052833558091038],[-85.249305726033015,35.052604675799728],[-85.249557495824263,35.052185059133706],[-85.2499008187404,35.051910400800807],[-85.250160217698351,35.051784516425982],[-85.250343323948073,35.051654816426208],[-85.250503540614488,35.051460266426488],[-85.250610352072613,35.051265717468482],[-85.250656129155914,35.050975799760579],[-85.250762940614095,35.050632476844441],[-85.251029968738635,35.050373077886491],[-85.251228333321706,35.050197601845127],[-85.25151062082125,35.050022125803707],[-85.251731872904259,35.049846649762344],[-85.252014161445459,35.04970169142922],[-85.252174378111874,35.049541473721149],[-85.252342224986592,35.049411773721317],[-85.252464294778122,35.049282074763198],[-85.25250244269472,35.049121857055127],[-85.252464294778122,35.048992157055295],[-85.252334595819946,35.048809051847286],[-85.252197266653525,35.048557282055981],[-85.252220154153463,35.048252106014786],[-85.252250671861759,35.047718048723937],[-85.252342224986592,35.047370911224505],[-85.252510071861366,35.047115326849905],[-85.252655030194489,35.046901702891887],[-85.252761841652614,35.046844483100301],[-85.253013611443919,35.046691894558876],[-85.253334045818406,35.046485901850872],[-85.253540039568065,35.046276094559516],[-85.253662110401251,35.045917511226776],[-85.253723145817787,35.045215607061209],[-85.253730774984433,35.044887543520019],[-85.253654481234605,35.044624328937118],[-85.253540039568065,35.044361115395816],[-85.253387452068353,35.044033050813027],[-85.253273011443525,35.043769837271782],[-85.2531204229021,35.043506622688824],[-85.253044129152215,35.043243409147578],[-85.253013611443919,35.042850494564846],[-85.252975464568976,35.042503357065414],[-85.253028870818866,35.042076111232745],[-85.252960206235684,35.041416168525416],[-85.253013611443919,35.04102706956769],[-85.253059389568818,35.040565491443374],[-85.25315094061034,35.04007721019417],[-85.253242493735229,35.039649964361502],[-85.253311158318468,35.039257049778769],[-85.253440857276587,35.038539887279853],[-85.253479005193185,35.038311004988543],[-85.253532410401419,35.038055420613944],[-85.253608704151304,35.037662507072923],[-85.253639221859601,35.037364960198374],[-85.253692628109548,35.037101745615416],[-85.25384521560926,35.036861420615821],[-85.254043580192331,35.03657531749127],[-85.254280091650287,35.036163331033549],[-85.254470826024999,35.035896301867297],[-85.254676819774659,35.035572052909458],[-85.254959107274203,35.035278320618261],[-85.255195618732159,35.034999847702068],[-85.255447388523464,35.034629822702641],[-85.255638122898176,35.03429412895315],[-85.255897522897783,35.033847809162182],[-85.256088257272495,35.033439636246101],[-85.256256104147212,35.033039093538434],[-85.256332397897097,35.032703399788943],[-85.256462097896872,35.03199386645673],[-85.256515504146819,35.031509399790764],[-85.256546020813403,35.031211853957927],[-85.256668091646588,35.030818939375195],[-85.256843567687952,35.030406952917474],[-85.257141114562501,35.030422211250823],[-85.257476807270336,35.030406952917474],[-85.257995606227837,35.030437469584115],[-85.258811951018231,35.030525208125653],[-85.259605408308687,35.030658722708779],[-85.260421754140737,35.030807495625197],[-85.261543274972325,35.031101226874739],[-85.26238250830437,35.031410217499285],[-85.263412476011126,35.031723022707126],[-85.264396668717893,35.03207397478991],[-85.265007019758627,35.03222274874804],[-85.265571594757773,35.032447815414343],[-85.265876770798968,35.032485962289286],[-85.266357422881526,35.032543183122527],[-85.267204285380217,35.032611847705766],[-85.268287659336863,35.032909393538603],[-85.269180298918798,35.033279419579685],[-85.269439697876749,35.03348159874605],[-85.270019532250842,35.033771515412298],[-85.270591736416634,35.034095764370136],[-85.271308899957148,35.034626007077634],[-85.271713257248223,35.034931183118829],[-85.272239686414082,35.035316467493203],[-85.272544861413564,35.035621643534398],[-85.272880555163056,35.035865784159057],[-85.273101807246064,35.035987854992186],[-85.27331543016237,35.036029816450423],[-85.27351379474544,35.035934448742239],[-85.273704530161808,35.035816193534117],[-85.274002078078013,35.035564422701157],[-85.274276734327543,35.035285949784907],[-85.274528504118848,35.034912110202185],[-85.274658204118623,35.034614563327636],[-85.275016785368109,35.034030914370192],[-85.275276185367659,35.033817291453886],[-85.275451661409079,35.033786773745589],[-85.275741578075269,35.033790589370597],[-85.276023865574871,35.033878326870422],[-85.276367188491008,35.033981323745309],[-85.276748658282088,35.034126282078375],[-85.277465820780947,35.034343719578033],[-85.278259278071403,35.034610748744285],[-85.278846741612142,35.034816742494002],[-85.279472352027824,35.0350914008269],[-85.279960633277085,35.035339356034854],[-85.280738831192537,35.035633087284396],[-85.28149414160805,35.035846710200701],[-85.282005311398905,35.035972595617181],[-85.282302857231798,35.035976410200533],[-85.282867432230887,35.035804748742464],[-85.283119202022192,35.035465241451334],[-85.283325195771852,35.035003662285362],[-85.283454895771683,35.034519195619453],[-85.283615113479755,35.034080506036787],[-85.283813477021113,35.033832550828834],[-85.284233093687135,35.033763886245652],[-85.284820557227874,35.033832550828834],[-85.285453796810202,35.033943176870366],[-85.285896302017875,35.034133911245078],[-85.286277771808955,35.034339904994738],[-85.286521912433557,35.034603119577639],[-85.286758423891513,35.034889221660535],[-85.28704834055776,35.035255433118323],[-85.287216187432477,35.035411835201387],[-85.287376405140549,35.035442352909683],[-85.287666321806796,35.035457611242975],[-85.287872315556456,35.035453796659681],[-85.288352967639071,35.03540039145139],[-85.288650513471907,35.035377502909796],[-85.288825989513327,35.035339356034854],[-85.288925171804806,35.035198212285081],[-85.289001465554691,35.034954071660422],[-85.288986207221399,35.034648895619227],[-85.288970947846451,35.03414154145338],[-85.288955689513102,35.033676147704114],[-85.288909913471514,35.033390045621218],[-85.288719178055146,35.033206940413152],[-85.288452148888894,35.032939911246899],[-85.288162232222703,35.032649994580709],[-85.287605286390203,35.032318115414512],[-85.287368774932247,35.031829834165308],[-85.287307740557367,35.031242370624511],[-85.287315369724013,35.03069305500037],[-85.287574768681907,35.030212402917812],[-85.287879944723102,35.029808044585081],[-85.28830719055577,35.029228211252644],[-85.288734436388438,35.028949738336451],[-85.289283753054292,35.028671265420201],[-85.289840698886735,35.028472900837187],[-85.290977479093328,35.028133392504344],[-85.292083741591568,35.027893066463093],[-85.292953491590254,35.027763367504917],[-85.293853760338834,35.027633667505143],[-85.295089722836906,35.027507782088662],[-85.296386719709915,35.027465820630425],[-85.297302244708476,35.027538299796959],[-85.298110962415592,35.027652741463442],[-85.298439026998381,35.027667999796734],[-85.298744203039575,35.027557373755258],[-85.299125671789,35.027427673755483],[-85.299804688454628,35.027133942505941],[-85.300559998870085,35.026794434173098],[-85.301239014494058,35.026496887298549],[-85.30186462490974,35.026340485215485],[-85.302619936366909,35.026042938340936],[-85.303642273865307,35.025936126882755],[-85.304489136363998,35.026031494590939],[-85.305404664487583,35.026309967507189],[-85.306121826986498,35.026485443548609],[-85.307189942609796,35.0265197758402],[-85.308265687399796,35.026493072715255],[-85.309211732190022,35.026363373757135],[-85.30984497177235,35.026103973757529],[-85.310089112397009,35.026069641465881],[-85.310508729062974,35.026096344590883],[-85.311332703020071,35.026191712299067],[-85.311882019685868,35.026443482090315],[-85.312088013435528,35.02670669563156],[-85.312255860310302,35.026996613339463],[-85.312377930101775,35.027431488338777],[-85.312492371768258,35.027927398754684],[-85.312629700934679,35.028282166462475],[-85.312805176976099,35.028560639378725],[-85.313247681142059,35.02875137375338],[-85.313796997807913,35.028759002920083],[-85.314285279057117,35.028518676878775],[-85.314712524889785,35.028236389379231],[-85.315269470722285,35.027935028962986],[-85.31578064051314,35.027675628963436],[-85.316581726970242,35.027439117505423],[-85.316940308219671,35.027236939380771],[-85.317626954051946,35.026771545631505],[-85.318336487384158,35.026412964382018],[-85.319015504049787,35.026153565424124],[-85.319435120715809,35.026004791465994],[-85.320007324881601,35.025867462299573],[-85.320678711338871,35.025608063341622],[-85.321151734254784,35.025390625841965],[-85.321777344670522,35.025016785217531],[-85.322273255086429,35.024494171676679],[-85.323471070709559,35.023288726886904],[-85.324317933208249,35.022449493554859],[-85.325103760290347,35.021743774805941],[-85.325874329039152,35.020927430015547],[-85.326263429038534,35.020488739391226],[-85.326644898829613,35.020160675850093],[-85.327323914453586,35.019599915434299],[-85.328063965494096,35.019260407101456],[-85.328720093618074,35.018978119601911],[-85.329536438408468,35.018638611269125],[-85.330047608199322,35.01843643210276],[-85.330505371740287,35.018379212311174],[-85.331268311322447,35.018325806061227],[-85.332130433196085,35.018444061269406],[-85.332557679028753,35.018550873769243],[-85.332656861320288,35.018650055019066],[-85.333000184236425,35.018997192518555],[-85.33328247173597,35.019016266476854],[-85.3335952748605,35.019035339393497],[-85.334320067567717,35.018531799810944],[-85.334709166525442,35.01838684147782],[-85.335159300899761,35.018192291478101],[-85.335578917565726,35.017929077936856],[-85.336143492564872,35.017684937312254],[-85.336730956105612,35.017341614396116],[-85.33695220818862,35.017101288354809],[-85.337211608188227,35.016899109188444],[-85.337440489437881,35.01677703939697],[-85.337684630062483,35.016685486272138],[-85.337989806103678,35.016483307105773],[-85.338302611311519,35.01625824043947],[-85.338806151935728,35.016056061273105],[-85.339218138393448,35.015914917523332],[-85.339645385267772,35.015922546689978],[-85.340080260267086,35.015800476898505],[-85.340332030058391,35.015724182106965],[-85.340950011307427,35.01554489148225],[-85.341255187348622,35.01544571023237],[-85.341583250889755,35.015335083149239],[-85.341918944639247,35.015213013357766],[-85.342254637347082,35.015090942524637],[-85.342643737346464,35.015010834191401],[-85.342926024846008,35.014953613358159],[-85.34311675922072,35.014949798774808],[-85.343040465470835,35.015388489399129],[-85.343032836304189,35.015769959190209],[-85.343017576929185,35.016464234189129],[-85.343009947762539,35.017013549813271],[-85.343025206095831,35.01725769043793],[-85.343070983179132,35.017616272729015],[-85.34311675922072,35.017997742520095],[-85.343055723804127,35.01843643210276],[-85.342994689429247,35.019050598768445],[-85.342926024846008,35.019638062309241],[-85.342834471721176,35.020290374808212],[-85.342826842554473,35.020839691474009],[-85.342781064429573,35.021312714389978],[-85.342712401929703,35.021759034180945],[-85.342758177971291,35.022087097722078],[-85.342857360262769,35.022361756054977],[-85.34295654359596,35.022800445637642],[-85.342971800887597,35.023097992512191],[-85.34309387067907,35.023456573761621],[-85.343162535262309,35.023727417511225],[-85.343177794637313,35.024082184177303],[-85.343200683178907,35.024440765426789],[-85.343246459220495,35.02475738625958],[-85.343338011303729,35.025070190425765],[-85.3434982290118,35.025428772716907],[-85.343681334219866,35.025722503966449],[-85.34387969880288,35.025894165424518],[-85.344047545677597,35.026103973757529],[-85.344284057135553,35.026268006048952],[-85.344528197760212,35.026454925840312],[-85.34510803109265,35.02679824875645],[-85.345375060258903,35.026855469589691],[-85.345863341508107,35.027015686256107],[-85.346755980048385,35.027286530005654],[-85.347305296714239,35.02749252375537],[-85.348251341504408,35.027832032088156],[-85.349594115460661,35.028217316462587],[-85.350646971709011,35.028537750837074],[-85.351516722749352,35.028724670628435],[-85.352363585248042,35.028934478961446],[-85.353202818580087,35.02905273521128],[-85.354103087328667,35.029151918544471],[-85.354339598786623,35.029273987294232],[-85.354515074828043,35.029670715418661],[-85.354484557119747,35.03010559145963],[-85.354393003994858,35.030494690417356],[-85.354286192536733,35.030776977916901],[-85.354225158161796,35.031040192499859],[-85.3541946404535,35.031242370624511],[-85.354026793578782,35.03163147062395],[-85.353828428995769,35.032283783122921],[-85.353767394620832,35.032600402914113],[-85.353790282120826,35.032970428955196],[-85.353775023787534,35.033344269579629],[-85.354049682120433,35.033721924787358],[-85.354469298786455,35.03409957895343],[-85.35481262066088,35.034343719578033],[-85.355377196701681,35.034667969577526],[-85.355903624825885,35.034961700827125],[-85.35626983524196,35.035205841451727],[-85.356819151907757,35.035541535201219],[-85.357345580031961,35.035812378950766],[-85.357902523781092,35.036083221658714],[-85.358612059196673,35.036312103950024],[-85.358955382112811,35.036445618533151],[-85.359436034195369,35.036693573741104],[-85.35974883940321,35.036941528949001],[-85.360115050860998,35.037292481031841],[-85.360404967527188,35.037494660198149],[-85.36053466752702,35.037631989364627],[-85.360816955026564,35.037757873739451],[-85.361106871692812,35.037849426864284],[-85.361511230025485,35.037841797697638],[-85.362068175857985,35.037761688322746],[-85.362525940440605,35.037616729989622],[-85.363098143564685,35.037425995614967],[-85.363548277939003,35.037364960198374],[-85.364006041479968,35.037326813323432],[-85.364341735229459,35.037307739365133],[-85.364822387312017,35.037250519573547],[-85.36541748001946,35.037128448740418],[-85.366004942518543,35.037090301865476],[-85.366668699809168,35.037120819573772],[-85.367149351891726,35.037258148740193],[-85.367416381057978,35.037528992489797],[-85.367591857099399,35.037902832072518],[-85.367691039390934,35.03836441123849],[-85.367599486266045,35.038719177904625],[-85.367675780015929,35.039134979987296],[-85.367813109182407,35.039577484153256],[-85.368125914390248,35.040023803944223],[-85.368202208140133,35.040309906027119],[-85.36819457897343,35.040641785193259],[-85.368293761264965,35.040817261234679],[-85.368644713347749,35.040996551859394],[-85.369094847722067,35.041114808109228],[-85.369415282096554,35.041160584150816],[-85.36959838730462,35.041145324775812],[-85.369842527929222,35.04108047581758],[-85.370216368553656,35.040996551859394],[-85.370544433136502,35.040935516442801],[-85.370780943552802,35.040939332067808],[-85.371025084177404,35.041007995609391],[-85.371284484177011,35.041164398734111],[-85.371673583134736,35.041366577900476],[-85.372200011258883,35.041645050816726],[-85.372573851883317,35.041854859149737],[-85.372917174799454,35.04207992581604],[-85.373184202924051,35.042240143524111],[-85.373580932090078,35.042465210190471],[-85.374084471672631,35.04273986852337],[-85.374565123755247,35.042987823731323],[-85.375228881045871,35.043285370605872],[-85.375686644586835,35.043445587272288],[-85.376220701877685,35.043609619563654],[-85.376808165418424,35.043704987271838],[-85.377456664375757,35.043754577896777],[-85.377937316458315,35.043849945604961],[-85.378417967499274,35.044033050813027],[-85.378845214373598,35.0441741945628],[-85.379348753956151,35.044376373729165],[-85.379829406038709,35.044563293520525],[-85.380203246663143,35.044700622687003],[-85.380828856037169,35.044994354978201],[-85.381095885203422,35.045196534144566],[-85.381423949786267,35.045467376852457],[-85.381652831035922,35.04564666956054],[-85.381896971660524,35.045936585185075],[-85.382057189368595,35.046443939350922],[-85.382087707076892,35.046543121642458],[-85.38208007686859,35.046596527892348],[-85.382057189368595,35.04678726226706],[-85.38190460082717,35.04719162059979],[-85.381614684160979,35.047706604973996],[-85.38152313103609,35.047805786223819],[-85.381324767494732,35.048000336223538],[-85.381019591453537,35.048263550806439],[-85.380798339370585,35.048503875806091],[-85.380653379995806,35.048706054972456],[-85.38031768728797,35.049083710180184],[-85.379837035205412,35.049488068512858],[-85.379341124789505,35.050174713303477],[-85.379051208123258,35.050960541427287],[-85.378822325831948,35.051536560176373],[-85.378555296665695,35.053047181007344],[-85.378433226874222,35.053421020590122],[-85.378227233124562,35.054237366422171],[-85.378105162291433,35.055103302879161],[-85.377891539375071,35.056339264335577],[-85.377853392500128,35.056724548710008],[-85.377716063333651,35.057125092459387],[-85.377342223750929,35.057693482041827],[-85.376831053960075,35.058101654957852],[-85.376205443544336,35.058536529957166],[-85.376037596669619,35.058670044540293],[-85.375923156044792,35.058879852873304],[-85.375663756045185,35.059688568497052],[-85.375511168545415,35.059917450788362],[-85.37514495812934,35.060131073704724],[-85.374748228963313,35.06019210912126],[-85.374603270630189,35.060245514329495],[-85.374137877922578,35.060409546620917],[-85.373886107089618,35.060604095578981],[-85.373611449798375,35.060867310161882],[-85.373504637298538,35.061065674744896],[-85.373413087298673,35.061332702869493],[-85.373298644590534,35.061687469535627],[-85.373107909174166,35.061885834118641],[-85.372833250841268,35.062103271618298],[-85.372558592508369,35.062255860159723],[-85.371955870634281,35.062469483076086],[-85.371658324801388,35.062686920575743],[-85.371002196677409,35.063034058075175],[-85.370559691469794,35.06333923411637],[-85.370231627928604,35.063694000782505],[-85.369873044595863,35.064044952865288],[-85.369476317513147,35.064727784114211],[-85.369026183138828,35.065612793487844],[-85.368377684181496,35.06684875494426],[-85.367874144598943,35.06786346535938],[-85.367706297724226,35.068195343483865],[-85.367538450849452,35.068393708066878],[-85.366577147725991,35.069660187231591],[-85.365753172727239,35.071155548687557],[-85.36532592689457,35.072227478894263],[-85.364944457103491,35.07377624555852],[-85.364639281062296,35.07538604763937],[-85.364639281062296,35.075450897639257],[-85.364456175854286,35.076625824720736],[-85.364456175854286,35.076969147636873],[-85.364372252937699,35.077171325761583],[-85.36425018210457,35.077346802844659],[-85.364219664396273,35.077533722636019],[-85.364112852938149,35.077827453885561],[-85.364074706063207,35.07812500076011],[-85.364036559188264,35.078445435134597],[-85.364028930021618,35.078800201800732],[-85.363990783146676,35.079013824717038],[-85.363784789396959,35.079414368466416],[-85.363693236272127,35.079696655966018],[-85.363555907105649,35.08004379346545],[-85.363342284189343,35.08040618929823],[-85.363166808147923,35.080863952839195],[-85.36286926231503,35.081615448671357],[-85.362686156065365,35.081920624712552],[-85.362518309190591,35.082202912212097],[-85.362442015440706,35.082469940336694],[-85.362373350857467,35.082874298669424],[-85.362327574815879,35.083251953877152],[-85.362403868565764,35.083644867418172],[-85.362297057107639,35.084140777834079],[-85.362190245649458,35.084693909083228],[-85.36214446960787,35.085296630957316],[-85.362068175857985,35.085769653873228],[-85.362007140441392,35.086200714289248],[-85.361938475858153,35.086437225747204],[-85.361846922733321,35.086750030955045],[-85.361923216483206,35.087154389287775],[-85.36191558731656,35.087467194495616],[-85.361991881066444,35.087875366369985],[-85.362121581066219,35.087932587203227],[-85.362297057107639,35.087932587203227],[-85.36266326856537,35.087882996578287],[-85.363159178981277,35.087890625744933],[-85.363586424813946,35.087951661161526],[-85.363975523771671,35.088119506994587],[-85.364372252937699,35.088287353869305],[-85.364692687312242,35.088466644494076],[-85.364982603978433,35.088794709076865],[-85.365211486269743,35.089149475743],[-85.365364073769513,35.089572906992316],[-85.365623472727464,35.089981079908341],[-85.36585998418542,35.090240478866292],[-85.366302489393036,35.090518951782542],[-85.366790770642297,35.090686798657259],[-85.367103575850138,35.090774537198797],[-85.367218016474965,35.090843201782036],[-85.367355345641442,35.090976715323507],[-85.367362974808088,35.091037750740043],[-85.367279051891558,35.091209412198111],[-85.36714172272508,35.091369629906183],[-85.366905211267124,35.091636658030779],[-85.366867064392181,35.091838837197145],[-85.366996764391956,35.092002869488567],[-85.367340087308094,35.092239380946523],[-85.367729186265819,35.092380524696296],[-85.368156432098544,35.092494965321123],[-85.368339537306554,35.092548370529357],[-85.368530272722921,35.092742920529076],[-85.368621824806155,35.092987061153678],[-85.368621824806155,35.093284608028227],[-85.368583677931213,35.093502045527885],[-85.368347167514912,35.093784333027486],[-85.368011473765421,35.094047546568731],[-85.367759703974116,35.094165802818509],[-85.367637633140987,35.09442520177646],[-85.367538450849452,35.094612122609533],[-85.367500303974509,35.094894410109077],[-85.367561339391102,35.095085144483789],[-85.367759703974116,35.09521102990027],[-85.36798858522377,35.095348359066691],[-85.368179320640138,35.095554352816407],[-85.368293761264965,35.095745087191062],[-85.368530272722921,35.095924377815834],[-85.368927000847293,35.09616088927379],[-85.369041440430465,35.096324921565156],[-85.369300841471727,35.096668244481293],[-85.369476317513147,35.096927643439244],[-85.369750975846046,35.097152710105547],[-85.370178221678714,35.097320556980321],[-85.370445250844966,35.097431183021797],[-85.370605467511382,35.097663879896459],[-85.370910643552577,35.097942352812652],[-85.371269224802006,35.098270416353841],[-85.371528624801613,35.098548889270091],[-85.371788023759564,35.098712921561457],[-85.372116088342352,35.098937989269473],[-85.37254333417502,35.099227905935663],[-85.372734068549732,35.099514008018559],[-85.372894286257804,35.099788666351458],[-85.373054503965932,35.100063324684356],[-85.373184202924051,35.100254059059068],[-85.373413085215361,35.100395202808841],[-85.373870848756326,35.10053634655867],[-85.374031066464397,35.100555420516969],[-85.374351500838884,35.100528717391967],[-85.374725340421662,35.100463867392079],[-85.374984740421269,35.100463867392079],[-85.375335692504052,35.1006393434335],[-85.375717162295132,35.100936890308049],[-85.376670836251947,35.10144424343224],[-85.376838683126721,35.101535797598785],[-85.37740325812581,35.101985931973047],[-85.377967833124956,35.102249146556005],[-85.378364562290983,35.102661133013669],[-85.378646849790584,35.102924347596627],[-85.378929137290129,35.103019715304811],[-85.379096984164846,35.103122712179641],[-85.379295348747917,35.103221893429463],[-85.380065917496722,35.103477478845775],[-85.380722044578988,35.103786469470265],[-85.380859373745466,35.10386276322015],[-85.381408690411263,35.103992463219925],[-85.381690977910864,35.104080200719807],[-85.381866453952227,35.104297638219464],[-85.382240294576661,35.104873658010263],[-85.382644652909335,35.10527801530128],[-85.382865904992343,35.105464936134354],[-85.383132934158596,35.105632783009071],[-85.383491515408025,35.105773926758843],[-85.38397216749064,35.105903625716962],[-85.384506224781489,35.105964661133555],[-85.384910583114163,35.105968475716907],[-85.385330199780185,35.106037140300089],[-85.38578796332115,35.106037140300089],[-85.386245726862114,35.105995178841852],[-85.386596678944898,35.105884552800319],[-85.387069700819154,35.105819702800432],[-85.387527465401774,35.105884552800319],[-85.387832640401314,35.105907440300314],[-85.388206481025748,35.106018067383445],[-85.388748168524899,35.105972290300201],[-85.38914489664927,35.10586547884202],[-85.389511107065346,35.10560989446742],[-85.390174864356027,35.105430603842706],[-85.390365599772394,35.105442047592703],[-85.390762327896766,35.10560989446742],[-85.391151426854492,35.10586547884202],[-85.391197203937736,35.10588836738367],[-85.391426085187391,35.105995178841852],[-85.392127989352957,35.106124878841626],[-85.392471312269095,35.106037140300089],[-85.393127440393073,35.105777741342195],[-85.393409727892674,35.105579376759181],[-85.393486021642559,35.105552673634179],[-85.393821715391994,35.105419159051053],[-85.395599364347561,35.105579376759181],[-85.395675658097446,35.105648041342363],[-85.395698546639096,35.105754852800544],[-85.39569091747245,35.105846405925377],[-85.395629882055857,35.105957031966909],[-85.395523070597733,35.106163025716569],[-85.395469664347786,35.106407166341228],[-85.395362852889605,35.106674193424112],[-85.395202636223189,35.107028962173558],[-85.395095824765008,35.107295990298155],[-85.394889831015348,35.107563019464408],[-85.394760131015573,35.107841492380658],[-85.394683837265688,35.10803604238032],[-85.394653319557392,35.108177186130092],[-85.394676208099042,35.108386994463103],[-85.394767760182219,35.108760834045881],[-85.394859313307052,35.109073639253722],[-85.394958495598587,35.109447479878156],[-85.395103453931711,35.109779359044296],[-85.395195006014887,35.110008240293951],[-85.395317076848016,35.110363006960085],[-85.395271300806428,35.110710144459517],[-85.395240783098131,35.110939026750827],[-85.395057677890065,35.111347198625197],[-85.394821166432109,35.111736298624578],[-85.394592284140799,35.112045288207469],[-85.394355772682843,35.112659454873153],[-85.394248961224662,35.112926484039406],[-85.394157409141485,35.113540649663435],[-85.394096373724892,35.114036561120997],[-85.394065856016653,35.114551544453548],[-85.393928526850175,35.11492157049463],[-85.3937988268504,35.115123749660995],[-85.393692015392219,35.115493774660422],[-85.393669127892224,35.115676880910144],[-85.393737792475463,35.115928650701449],[-85.393676757058927,35.116256714242581],[-85.393363951851029,35.11680984549173],[-85.393157958101369,35.117282868407642],[-85.393028258101594,35.117568970490538],[-85.392807006018586,35.118167877781275],[-85.392448424769157,35.119438171529282],[-85.391860961228417,35.121788025692354],[-85.391616820603758,35.121665954859168],[-85.391304015395917,35.121608735067582],[-85.390853881021599,35.121646881942524],[-85.390350341439046,35.121856690275536],[-85.389945983106372,35.122066498608547],[-85.389389037273872,35.122299195483208],[-85.388938902899611,35.122573852774451],[-85.388641357066717,35.122787476732469],[-85.388191222692399,35.123058319440361],[-85.387657164359894,35.123397827773147],[-85.387207029985632,35.123676300689397],[-85.386642454986486,35.123992920480589],[-85.385955810195867,35.12402725277218],[-85.385437011238366,35.12397766214724],[-85.385009764364042,35.123928070480645],[-85.384750365406092,35.124053955897125],[-85.384452818531543,35.124263764230136],[-85.384132384157056,35.124607087146273],[-85.38375854561599,35.124862671520873],[-85.383277892491719,35.125114441312178],[-85.382591246659445,35.125278473603601],[-85.38190460082717,35.125442505894966],[-85.381111144578426,35.125518799644851],[-85.38026428103808,35.12563705485303],[-85.379791259163767,35.125633240269678],[-85.379104613331549,35.125816345477745],[-85.378890990415186,35.125946045477519],[-85.378623961248934,35.126068116310705],[-85.3785705560407,35.126220703810475],[-85.378616332082288,35.126632691309794],[-85.378738402915417,35.127090454850759],[-85.378723143540469,35.127586365266666],[-85.378692625832173,35.128063202765929],[-85.378517149790753,35.128711700681606],[-85.378486632082456,35.128787995473147],[-85.378433226874222,35.129131317347571],[-85.378150939374677,35.129947663179678],[-85.377899168541717,35.130733490261775],[-85.377838134166836,35.13109207255286],[-85.377838134166836,35.131259918385979],[-85.377998350833252,35.131900788176608],[-85.377998350833252,35.132019043384787],[-85.377929686250013,35.132522584008996],[-85.377899168541717,35.132709503800356],[-85.37780761645854,35.133056641299845],[-85.377502440417345,35.133625030882286],[-85.377494811250699,35.134017945465018],[-85.377525328958995,35.134181976714729],[-85.377677916458765,35.13467025796399],[-85.377723692500354,35.134887694421991],[-85.377738951875301,35.135059356921715],[-85.377716063333651,35.135227203796489],[-85.377662658125416,35.135452271504448],[-85.377571105000584,35.135581970462567],[-85.377349852917575,35.135810852753877],[-85.377029418543088,35.135940552753709],[-85.37675476021019,35.136009217336891],[-85.376296996669225,35.136043549628539],[-85.375976561253026,35.136131287128421],[-85.375679015420189,35.1362304694199],[-85.375366210212349,35.136470795461207],[-85.375221251879225,35.1367874152524],[-85.374954222712972,35.137325287126544],[-85.374771117504906,35.137535095459555],[-85.374565123755247,35.137645722542686],[-85.374084471672631,35.1378631600424],[-85.373718261256556,35.137989044417168],[-85.373420714382007,35.138061523583758],[-85.373214720632348,35.138095855875349],[-85.372962950841043,35.13813018816694],[-85.372802733132971,35.138164520458588],[-85.372436522716896,35.138328552750011],[-85.372184752925591,35.13851165795802],[-85.371582030009847,35.138973237123992],[-85.371078490427294,35.13922500691524],[-85.370826720636046,35.139316558998473],[-85.370460509178258,35.139366150665069],[-85.37020873938701,35.139347076706713],[-85.36988067584582,35.139312744415122],[-85.369606017512922,35.139347076706713],[-85.369239806055191,35.139472962123193],[-85.368408201889793,35.139869690247622],[-85.36790466230724,35.140033722538988],[-85.367401121683031,35.140289306913587],[-85.367004393558659,35.140621186079784],[-85.366844175850531,35.140880585037678],[-85.366744994600708,35.141159057953928],[-85.366622923767579,35.141605377744895],[-85.366508483142752,35.142379761077052],[-85.366523741476044,35.142772675659728],[-85.366622923767579,35.143127442325863],[-85.366798399808943,35.143463135033699],[-85.367019652933607,35.143783570449841],[-85.36737060501639,35.144325256907337],[-85.367630003974341,35.14490509128143],[-85.367828368557355,35.145301819405802],[-85.367958067515474,35.145709992321883],[-85.368309019598257,35.147071839194723],[-85.368461608139683,35.147651672527161],[-85.368629455014457,35.148311615234491],[-85.368797300847518,35.148620605859037],[-85.36895751855559,35.148731231900513],[-85.369171141471952,35.148975372525115],[-85.369392394596616,35.149234772524721],[-85.369522093554735,35.149478913149323],[-85.369544982096386,35.149700165232332],[-85.369491575846439,35.14984893814875],[-85.369400023763262,35.150012970440173],[-85.36913299459701,35.15033340481466],[-85.369018553972182,35.15045929023114],[-85.368835448764116,35.150661469397505],[-85.368652342514395,35.150936127730404],[-85.368583677931213,35.151065826688523],[-85.368484496681333,35.151248932938245],[-85.368484496681333,35.151485443354545],[-85.368476866473031,35.151634217312676],[-85.368522643556275,35.151802063145738],[-85.368606566472806,35.152061463145344],[-85.368736266472638,35.152469636061369],[-85.368843077930762,35.152709962102676],[-85.368904113347355,35.152954102727278],[-85.368896483139054,35.153190613143579],[-85.368850707097465,35.153377533976652],[-85.368759153972576,35.153522492309719],[-85.368530272722921,35.153778076684318],[-85.368339537306554,35.154033661058918],[-85.368087767515306,35.154457093349947],[-85.36798858522377,35.154693603766248],[-85.367782591474111,35.154876710015969],[-85.367599486266045,35.154930115224204],[-85.367347716474796,35.154891968349261],[-85.366996764391956,35.154819489182728],[-85.366371153976274,35.154750824599489],[-85.365791319602181,35.154724121474544],[-85.365142821686504,35.154750824599489],[-85.364402769604339,35.154850006891024],[-85.363525389397353,35.155040741265736],[-85.362220763357755,35.155345917306931],[-85.361526488358834,35.155502320431651],[-85.360870360234799,35.155731201681306],[-85.36030578523571,35.155982971472611],[-85.360038756069457,35.156162263138981],[-85.35971832169497,35.156471252721815],[-85.359535216486904,35.15677642876301],[-85.35939025815378,35.157070161054207],[-85.359367369612187,35.157382966262048],[-85.359428405028723,35.1576232912617],[-85.359512327945254,35.157863617303008],[-85.359619139403435,35.158191681885796],[-85.359764097736559,35.158561706885223],[-85.359809874819803,35.15882110688483],[-85.359786986278152,35.159732819383407],[-85.359786986278152,35.159809113133292],[-85.359855650861391,35.161457062089085],[-85.359664916486679,35.162342072504373],[-85.359626769611737,35.162414551670906],[-85.359535216486904,35.162540436045731],[-85.359359740445484,35.162803650628689],[-85.359352111278838,35.162868500628576],[-85.358917235237868,35.16384124854369],[-85.358840941487983,35.163925171460278],[-85.358757018571453,35.164123536043292],[-85.358444213363612,35.16450119125102],[-85.357589720656563,35.164981842291922],[-85.356941222740943,35.165817261040672],[-85.356246947742022,35.166946412080563],[-85.355934142534181,35.167510987079709],[-85.355491637326509,35.167984009995621],[-85.35483550920253,35.168140412078685],[-85.353157042538442,35.168071747495503],[-85.352607725872645,35.168159486037041],[-85.351829527957193,35.168292999578455],[-85.351356505041281,35.168453217286583],[-85.3506927477506,35.168609619369647],[-85.350227355042989,35.168563843328059],[-85.350013732126683,35.168601990203001],[-85.349609373793953,35.168613434994654],[-85.349060058169812,35.168659211036243],[-85.348426817545828,35.16872406103613],[-85.34822845400447,35.168720246452835],[-85.348007200879806,35.168663025619594],[-85.347770690463506,35.16851806728647],[-85.347511290463899,35.168369294369995],[-85.346832274839926,35.168090821453802],[-85.346565245673673,35.168037415203855],[-85.346046446716173,35.167831421454196],[-85.345710752966681,35.167675019371075],[-85.345092772759301,35.167167664163571],[-85.344558714426796,35.16667938291431],[-85.344184874844075,35.166603089164425],[-85.343620299844929,35.166580200622775],[-85.343070983179132,35.166641236039368],[-85.342544555054928,35.166839600622382],[-85.342185972763843,35.167144775621921],[-85.341964720680835,35.167449951663116],[-85.341712950889587,35.16782379228755],[-85.341407774848392,35.168094636037097],[-85.341094969640494,35.168262481870215],[-85.340858458182538,35.168296814161806],[-85.34045410089152,35.168190002703625],[-85.340270995683454,35.168170929786982],[-85.339942931100666,35.16818618812033],[-85.339736937350949,35.168205262078629],[-85.339393614434812,35.168453217286583],[-85.338294982144873,35.169082642285559],[-85.337265013396461,35.169364929785161],[-85.336196898814819,35.169803620409482],[-85.335037230066575,35.170463563116755],[-85.334281920692774,35.170780182907947],[-85.334236143609473,35.170814515199538],[-85.333793639443513,35.171188354782316],[-85.333244324861028,35.17171859853147],[-85.332954407153181,35.172237395405659],[-85.332878113403297,35.172573090196806],[-85.332618714445346,35.172443390197031],[-85.331748963405005,35.172355652697149],[-85.329071045700857,35.172508240196919],[-85.32796478320256,35.172534943321864],[-85.327262879036994,35.172416688113742],[-85.326988220704095,35.172363281863852],[-85.326011658205573,35.172241212072322],[-85.324745179040917,35.172035218322662],[-85.324317933208249,35.171920776656179],[-85.323951721750461,35.171741486031465],[-85.323654175917568,35.171558380823399],[-85.323318482168133,35.171222687073907],[-85.323028565501886,35.170913697491073],[-85.322822571752226,35.170600892283232],[-85.32263946654416,35.170223237075504],[-85.322540284252682,35.169895172492659],[-85.322418213419496,35.169452668326699],[-85.322341919669611,35.169120789160502],[-85.322296143628023,35.168811798536012],[-85.322303772794669,35.168525696453116],[-85.322280884253075,35.168018341245556],[-85.322326661336319,35.167205811038514],[-85.322303772794669,35.166896820413967],[-85.322296143628023,35.165679931874195],[-85.322303772794669,35.164417267292833],[-85.322257996753081,35.164085389168349],[-85.322212219669836,35.16384124854369],[-85.322105408211655,35.163639069377382],[-85.321868897795355,35.163436890211017],[-85.321495057170921,35.163257599586302],[-85.320770264463761,35.163005829794997],[-85.319145204049619,35.162296295421129],[-85.317832947801605,35.161708832922045],[-85.317207337385923,35.161521912088972],[-85.317047119677852,35.161460876672436],[-85.316925049886379,35.161384582922551],[-85.316619873845184,35.161045075631364],[-85.316093445720981,35.160373688132438],[-85.315940858221211,35.160179139174375],[-85.315666199888312,35.159587861050341],[-85.315498350930227,35.159210205842555],[-85.31539917072206,35.15866470376011],[-85.315299988430581,35.158008575636131],[-85.315155030097458,35.157661439178298],[-85.31481170718132,35.15707779022091],[-85.314598084264958,35.156749725638065],[-85.314414979056949,35.156459808971817],[-85.314147949890696,35.156147003763976],[-85.313751221766324,35.155807495431191],[-85.313400269683484,35.155513764181649],[-85.312950135309222,35.155250549598748],[-85.312568665518143,35.155155182932219],[-85.312248231143656,35.155128479807217],[-85.311836243644279,35.155212402723805],[-85.31153869676973,35.15531921418193],[-85.311180115520301,35.155536652723299],[-85.31069183427104,35.155918123556035],[-85.310218812396784,35.156246186055512],[-85.309783936355814,35.156505585013463],[-85.309295655106553,35.156700135013125],[-85.308914185315473,35.156806946471306],[-85.308555604066044,35.156822204804598],[-85.308364868649676,35.156761170429718],[-85.308120728025017,35.156669617304829],[-85.307693482192349,35.156448363138509],[-85.307258607193035,35.156356812096988],[-85.306983948860136,35.156352997513693],[-85.306327820736158,35.15649795584676],[-85.305618287403945,35.156688691263128],[-85.304855347821785,35.15687942563784],[-85.30452728323894,35.15696334855437],[-85.304252624906042,35.157070161054207],[-85.304031372823033,35.15718078709574],[-85.303840638448321,35.15733337459551],[-85.303306580115816,35.157974243344484],[-85.302886963449851,35.158733368343292],[-85.30271148740843,35.158954621467956],[-85.302459717617182,35.159175873550964],[-85.302101136367696,35.159328461050734],[-85.301582337410196,35.159503937092097],[-85.301002503036102,35.159629822508577],[-85.300262451995593,35.159709930841814],[-85.299217224913832,35.159763337091704],[-85.298202515540424,35.159702301675168],[-85.297302246791844,35.159488678758805],[-85.296218872835198,35.159111023551077],[-85.29467010617094,35.15843963709375],[-85.294128418671733,35.158115388135911],[-85.293495179089405,35.157688141261588],[-85.293144227006621,35.157413482928689],[-85.293006897840144,35.157230377720623],[-85.292388916591108,35.156364441263634],[-85.291740418675488,35.155666351681418],[-85.291473389509235,35.155426025640111],[-85.291175843676342,35.155197144390456],[-85.29093170305174,35.155033112099034],[-85.290824890551903,35.154918671474206],[-85.290771485343612,35.154659271474657],[-85.290946961385032,35.154376983975055],[-85.291107179093103,35.154140473558755],[-85.291442871800939,35.153862000642562],[-85.29160308950901,35.153671265226194],[-85.291633607217307,35.153327942310057],[-85.291664124925603,35.15274047876926],[-85.291725159300483,35.152538300644608],[-85.291786194717076,35.152286529811647],[-85.291900635341904,35.152061463145344],[-85.292015077008386,35.151973724603806],[-85.292320252007869,35.151729583979204],[-85.292839050965426,35.151317597521484],[-85.292976380131904,35.151184082938357],[-85.293121338464971,35.151004792313643],[-85.293304444714693,35.15071487460574],[-85.293388367631223,35.150493622522788],[-85.293357849922927,35.15035629335631],[-85.293174744714918,35.150035858981823],[-85.292961121798555,35.149734497523923],[-85.292961121798555,35.149482727732675],[-85.293052673881732,35.149326325649554],[-85.293243409298157,35.149169922524834],[-85.293502808256051,35.148933411066878],[-85.293762208255657,35.148586273567389],[-85.294013978046962,35.148246766276259],[-85.294204712421617,35.147735596485404],[-85.294197083254971,35.147598267318926],[-85.293785095755595,35.146484375653984],[-85.293701172839064,35.146392822529151],[-85.293548585339295,35.14623642044603],[-85.293296814506391,35.14623642044603],[-85.292823792632134,35.146408081904099],[-85.292610169715772,35.146404267320804],[-85.292274475966281,35.146423340237448],[-85.291915894716851,35.146369935029156],[-85.291618347842302,35.146297455862623],[-85.291229248884576,35.146156312112851],[-85.290847779093497,35.145992279821428],[-85.290542603052302,35.145736695446828],[-85.290245057219465,35.145503998572167],[-85.28991699263662,35.145339966280744],[-85.289505006178956,35.145221711072622],[-85.289199830137761,35.145076752739499],[-85.288742066596797,35.144889831906482],[-85.287574768681907,35.144161224615914],[-85.286277771808955,35.143444062117055],[-85.285835266601282,35.143280029825632],[-85.284751892644636,35.142829895451314],[-85.283950806187534,35.142520904826824],[-85.283348084313502,35.142307281910462],[-85.282844544730949,35.142230988160577],[-85.282455444731568,35.142200470452337],[-85.281921387440718,35.142276764202165],[-85.280868531192311,35.142784119409725],[-85.280334473901519,35.14296341003444],[-85.280029297860324,35.142982483992739],[-85.279777528069019,35.142883301701261],[-85.27927398744481,35.142375946493701],[-85.27883148327885,35.141956329827678],[-85.27845001348777,35.141628266286546],[-85.27775573848885,35.14111328191234],[-85.276840210365265,35.140422821496713],[-85.276535035365725,35.139907837122507],[-85.276184083282942,35.139156342332058],[-85.275878907241747,35.13876342879098],[-85.2758636478668,35.138706207957739],[-85.275360108284247,35.13825607358342],[-85.274604797868733,35.137928010042287],[-85.274139405161122,35.137836456917398],[-85.273933411411463,35.137733460042568],[-85.27354431245368,35.13763427775109],[-85.27281951974652,35.137519837126263],[-85.272216797872431,35.13751220795956],[-85.271873472872983,35.137565613167851],[-85.271392822873736,35.137653351709389],[-85.270912170791121,35.137691498584331],[-85.270713807249763,35.13768768400098],[-85.270523071833395,35.137592316292796],[-85.270217896833856,35.137382507959785],[-85.269447327043395,35.136852265252287],[-85.268913269752545,35.136791229835694],[-85.268379212461696,35.136791229835694],[-85.267814637462607,35.136726379835807],[-85.267150880171982,35.136726379835807],[-85.26670837496431,35.136661529835919],[-85.266487122881301,35.136611939210979],[-85.266334534339876,35.136447906919557],[-85.266288758298288,35.135532379837684],[-85.266181946840106,35.135276795463028],[-85.265960693715499,35.135089874630012],[-85.264656067675844,35.134654999630698],[-85.264335633301357,35.13459014963081],[-85.264053345801756,35.134613038172404],[-85.263854981218742,35.134677887130636],[-85.263626099969088,35.134811401713762],[-85.262977601011755,35.135452271504448],[-85.262580872887384,35.135757446503987],[-85.262268067679543,35.135959625670353],[-85.262062073929883,35.136009217336891],[-85.261863709346812,35.136005402753597],[-85.261573792680622,35.13592147879541],[-85.261337281222666,35.135799409003937],[-85.261032105181471,35.135559082962629],[-85.260795593723515,35.135379792337915],[-85.260414123932435,35.135059356921715],[-85.260101318724594,35.1348991402553],[-85.259773255183404,35.134677887130636],[-85.25951385622551,35.134498596505921],[-85.259277344767497,35.134357452756149],[-85.259017944767947,35.134254455881319],[-85.258758545809997,35.134151459006489],[-85.258567810393629,35.134071350673253],[-85.258316040602324,35.133850098590244],[-85.258224488519147,35.133712769423823],[-85.258155823935908,35.133533478799109],[-85.258087159352726,35.133377075674332],[-85.258018494769487,35.133197785049617],[-85.257736207269886,35.132839203800188],[-85.25752258435358,35.132659913175473],[-85.257331848937213,35.132522584008996],[-85.256820679146358,35.132366180884219],[-85.256492615605168,35.132240297551107],[-85.25604248123085,35.131740570468537],[-85.255638122898176,35.131336213177519],[-85.25545501769011,35.131275177760926],[-85.254867554149371,35.131160737136099],[-85.254653931233008,35.131137848594506],[-85.254417419775052,35.131034851719619],[-85.254371643733464,35.130893707969847],[-85.254478455191645,35.130321503804055],[-85.25463104373307,35.129928589221379],[-85.254661560399711,35.1298103340132],[-85.254638672899716,35.129653930888423],[-85.254592895816472,35.129474640263709],[-85.254478455191645,35.12937545797223],[-85.254241943733689,35.129173279847521],[-85.253883362484203,35.128971100681156],[-85.253623963526309,35.128829956931384],[-85.253509521859826,35.128635406931721],[-85.253364563526702,35.128383637140416],[-85.253211976026932,35.128181457974051],[-85.253211976026932,35.127883912141215],[-85.253280640610171,35.127723694433087],[-85.253334045818406,35.127696991308142],[-85.253433228109941,35.12757873610002],[-85.253700257276193,35.12732315172542],[-85.254112244775513,35.12679290797621],[-85.25437927290011,35.126422882976783],[-85.25463104373307,35.126110077768942],[-85.25476074269119,35.12579345797775],[-85.254814148941136,35.125595093394736],[-85.254837035399419,35.125335694436842],[-85.254776002066194,35.125026703812296],[-85.254684448941305,35.124626160062917],[-85.254570008316477,35.124126435063715],[-85.254562379149831,35.123683929856043],[-85.25463104373307,35.123413086106495],[-85.254882813524318,35.123050690273715],[-85.255058289565739,35.122779846524111],[-85.255310059356987,35.122444153816332],[-85.255523682273349,35.122104645483489],[-85.255615235398182,35.121784211109002],[-85.255622864564884,35.121376038192977],[-85.255569458314937,35.121109009026725],[-85.255340577065283,35.120773316318889],[-85.25516510102392,35.120567322569229],[-85.254890442691021,35.120433807986103],[-85.254570008316477,35.120334625694568],[-85.254051209358977,35.120243073611391],[-85.25361633331795,35.12018585277815],[-85.25332641665176,35.120159149653205],[-85.252731323944374,35.120288849652979],[-85.252220154153463,35.120315552777924],[-85.251731872904259,35.120239257986384],[-85.251480103112954,35.120132446528203],[-85.251106264571888,35.119934082986845],[-85.250785828114033,35.11993026840355],[-85.250679016655852,35.11995697048684],[-85.250579834364373,35.120063781945021],[-85.2504577645729,35.120288849652979],[-85.250358582281365,35.120792389235532],[-85.250251770823184,35.121040344443486],[-85.250183106239945,35.121166229859966],[-85.249954223948635,35.121269226734796],[-85.249832154157161,35.121269226734796],[-85.249572755199267,35.121307373609739],[-85.249038696866762,35.121315002776385],[-85.248344421867841,35.121322632984743],[-85.24777221770205,35.121295929859741],[-85.247474670827501,35.121154786109969],[-85.247093201036421,35.121147155901667],[-85.246757508328642,35.121246338193146],[-85.246498108329035,35.12131118819309],[-85.246009827079774,35.121337891318035],[-85.245635987497053,35.121231079859854],[-85.245086670831199,35.120979310068606],[-85.244384766665632,35.120342254861214],[-85.244102479166088,35.119640350695647],[-85.243606567708525,35.118972778821671],[-85.243240357292393,35.118465424655824],[-85.242820740626371,35.118144989239624],[-85.242492677085238,35.11758422882383],[-85.242294312502224,35.116973877783153],[-85.242263794793928,35.116485596533892],[-85.242408753127052,35.11575698924338],[-85.242805481251423,35.115070343411105],[-85.243286133333982,35.114276886120649],[-85.243515015625292,35.113445282996963],[-85.243606567708525,35.113014221539288],[-85.243553162500234,35.111759186124573],[-85.243095398959326,35.111267090292017],[-85.242721558334893,35.110881805917586],[-85.242141723960799,35.110420227793327],[-85.241722107294777,35.110206604876964],[-85.241012573962564,35.109951019460709],[-85.239868164589325,35.109794617377588],[-85.239196778131998,35.109718323627703],[-85.23818206875859,35.109630585086222],[-85.237251282301713,35.109565735086278],[-85.236602784386037,35.10954284758634],[-85.235755920845691,35.109390259044915],[-85.235252381263138,35.109172821545258],[-85.234458923972682,35.10877990800418],[-85.233665466682282,35.10831451529657],[-85.233131409391433,35.10775375383912],[-85.232772828142004,35.107486725714523],[-85.232231140642853,35.107059479881855],[-85.231765747935242,35.106723786132363],[-85.231643677102056,35.106620789257533],[-85.231536865643932,35.106544495507649],[-85.231330871894215,35.106510163216058],[-85.23111724897791,35.106536866341003],[-85.230598450020352,35.106708526757416],[-85.230102539604445,35.106895447590432],[-85.229621887521887,35.107162475715029],[-85.229194641689219,35.10749816946452]]]]}},
{"type":"Feature","properties":{"objectid":228,"tnmid":"{0FB1AE11-DFC3-4C1F-80D2-9AFC86A81484}","metasourceid":"{0997CBAF-CD42-4E2D-B78B-22DB097E9973}","sourcedatadesc":null,"sourceoriginator":null,"sourcefeatureid":null,"loaddate":"2013-01-18T07:08:58Z","referencegnis_ids":null,"areaacres":39502.16,"areasqkm":159.86,"states":"TN","huc12":"060200010501","name":"Upper North Chickamauga Creek","hutype":"S","humod":"KA","tohuc":"060200010502","noncontributingareaacres":0.0,"noncontributingareasqkm":0.0,"shape_Length":0.63749210089844477,"shape_Area":0.015833777826408768},"geometry":{"type":"MultiPolygon","coordinates":[[[[-85.219421387537693,35.25134277444954],[-85.219589234412467,35.251197816116473],[-85.219825745870423,35.251026154658405],[-85.220176697953207,35.250827790075391],[-85.220466614619454,35.250686646325562],[-85.220741272952353,35.250572205700735],[-85.221305847951442,35.250431061950962],[-85.221549988576101,35.250385284867718],[-85.221832276075645,35.250282287992889],[-85.222000122950362,35.250102997368174],[-85.222152710450132,35.249893189035163],[-85.222351075033146,35.249496460910791],[-85.222358704199848,35.249191284869596],[-85.222221375033371,35.248760224453576],[-85.221672058367574,35.248218536954425],[-85.221214294826609,35.247783661955111],[-85.220870972952127,35.247306824455848],[-85.220542908369282,35.246845246331532],[-85.220252991703092,35.246501923415394],[-85.219757081287185,35.246204376540902],[-85.219505310454281,35.245880127583064],[-85.219367981287803,35.245391846333803],[-85.21924591149633,35.244899750501247],[-85.219055176079962,35.244377136960395],[-85.21891784795514,35.244041443210904],[-85.218620301080648,35.243728638003063],[-85.218330384414401,35.243297577587043],[-85.218063355248148,35.24289703487932],[-85.217864990665134,35.242603302588122],[-85.217742920873661,35.242340089046877],[-85.217674256290422,35.241855622380967],[-85.217720032332011,35.241592407798009],[-85.218040466706555,35.241249084881872],[-85.21846008337252,35.240947724465684],[-85.218986510455068,35.2408523567575],[-85.219139100038149,35.240856171340852],[-85.2193984989961,35.240768433840969],[-85.219528198995874,35.240692139049429],[-85.219680786495644,35.240604401549547],[-85.219810486495419,35.240543366133011],[-85.220069886495025,35.240425110924832],[-85.220260620869738,35.240276336966758],[-85.220375061494565,35.24015808175858],[-85.220565796910932,35.239948273425568],[-85.220603943785875,35.239826203634095],[-85.22070312607741,35.239601135926137],[-85.220932007327065,35.239284516134944],[-85.221221925034911,35.238922120302163],[-85.221595764617689,35.238685608844207],[-85.221855164617295,35.238594055719375],[-85.222167969825136,35.238616944260968],[-85.222465515657973,35.238742829677449],[-85.222908020865646,35.238868714052273],[-85.223243714615137,35.238842010927328],[-85.223503113573031,35.23872375571915],[-85.22380066044758,35.238639832802619],[-85.224067688572177,35.238582611969377],[-85.224548340654735,35.23839187655301],[-85.224830628154336,35.238227845303243],[-85.225097657320589,35.238079071345169],[-85.225624085444736,35.23785781926216],[-85.225921631277629,35.237819672387218],[-85.226272583360412,35.237846375512163],[-85.226959229192687,35.238071442178523],[-85.227333069817121,35.238071442178523],[-85.22812652710752,35.237911225512107],[-85.228332519815524,35.237899780720454],[-85.228736878148254,35.237800597387263],[-85.229003907314507,35.237709046345742],[-85.229339600022342,35.237548828637671],[-85.229698182313427,35.237232208846478],[-85.230003357312967,35.236965180721882],[-85.230377197937401,35.236637116139036],[-85.230697632311887,35.236381531764437],[-85.231231690644393,35.235992432806711],[-85.231460571894047,35.235752106765403],[-85.231758118768539,35.235485077599208],[-85.231933594809959,35.235225678641257],[-85.232147217726322,35.234786988016936],[-85.232475281267455,35.23424530155944],[-85.232681275017114,35.233898164059951],[-85.232933044808419,35.233551026560519],[-85.233085633349845,35.233455658852336],[-85.233291627099504,35.233287811977618],[-85.233520508349159,35.233001709894722],[-85.233673096890584,35.232791901561711],[-85.233901978140238,35.232463836978866],[-85.234054566681664,35.232284546354151],[-85.234283447931318,35.231967926562959],[-85.234550477097571,35.231639863021826],[-85.234848022930464,35.23135376093893],[-85.23506164584677,35.231025696356085],[-85.23529052813808,35.230751038023186],[-85.235328675013022,35.230541229690175],[-85.235412598971209,35.230270386982284],[-85.235420228137855,35.229904175524496],[-85.23549652188774,35.229755402608077],[-85.235664368762514,35.229576111983363],[-85.235908509387116,35.229381561983644],[-85.236099243761828,35.229217529692221],[-85.23634338438643,35.229114532817391],[-85.236732483344156,35.229057313025805],[-85.236968994802169,35.229110718234097],[-85.237266541676661,35.229171753650633],[-85.237541200009616,35.229221344275572],[-85.237838745842453,35.229167939067338],[-85.238098145842059,35.229137421359042],[-85.238250733341829,35.2290802005258],[-85.23851013229978,35.228992463025918],[-85.238677979174497,35.228950501567681],[-85.238998413548984,35.228816986984555],[-85.239143371882108,35.22869873073472],[-85.239242554173643,35.228504181776657],[-85.239349365631767,35.228286744277],[-85.239601136464728,35.228054047402395],[-85.239662170839608,35.227901459902625],[-85.239669801047967,35.227691651569614],[-85.239562989589786,35.227397919278417],[-85.239456177089949,35.227153778653758],[-85.239456177089949,35.226989746362392],[-85.239540101048135,35.226699829696145],[-85.23963928333967,35.226505280738138],[-85.239898682297621,35.226249695321826],[-85.240150452088869,35.225982667197286],[-85.24022674688041,35.225830078655861],[-85.240394592713471,35.225574494281204],[-85.240509034380011,35.22536468594825],[-85.240661621879724,35.225231171365124],[-85.240776062504551,35.225097656781998],[-85.241004944795861,35.224811554699102],[-85.241119385420689,35.224567414074443],[-85.241203309378932,35.224296570324896],[-85.241210938545578,35.224025727616947],[-85.241287232295463,35.223827363033934],[-85.241378785420295,35.223728180742455],[-85.241813660419609,35.223308564076433],[-85.242042542710919,35.22304153491018],[-85.242416382293698,35.222835541160464],[-85.242820740626371,35.222690582827397],[-85.24288940520961,35.222648621369103],[-85.243202210417451,35.22257614220257],[-85.243438721875464,35.222335816161262],[-85.243515015625292,35.222095490119955],[-85.243682862500066,35.221782684912114],[-85.243782043749889,35.221641541162342],[-85.244201661457566,35.221317292204503],[-85.244796754165009,35.220870972413536],[-85.245361329164098,35.220455170330865],[-85.245811463538416,35.220130921373027],[-85.246376038537562,35.21959304845717],[-85.246643067703815,35.219264984916038],[-85.247093201036421,35.218727113041837],[-85.247642517702218,35.218173981792688],[-85.248054505201594,35.217800141168311],[-85.248573304159152,35.217506409918769],[-85.249061585408356,35.217330933877349],[-85.249427795824488,35.217216492210866],[-85.249969483323639,35.21720886304422],[-85.250556946864378,35.217235566169165],[-85.251220704155003,35.2172889713774],[-85.251731872904259,35.21740341304394],[-85.252113342695282,35.217552185960358],[-85.252571107277902,35.217876434918196],[-85.25296783540233,35.218387604709051],[-85.253189087485282,35.218852997416661],[-85.253356934360056,35.219341278665922],[-85.253479005193185,35.219699859915352],[-85.25361633331795,35.220466614080806],[-85.253639221859601,35.221195221371374],[-85.253784180192724,35.221645355745636],[-85.253967286442446,35.221855164078647],[-85.25447082810831,35.222213746369789],[-85.255195618732159,35.222713471368991],[-85.256172181230681,35.223171234909955],[-85.256965639562793,35.223392486992964],[-85.257575989561815,35.223506928659447],[-85.258758545809997,35.22352600157609],[-85.259620667683635,35.223449707826205],[-85.260414123932435,35.223419190117909],[-85.260971069764878,35.223434449492856],[-85.261886597888463,35.223594666159329],[-85.263336182261241,35.223678590117515],[-85.264213562468171,35.22362899845092],[-85.265670777049252,35.223381043242966],[-85.266410828089761,35.223304749493082],[-85.266868591630725,35.223251343243192],[-85.26717376767192,35.223152160951656],[-85.267456055171465,35.223030091160183],[-85.267692566629478,35.222927094285353],[-85.26795959579573,35.222709656785696],[-85.268493653086523,35.222240448453078],[-85.269157410377204,35.221729279703879],[-85.269485474959993,35.221462250537627],[-85.269828796834474,35.221073151579901],[-85.270835877041236,35.220008850539841],[-85.272239686414082,35.21900177033308],[-85.272804261413171,35.218616485958705],[-85.273239136412542,35.218227387000979],[-85.273498536412092,35.217895508876495],[-85.274055482244592,35.217292785960751],[-85.274276734327543,35.217113495336037],[-85.274620057243681,35.216949464086269],[-85.275238039534429,35.216789246378198],[-85.276679993698849,35.216598512003486],[-85.277122498906465,35.216457367212058],[-85.278587342654191,35.215381623463713],[-85.280914307233957,35.213554382841551],[-85.281990052023957,35.212722778676152],[-85.28269958535617,35.212017059927291],[-85.283073425980604,35.211410523469908],[-85.28315734993879,35.211112976595359],[-85.283164979105436,35.210735321387574],[-85.283027649938958,35.210494996387979],[-85.282745362439414,35.2097930911807],[-85.282638550981233,35.20929718076485],[-85.282737733272768,35.208797455765591],[-85.282852173897595,35.208602905765929],[-85.283035279105661,35.208480835974456],[-85.283287048896909,35.208362579724621],[-85.28353881972987,35.208301545349684],[-85.284042359312423,35.208248139099794],[-85.284614563478215,35.208244324516443],[-85.285362244727025,35.20825576826644],[-85.285911561392822,35.208347321391329],[-85.286415100975375,35.208507539099401],[-85.287109375974296,35.208827973473888],[-85.287796021806571,35.209186554723317],[-85.288497925972138,35.209419251597978],[-85.288948060346456,35.209457398472921],[-85.289512635345602,35.209373474514734],[-85.290290833261054,35.209262848473202],[-85.29158020096736,35.20904159639025],[-85.29409027179679,35.208728791182352],[-85.294815064504007,35.208698273474113],[-85.295783997835827,35.208629608890874],[-85.296905518667472,35.208480835974456],[-85.298759461372924,35.208118439100019],[-85.300239563453943,35.207729340142237],[-85.300445557203602,35.207649231809057],[-85.301338196785593,35.207477570350989],[-85.302284241575762,35.20732879743457],[-85.303253174907582,35.207141876601497],[-85.304100037406272,35.206890106810249],[-85.305168153029626,35.206527710977468],[-85.306167603028086,35.206096649519793],[-85.307518006150985,35.205360413062579],[-85.307945251983654,35.205165864104572],[-85.308219910316552,35.204986573479857],[-85.308448792607862,35.204689026605308],[-85.308677673857517,35.203773499523379],[-85.308914185315473,35.203060150566159],[-85.309387208231385,35.202564240150252],[-85.309715271772575,35.202400207858886],[-85.309867859272345,35.202358246400593],[-85.310325623854965,35.202281952650708],[-85.310821534270872,35.202362060983944],[-85.311256409270186,35.202583314108608],[-85.311622620727917,35.202915192233093],[-85.311775208227687,35.203075409941164],[-85.31232452489354,35.203731538065142],[-85.312583923851435,35.203998566189739],[-85.312904359267634,35.204143524522806],[-85.313568116558258,35.204246521397693],[-85.313949586349338,35.204372406814116],[-85.314323425932059,35.204498292230596],[-85.314674378014843,35.204582215147127],[-85.315086365514219,35.204586029730478],[-85.31578064051314,35.2044677745223],[-85.31683349676149,35.204113007856222],[-85.31770324780183,35.203750610981785],[-85.31806182905126,35.203594208898664],[-85.318862915508362,35.202831269316505],[-85.319831848840181,35.201972962026218],[-85.322090149878363,35.200164795362355],[-85.323387146751315,35.199134827655598],[-85.323585511334386,35.199073792239005],[-85.323898316542227,35.199092866197361],[-85.324386597791431,35.199226379738775],[-85.326248169663586,35.199787140154569],[-85.326889039454215,35.200004578695939],[-85.327041626953985,35.200057983904173],[-85.327575684244835,35.200031280779228],[-85.328010560285804,35.200004578695939],[-85.328475952993415,35.200092316195764],[-85.328926087367734,35.200210572445599],[-85.329299927992167,35.200248719320541],[-85.329772949866424,35.2001914984873],[-85.330642700906765,35.200138093279065],[-85.331230164447504,35.200080872445824],[-85.333358763402543,35.199626923488154],[-85.334251402984478,35.199527741196675],[-85.334602355067261,35.199436188071786],[-85.335021971733283,35.199230194322126],[-85.336410521731125,35.198574067239804],[-85.337684630062483,35.198085785990543],[-85.338264464436577,35.197952271407416],[-85.338493346727887,35.197929382865823],[-85.338989257143794,35.197937012032469],[-85.339660643601064,35.198036194323947],[-85.341194151932029,35.198490143281617],[-85.341812133181065,35.198524475573208],[-85.342224120680442,35.198387146406787],[-85.342803954012879,35.197635651616281],[-85.342979430054243,35.197460175574861],[-85.34365081651157,35.197162628700312],[-85.343940734219416,35.197120667242075],[-85.34416961546907,35.197074891200486],[-85.345008848801115,35.196716308909345],[-85.346374511299018,35.195888520368953],[-85.347785948796798,35.195297242244919],[-85.348968505044979,35.194961548495428],[-85.349700926918842,35.194866180787244],[-85.350646971709011,35.194877625578897],[-85.351531981082644,35.194938659953777],[-85.352546691497764,35.1951026922452],[-85.353202818580087,35.195232392244975],[-85.353721617537587,35.195240021411621],[-85.354217527953494,35.195224763078329],[-85.354515074828043,35.195190430786738],[-85.354789733160942,35.194992066203724],[-85.354972838369008,35.194667817245886],[-85.355072020660486,35.194385529746285],[-85.355209349826964,35.193981171413611],[-85.355278014410146,35.193794251622251],[-85.355453490451566,35.193466187039405],[-85.35565185503458,35.193244934956397],[-85.355895995659239,35.192951202665199],[-85.356170652950482,35.192684174540602],[-85.356887816490996,35.193778992247246],[-85.357742308156332,35.195167542245088],[-85.357902525864461,35.195392608911391],[-85.358215331072302,35.19569015578594],[-85.35887145919628,35.196109772451962],[-85.359146117529178,35.196277619326679],[-85.359535216486904,35.196464539118097],[-85.359832762319797,35.196590424534577],[-85.3600769029444,35.196655274534464],[-85.360336302944006,35.196659089117759],[-85.360633848776843,35.196643829742811],[-85.361030577942927,35.196609497451163],[-85.361305236275825,35.196590424534577],[-85.361579894608724,35.196594239117871],[-85.361785887316728,35.196586609951225],[-85.362495421690653,35.196739197450995],[-85.363250731064454,35.196929932867363],[-85.363647460230538,35.197036744325544],[-85.364105223771446,35.197223664116905],[-85.364616393562358,35.19761276307463],[-85.364952086270137,35.198104858907186],[-85.365119933144911,35.198459625573321],[-85.365180968561447,35.198844909947695],[-85.365196226894795,35.199592591196563],[-85.365150450853207,35.20003891098753],[-85.365005492520083,35.201026917235993],[-85.364967345645141,35.201900482859628],[-85.364959715436839,35.202384949525538],[-85.364852903978658,35.202766419316617],[-85.364746092520477,35.203125000566104],[-85.364593505020707,35.20348739744054],[-85.364433287312636,35.203964233898091],[-85.364303588354517,35.204345703689171],[-85.364150999813091,35.204685212022014],[-85.364105223771446,35.204803467230136],[-85.364143370646389,35.2050247203548],[-85.364265441479574,35.205188751604567],[-85.364532469604114,35.20531463702099],[-85.365043639395026,35.205463409937465],[-85.365409849811101,35.205585480770594],[-85.365745543560593,35.205711365145419],[-85.366210936268203,35.205928803686731],[-85.366592406059283,35.206195831811328],[-85.366882323767186,35.20645904639423],[-85.367073058141841,35.206825256810305],[-85.367187498766668,35.207145691184849],[-85.367256163349907,35.207592010975816],[-85.36729431022485,35.207851410975422],[-85.367393492516385,35.208095551600024],[-85.367507934182868,35.20829773076639],[-85.367721557099173,35.20853424118269],[-85.368034362307014,35.208873749515476],[-85.368392943556501,35.209259033889907],[-85.369163512305306,35.209869385972297],[-85.36988067584582,35.21047592242968],[-85.370597838344736,35.210845948470762],[-85.371231077927064,35.211074829720417],[-85.371788023759564,35.211162568261955],[-85.372421263341892,35.21114730888695],[-85.372863768549564,35.211116791178654],[-85.373443602923658,35.21104431201212],[-85.373817442506379,35.210929871387293],[-85.374084471672631,35.210750580762578],[-85.374420165422123,35.21042633180474],[-85.374572752921893,35.210189820346784],[-85.374771117504906,35.209930420347177],[-85.375007628962862,35.209758758889109],[-85.375312803962402,35.209724426597518],[-85.375755309170074,35.209644318264282],[-85.37637329041911,35.209354401598091],[-85.376892089376611,35.208984375557009],[-85.377517699792293,35.208614350557582],[-85.378143309166376,35.208240509933148],[-85.378814696665302,35.20791626097531],[-85.379386900831093,35.207794190142181],[-85.380363463329559,35.207679749517354],[-85.381240843536546,35.207527160975928],[-85.38190460082717,35.207447052642692],[-85.382682799784277,35.207290650559628],[-85.383041381033763,35.207233429726386],[-85.383468626866431,35.207145691184849],[-85.383880614365751,35.207172394309794],[-85.384490966448141,35.207267762017977],[-85.385650634154672,35.207302094309568],[-85.386619567486548,35.207485199517635],[-85.387435912276942,35.207580567225818],[-85.388023375817681,35.207756043267239],[-85.388633726858416,35.208225250558144],[-85.389129638315978,35.208782196390644],[-85.389488219565408,35.20912170472343],[-85.38967895394012,35.209671021389227],[-85.389671324773474,35.210178375555131],[-85.389511107065346,35.210468293263034],[-85.38932037269069,35.210952759928944],[-85.389564513315293,35.211608887011266],[-85.390068052897846,35.21201324534394],[-85.390800474771709,35.212444305759959],[-85.390922545604838,35.212867738050932],[-85.391014098729727,35.213375092216836],[-85.391220091437731,35.213630676591436],[-85.391601561228811,35.213634492216443],[-85.392089842478015,35.213558197424902],[-85.392784117476936,35.213356019300193],[-85.393218993517962,35.213424683883431],[-85.393630981017282,35.213680268258031],[-85.394287108099604,35.214027405757463],[-85.394744872682224,35.214286804715414],[-85.39525604143148,35.214462280756834],[-85.395919798722105,35.214553833881666],[-85.39645385705461,35.2146263130482],[-85.396965025803809,35.21480178908962],[-85.397521971636252,35.215396881797005],[-85.397659300802729,35.21603012137939],[-85.397697447677672,35.216705323461667],[-85.397583007052845,35.217292785960751],[-85.397521971636252,35.217754365126723],[-85.397514342469606,35.218257904709276],[-85.397605895594495,35.218765259916779],[-85.397697447677672,35.219146729707859],[-85.397895812260685,35.219528199498939],[-85.39788818309404,35.219928742206662],[-85.397880552885738,35.220241547414503],[-85.397979735177216,35.220558167205695],[-85.398231506010177,35.221004486996662],[-85.398422240384889,35.221149445329786],[-85.398620604967903,35.221382142204391],[-85.39896392788404,35.221824646370408],[-85.399360656008412,35.222461701577743],[-85.399711608091195,35.222797394285521],[-85.400115966423925,35.223140717201659],[-85.400764464339545,35.22365188699257],[-85.401321410172045,35.224117279700181],[-85.401824950796254,35.224418641158024],[-85.402221678920625,35.224842072407341],[-85.402824400794714,35.225269318240009],[-85.403533935168582,35.225612641156147],[-85.404197692459263,35.225746155739273],[-85.405311584124149,35.225971222405633],[-85.406433104955795,35.226280213030122],[-85.406829833080167,35.226596832821315],[-85.407440185162557,35.226898194279158],[-85.408096312244879,35.227138520320466],[-85.408653258077322,35.227397919278417],[-85.409355162242889,35.227867127610978],[-85.410057067450168,35.228504181776657],[-85.410614013282611,35.228805543234557],[-85.411224364323346,35.229190827608932],[-85.411590575781076,35.229675294274841],[-85.411796567447425,35.229930878649441],[-85.412162779946868,35.230770111981485],[-85.412460326821417,35.231025696356085],[-85.41294097786232,35.231388093230521],[-85.413337707028404,35.231769563021601],[-85.413665770569537,35.232322693229094],[-85.413314818486754,35.232517243228813],[-85.412857054945789,35.232925416144838],[-85.412391662238178,35.233451844268984],[-85.411323546614824,35.234348297392614],[-85.410758971615735,35.234832764058524],[-85.41043090703289,35.235076904683126],[-85.409866329950432,35.235565185932387],[-85.409248349743052,35.236255646347956],[-85.408981322660168,35.236785889055511],[-85.408866880993685,35.2371139536383],[-85.408966063285163,35.237571717179264],[-85.408950804951871,35.238128663011764],[-85.408576964327438,35.239303590093243],[-85.408493041410907,35.239879608842386],[-85.408432005994314,35.240417481758186],[-85.408241271619602,35.240829468215907],[-85.407859801828579,35.241214754673592],[-85.406845092455114,35.24161529633966],[-85.406585692455508,35.242027283839036],[-85.40662383933045,35.242645264046416],[-85.406913755996698,35.243228913003804],[-85.40700530912153,35.243724823419711],[-85.406837462246813,35.24450683696017],[-85.406562803913914,35.245494843208633],[-85.40635681120591,35.246032716124489],[-85.406166075789542,35.246440887998858],[-85.40593719245652,35.246543884873688],[-85.405433651832311,35.246765137998352],[-85.404975888291347,35.247070312997892],[-85.404411315375569,35.247638703621988],[-85.404220579959201,35.248153686954538],[-85.403724669543294,35.248870850495052],[-85.403549193501931,35.249137879661305],[-85.403182982044143,35.249565125493973],[-85.402976989336139,35.249977112993349],[-85.402969359127837,35.250473023409256],[-85.402961727877823,35.25072097861721],[-85.402992247669431,35.250873566116979],[-85.40308380079432,35.251018525491759],[-85.403175352877497,35.25111389215823],[-85.403282164335678,35.251209261949782],[-85.403663634126758,35.251335145282894],[-85.403892516418068,35.251377106741188],[-85.404029845584489,35.251434326532774],[-85.404190062250905,35.251514435907609],[-85.404411315375569,35.251735687990617],[-85.404472349750506,35.251998902573519],[-85.404464720583803,35.252170564031587],[-85.404396056000621,35.252323151531357],[-85.404273986209148,35.252529145281073],[-85.404151915375962,35.25282669111391],[-85.404098510167728,35.253196717155049],[-85.404014586209541,35.253479004654594],[-85.403892516418068,35.253627777571012],[-85.403778075793241,35.253723145279196],[-85.403450011210396,35.253868103612319],[-85.403129576835909,35.254035950487037],[-85.402603148711705,35.254322052569933],[-85.402206419545678,35.254581452569539],[-85.401878356004488,35.254821778610847],[-85.40145111017182,35.255214692151867],[-85.401100158089037,35.255699158817777],[-85.400932311214319,35.256134033817148],[-85.40084075808943,35.256370545275104],[-85.400718688297957,35.256519318191522],[-85.400482176840001,35.256725311941238],[-85.399971007049146,35.257080080690685],[-85.399047850800571,35.257774353606237],[-85.398574827884659,35.258136750480674],[-85.398124695593651,35.258441925480213],[-85.397781371635858,35.258586884854992],[-85.397293090386597,35.258705140063114],[-85.396949767470517,35.258739472354762],[-85.395637511222503,35.258861542146235],[-85.394989013306883,35.258945466104421],[-85.39418029664148,35.259105682770837],[-85.393455504975918,35.259265900478908],[-85.392921446643413,35.25947570881192],[-85.391906737270006,35.260131836935898],[-85.391395566437438,35.260482791102049],[-85.391044615396311,35.260761261934931],[-85.390830992480005,35.260967255684648],[-85.390609740396997,35.261234283809188],[-85.390380858105686,35.26157379214203],[-85.390220641439271,35.261695862975159],[-85.390029906022903,35.261787415058336],[-85.389541624773642,35.261936189016467],[-85.388816833108137,35.262142181724471],[-85.387977598734437,35.262409210890723],[-85.387214660193933,35.262741090056863],[-85.386642454986486,35.263011932764812],[-85.38578796332115,35.263690949430384],[-85.385665892488021,35.263965607763282],[-85.385688781029614,35.264324189012768],[-85.385910033112623,35.264801026512032],[-85.386268614362052,35.265411377552709],[-85.386604308111544,35.265796661927141],[-85.386947631027681,35.266181946301515],[-85.387168883110689,35.266525269217652],[-85.387413023735292,35.266960145258679],[-85.387855528942964,35.267894745257195],[-85.38806915185927,35.268581391089469],[-85.388267516442284,35.269081116088671],[-85.388442992483704,35.269557953587935],[-85.388549803941885,35.270130158795382],[-85.388565062275177,35.270568848378048],[-85.388847349774721,35.271530152543221],[-85.388908385191314,35.272178650458898],[-85.389038085191089,35.272468568166801],[-85.389198301857505,35.272792817124582],[-85.38935089039893,35.273059846290835],[-85.389533995606996,35.273227692123953],[-85.389701842481713,35.273384095248673],[-85.389907838314741,35.273555756706742],[-85.390068052897846,35.273750305664805],[-85.390182494564328,35.273960113997816],[-85.390319823730806,35.27421188483072],[-85.390380858105686,35.274425507747083],[-85.390426635188931,35.274688721288328],[-85.390419004980629,35.27492141816299],[-85.390388488313988,35.275226594204184],[-85.390312193522448,35.275512696287024],[-85.390213012272625,35.275775909828326],[-85.390045165397851,35.27610015982782],[-85.38973236019001,35.276573181702076],[-85.389404295607221,35.276893616076563],[-85.389022825816141,35.277172088992813],[-85.388572690400167,35.277420045242422],[-85.388427733108699,35.27753448586725],[-85.388236998733987,35.277725220241962],[-85.388084411234274,35.277935028574973],[-85.387817382068022,35.278530121282358],[-85.387596129985013,35.278873444198496],[-85.38723754561056,35.279273987947875],[-85.38668823206973,35.279750826488794],[-85.385307311238535,35.281131745236678],[-85.3849716174891,35.281455994194516],[-85.384727476864441,35.281642915027533],[-85.384445189364897,35.281833649402245],[-85.384017943532228,35.282062531693555],[-85.383804320615923,35.282249451484915],[-85.38341522165814,35.282634735859347],[-85.383094786241998,35.283058167108663],[-85.382682799784277,35.283561707732872],[-85.382438659159675,35.28380203377418],[-85.382118223743532,35.283969879607241],[-85.381935118535466,35.283969881690609],[-85.381744384160754,35.283878327524064],[-85.381484984161148,35.283676148357699],[-85.381271361244842,35.283432007733097],[-85.381118773745072,35.283210755650089],[-85.380805968537231,35.282901765025599],[-85.380462645621094,35.282722474400884],[-85.379928588330245,35.282539368151163],[-85.379341124789505,35.282444001484635],[-85.378723143540469,35.282520297317831],[-85.378036497708194,35.282775879609119],[-85.377258299792743,35.283050537942017],[-85.376312255002517,35.283210755650089],[-85.375938414378084,35.283267975441674],[-85.375411986253937,35.283378600441495],[-85.37512206958769,35.28347015460804],[-85.374473570630357,35.283538819191278],[-85.374191283130813,35.283519745232979],[-85.374000548756101,35.283416749399805],[-85.373664855006609,35.283237457733378],[-85.373359678965414,35.283134460858548],[-85.373069762299224,35.283092499400311],[-85.372596739383312,35.28314209106685],[-85.372001646675869,35.283370972316504],[-85.371765136259569,35.283542633774573],[-85.371391295635135,35.28398895356554],[-85.37095641855251,35.284511567106392],[-85.370567320636439,35.284839630647582],[-85.370292662303541,35.285114288980481],[-85.369903563345815,35.285209656688664],[-85.369522093554735,35.285163880647076],[-85.369026183138828,35.285011292105651],[-85.368827817514159,35.284957886897416],[-85.368629455014457,35.285015106688945],[-85.368461608139683,35.285110474397129],[-85.368133543556894,35.285640717104684],[-85.367729186265819,35.286582947311558],[-85.36752319251616,35.286834718144462],[-85.367256163349907,35.287029267102525],[-85.366981505017009,35.287166596268946],[-85.366607665434231,35.287300110852073],[-85.366363524809628,35.287353516060364],[-85.366218566476505,35.287433625435199],[-85.366119384185026,35.287570954601676],[-85.36608886647673,35.287826538976276],[-85.366668699809168,35.288524628558491],[-85.366851806058889,35.288825990016392],[-85.367034911266899,35.289340973348942],[-85.367195128975027,35.289955140014627],[-85.367256163349907,35.290451050430534],[-85.36746978626627,35.29110336397116],[-85.367668150849283,35.2914733900123],[-85.367904660223928,35.291900635844968],[-85.368362425848204,35.292911530635024],[-85.368553160222916,35.293262482717807],[-85.368736266472638,35.293563843134052],[-85.368858336264111,35.293823243133602],[-85.368949889388944,35.294063569174909],[-85.368995665430532,35.294242859799624],[-85.369110106055359,35.294582368132467],[-85.369148253971957,35.294761658757182],[-85.369247435221837,35.294940949381896],[-85.36936187688832,35.295043946256726],[-85.369483946679793,35.295104981673319],[-85.369674682096161,35.295185090006498],[-85.369918822720763,35.295227051464792],[-85.37020873938701,35.29529190146468],[-85.370376586261727,35.29537582438121],[-85.370521544594851,35.295475008756057],[-85.370658873761272,35.295578003547575],[-85.370803832094396,35.295738221255647],[-85.370941161260873,35.296039581671835],[-85.371009825844112,35.296337128546384],[-85.371162413343825,35.297153473336778],[-85.371315001885307,35.297683717085988],[-85.371376036260187,35.298004151460475],[-85.371398924801838,35.298259735835074],[-85.371414184176786,35.298778534792575],[-85.37149047792667,35.299499512916498],[-85.371482848760024,35.299961091040757],[-85.371253966468714,35.301017761872458],[-85.371246337302068,35.30145645249678],[-85.371116637302237,35.301856995204503],[-85.370910643552577,35.3021507274957],[-85.3702621456369,35.302825928536322],[-85.36913299459701,35.303867341034731],[-85.368141173765196,35.304615021241887],[-85.367065428975195,35.305667878531892],[-85.366630552934225,35.305992127489731],[-85.365715025852296,35.306705475405295],[-85.364997863353437,35.307216645196149],[-85.364234923771278,35.307991028528306],[-85.363632200855534,35.308677674360581],[-85.363357544605947,35.308956147276831],[-85.362983702939857,35.309230805609729],[-85.36243438627406,35.309566498317508],[-85.361793517525086,35.309879303525349],[-85.361145018567754,35.310222626441487],[-85.36077117794332,35.310577393107621],[-85.360466002943781,35.310997009773644],[-85.36021423211082,35.311515808731144],[-85.359954831069558,35.312194825396773],[-85.359710692528267,35.312881470187392],[-85.359359740445484,35.313423157686543],[-85.358543394613434,35.314521789976482],[-85.358039855030881,35.315162659767168],[-85.357536315448328,35.31566238476637],[-85.357246397740425,35.316028596224157],[-85.35708618107401,35.316421509765235],[-85.356948851907589,35.317371369138755],[-85.356788634199518,35.317893982679607],[-85.356643675866394,35.31824493476239],[-85.356101988367243,35.319622041010234],[-85.355644224826278,35.320304871217502],[-85.355133056077079,35.320808411841767],[-85.354026793578782,35.321685792048697],[-85.352928160247131,35.322444917047562],[-85.352050780040202,35.322940827463412],[-85.35104369983344,35.323616028504034],[-85.350120543584865,35.324508668086025],[-85.349418639419241,35.325351716001364],[-85.34889984046174,35.326244355583299],[-85.348564146712249,35.326850892040682],[-85.348197936296174,35.327419281623122],[-85.347991942546457,35.327869415997441],[-85.347885131088333,35.328254700371872],[-85.347793577963444,35.329029083703972],[-85.347648619630377,35.329833985786081],[-85.347572325880492,35.330139160785563],[-85.347412108172364,35.330444336826758],[-85.347236632131001,35.330730438909654],[-85.34692382692316,35.331237794117214],[-85.346809386298332,35.331497193075165],[-85.346679686298501,35.331878662866245],[-85.346649168590261,35.332065583699261],[-85.34661865192362,35.332393647240451],[-85.346633908173601,35.333049775364429],[-85.346572874840376,35.33331680348897],[-85.346488951923789,35.333644865988504],[-85.346305846715779,35.334041594112875],[-85.345901488383049,35.334510802445493],[-85.345314022758998,35.334995269111403],[-85.344749449843164,35.335891722234976],[-85.344123839427482,35.336761473275317],[-85.343788145677991,35.337234496191229],[-85.342857360262769,35.338470459731013],[-85.342506408179986,35.339023588896794],[-85.342109679013959,35.339530944104354],[-85.341842650889362,35.339813231603898],[-85.341331479015139,35.340358733686401],[-85.34098815818237,35.340808867019007],[-85.340850829015892,35.340976713893781],[-85.34043121234987,35.341365812851507],[-85.340072631100441,35.341663359726056],[-85.339645385267772,35.342029570142131],[-85.338905333185608,35.342548369099688],[-85.338577269644418,35.342735289932705],[-85.33823394672828,35.342868805557487],[-85.337951659228736,35.342945099307371],[-85.337730407145727,35.343013762848955],[-85.337486266521125,35.343116759723785],[-85.336944579021974,35.343429564931625],[-85.336235045689705,35.343921660764181],[-85.335823058190385,35.344173430555486],[-85.335647582148965,35.344253538888665],[-85.335472104024234,35.344406128471803],[-85.335350035274416,35.344528197221564],[-85.335235594649589,35.34466171180469],[-85.335189818608001,35.344841002429462],[-85.335189818608001,35.34509277222071],[-85.335166930066407,35.345252989928781],[-85.335144041524757,35.345462798261792],[-85.335113524858116,35.345706938886451],[-85.335044860274934,35.34598159721935],[-85.334960936316691,35.346145627427404],[-85.334815977983624,35.346317289927129],[-85.334526061317376,35.346576689926735],[-85.334381102984253,35.346767424301447],[-85.334251402984478,35.346950530551169],[-85.334083556109761,35.347064971175996],[-85.333747862360269,35.347320555550596],[-85.33338928111084,35.347568510758549],[-85.332771301945115,35.348041533674461],[-85.332450867570628,35.348251342007472],[-85.332389832154036,35.348030089924464],[-85.332336426945801,35.347702025341675],[-85.332221985279318,35.34713745034253],[-85.331993104029664,35.346363067010429],[-85.331832886321592,35.345813750344576],[-85.331695557155115,35.345439909720199],[-85.331542969655345,35.345214843053839],[-85.331359864447279,35.344974517012588],[-85.331069946739433,35.344703673262984],[-85.330612183198468,35.344249724305371],[-85.33039093111546,35.343925475347532],[-85.329635620700003,35.343132018057076],[-85.329307557158813,35.342609404516224],[-85.328735352993021,35.341880797225713],[-85.328567506118304,35.341575621184518],[-85.32828521861876,35.341007231602077],[-85.32819366549387,35.340793608685715],[-85.327606201953131,35.339832304520542],[-85.326927186329158,35.338909148271966],[-85.32608795299717,35.337577819107366],[-85.325668336331148,35.33683395244185],[-85.325347900914949,35.336273192026056],[-85.32501220820717,35.335700987860264],[-85.32445526237467,35.334609984736971],[-85.324119568625179,35.333957671196345],[-85.323730469667453,35.333183289947556],[-85.323410035292966,35.332489014948635],[-85.323165894668364,35.331935883699487],[-85.322875976960461,35.33110809411744],[-85.32261657800251,35.330642701409829],[-85.322013856128478,35.33001709099409],[-85.32133483946285,35.329463959744999],[-85.320671082172225,35.328933717037444],[-85.32007598946484,35.328575134746359],[-85.319854737381831,35.328403474329946],[-85.319633485298823,35.328186035788633],[-85.319465638424106,35.327739715997666],[-85.319206238424499,35.327091218081989],[-85.318786621758477,35.326171876416765],[-85.318550110300521,35.325828553500628],[-85.318183899884446,35.325473786834493],[-85.317420960302286,35.324859620168809],[-85.317016601969556,35.324516297252671],[-85.31624603322075,35.323669434753981],[-85.31524658322229,35.322731019130401],[-85.315124512389161,35.322628022255572],[-85.314010620724218,35.320613861842048],[-85.313446045725129,35.31940078788557],[-85.312995911350811,35.319034577469495],[-85.312965393642514,35.318973542052902],[-85.312713623851266,35.318790436844893],[-85.312515259268196,35.318267823304041],[-85.312393189476722,35.317619324346708],[-85.312225342602005,35.317092896222505],[-85.311943055102461,35.316806794139609],[-85.311515809269792,35.31670761184813],[-85.3114547738532,35.316722871223078],[-85.311256409270186,35.31689071705614],[-85.310729981145982,35.317619324346708],[-85.310325623854965,35.317859650387959],[-85.309669495730986,35.317901611846253],[-85.309394837398088,35.317981721221145],[-85.3090286259403,35.318023682679382],[-85.30892944469042,35.31806945872097],[-85.308746338440756,35.318305970178983],[-85.308303834274739,35.318710329553312],[-85.307815553025534,35.318790436844893],[-85.307250976984733,35.318790436844893],[-85.306861878027007,35.318756104553245],[-85.306602479069056,35.318622589970118],[-85.30641937386099,35.318534852470293],[-85.305969239486728,35.318309784762278],[-85.305770874903658,35.318161011845859],[-85.305503845737405,35.317821503513017],[-85.305198670737923,35.317230225388982],[-85.304611207197127,35.316280366015462],[-85.304115296781276,35.315536500391602],[-85.303482056157236,35.31397247435234],[-85.303077698866218,35.313529969144724],[-85.30186462490974,35.312881470187392],[-85.301071167619341,35.312637329562733],[-85.300285340537187,35.312477112896318],[-85.299438476996841,35.312477112896318],[-85.297790528041048,35.312934876437282],[-85.29651641970969,35.313652039977853],[-85.294776917629065,35.314258576435236],[-85.293685912422461,35.314178468102057],[-85.292549134299236,35.313365936853302],[-85.292373658257816,35.312961579562227],[-85.291648865550599,35.311344147273076],[-85.291557312425766,35.311061859773531],[-85.291458131175887,35.310680389982451],[-85.2913742072177,35.31028366185808],[-85.291305542634461,35.310081482691714],[-85.291252137426227,35.309944153525294],[-85.291175843676342,35.30982208373382],[-85.291030884301563,35.309711457692288],[-85.290847779093497,35.309665680609044],[-85.29052734471901,35.309642793109049],[-85.290328980135996,35.309627533734101],[-85.289878845761677,35.309589386859159],[-85.289619446803727,35.30957031290086],[-85.289360046804177,35.30954361081757],[-85.289184570762757,35.309463501442679],[-85.289207459304407,35.309234620193024],[-85.289314270762588,35.308879853526946],[-85.289550782220545,35.308307648319499],[-85.289634705137075,35.307907105611775],[-85.289604187428779,35.307521821237344],[-85.289505006178956,35.306892396238368],[-85.289398194720775,35.306488037905638],[-85.289276123887646,35.305908203531544],[-85.289176941596111,35.305446625407228],[-85.28908539055459,35.305046082699562],[-85.289070130137929,35.304676056658423],[-85.289024354096341,35.304183960825867],[-85.288993836388045,35.303905487909617],[-85.288848878054978,35.30325317436899],[-85.288764954096735,35.302627563953308],[-85.288703919721854,35.302192688953994],[-85.288673402013558,35.301788330621264],[-85.288703919721854,35.301338196246945],[-85.288734436388438,35.300781250414502],[-85.288902283263212,35.299976349374049],[-85.289184570762757,35.299007417083885],[-85.289398194720775,35.298336029584959],[-85.289428711387359,35.298210145210135],[-85.289726258261908,35.296981812920365],[-85.290023804094801,35.296051026463488],[-85.290031434303103,35.295642853547463],[-85.289901734303328,35.295364380631213],[-85.289657593678669,35.295158386881553],[-85.289215088471053,35.29501342854843],[-85.288047791597876,35.294857026465365],[-85.287239075974128,35.294597626465759],[-85.286750794724867,35.294223785841325],[-85.286277771808955,35.293521881675758],[-85.286186218684065,35.293407441050931],[-85.285751343684751,35.292812348343546],[-85.285568238476685,35.292354584802581],[-85.285423280143618,35.291954041053202],[-85.285278320768839,35.29155731292883],[-85.285163880144012,35.291336060845822],[-85.284996033269238,35.291080475429567],[-85.284873963477764,35.290885926471503],[-85.284553529103277,35.290645600430253],[-85.284355164520264,35.290515900430421],[-85.284133912437255,35.290435792097242],[-85.283630371813047,35.290313721264056],[-85.283103943688843,35.290290833764118],[-85.282264710356856,35.290363312930651],[-85.281623841607825,35.290382385847295],[-85.28134155410828,35.290340424389058],[-85.281127930150262,35.29025650147247],[-85.280563355151173,35.29004287959782],[-85.280479432234586,35.290004730639566],[-85.280044556193616,35.289722443139965],[-85.279640198902598,35.289600373348492],[-85.279319765569767,35.289680481681728],[-85.278991699945266,35.289764405639914],[-85.278541565570947,35.28992462230633],[-85.277534485364185,35.28992462230633],[-85.277008057239982,35.289722443139965],[-85.274795533285101,35.28876876918315],[-85.274612428077035,35.288711548349909],[-85.274238587452601,35.288627625433378],[-85.273468018703852,35.288375855642073],[-85.273292542662432,35.288291931683887],[-85.272758484329927,35.288238526475652],[-85.27226257391402,35.288276673350595],[-85.271781921831462,35.28846740772525],[-85.270401002041922,35.289176942099175],[-85.269592286418174,35.289749146264967],[-85.269149781210501,35.290004730639566],[-85.268730164544536,35.290199280639229],[-85.268348694753456,35.290290833764118],[-85.267608643712947,35.29032898063906],[-85.267028809338797,35.290370942097297],[-85.266685486422659,35.290416718138943],[-85.266128540590216,35.290538788972071],[-85.265884399965614,35.290565492097016],[-85.265487671841186,35.290531159805425],[-85.2648925791338,35.290519715013772],[-85.264350890592993,35.290546418138717],[-85.264030457260162,35.290573121263662],[-85.26390075726033,35.290569306680368],[-85.263679505177379,35.290515900430421],[-85.263488770802667,35.290439606680536],[-85.263313294761247,35.290340424389058],[-85.263153077053175,35.290187836889288],[-85.26305389476164,35.290054322306162],[-85.262954712470162,35.289852143139797],[-85.262878418720277,35.289672852515082],[-85.262786865595388,35.289489747307016],[-85.262626648928972,35.289257050432354],[-85.262474060387547,35.289035798349403],[-85.262252808304595,35.288852692099681],[-85.262077332263175,35.288703919183263],[-85.261917115596759,35.288631440016673],[-85.261634827055502,35.288463593141955],[-85.261436463514144,35.288330078558829],[-85.261001587473174,35.28810882647582],[-85.260124207266188,35.287708283768097],[-85.259582520808692,35.287467957726847],[-85.259178162476019,35.287406922310254],[-85.258796692684939,35.287353516060364],[-85.258392334352209,35.287231446268834],[-85.257888794769656,35.28705597022747],[-85.257545471853518,35.286918641060993],[-85.257263184353974,35.286781311894572],[-85.256698609354828,35.286396027520141],[-85.256179810397327,35.286056519187355],[-85.255882263522778,35.285770417104459],[-85.255645753106478,35.285499573354855],[-85.255302432273709,35.285259247313604],[-85.255081177065676,35.285140992105426],[-85.254615784358066,35.284893036897472],[-85.254249573941991,35.284736633772752],[-85.254005433317388,35.28464889627287],[-85.253601074984658,35.284542084814689],[-85.253204346860286,35.284530640023036],[-85.252883910402431,35.284549713981335],[-85.252555847902954,35.284595490022923],[-85.252372742694888,35.284645081689519],[-85.252243042695113,35.284690857731164],[-85.251998902070511,35.284805298355934],[-85.251831055195737,35.284923554605768],[-85.251640320821025,35.285053253563888],[-85.251396180196423,35.28521728585531],[-85.251144410405118,35.285331725438482],[-85.250793458322335,35.285442353563326],[-85.25048828228114,35.28547287022991],[-85.249893189573754,35.285484315021563],[-85.249580384365913,35.285465241063264],[-85.249313355199661,35.285442353563326],[-85.249023438533413,35.285438538979975],[-85.248634339575688,35.285430908771673],[-85.248405457284377,35.285461426479912],[-85.247985840618355,35.285507202521558],[-85.247825622910284,35.285591126479744],[-85.247734070827107,35.285709381687866],[-85.247688294785519,35.285942078562528],[-85.247726441660461,35.286174775437189],[-85.24790954686847,35.28641510147844],[-85.24829101665955,35.28682708793616],[-85.248695373950625,35.287273407727128],[-85.248977660408514,35.287647248351561],[-85.249153139574901,35.288208008767356],[-85.249176026033183,35.288482667100254],[-85.249099732283298,35.288761140016504],[-85.248939514575227,35.288944245224513],[-85.248771668742165,35.288993835849453],[-85.248527528117563,35.289005280641106],[-85.248359681242789,35.288986206682807],[-85.248115540618187,35.288932801474573],[-85.247886658326877,35.288810730641387],[-85.247558594785687,35.288654328558323],[-85.247131348953019,35.288562775433434],[-85.246421814579151,35.288681030641612],[-85.245986939579836,35.288776398349796],[-85.245437622913983,35.288963319182812],[-85.245162964581084,35.2890472420994],[-85.244911194789836,35.289093018140989],[-85.244621278123589,35.289054871266046],[-85.244392395832278,35.288967133766164],[-85.244018555207845,35.288753510849801],[-85.243324280208924,35.28838729939207],[-85.243057252084384,35.28821182335065],[-85.242790222918131,35.287986756684347],[-85.242546082293472,35.287761688976389],[-85.242317200002162,35.287605286893267],[-85.241943360419441,35.287410736893605],[-85.241676331253188,35.287269593143776],[-85.241371155211993,35.287094117102413],[-85.241188050003927,35.286937713977636],[-85.24078369271291,35.286560059811563],[-85.240516663546657,35.286247254603722],[-85.240394592713471,35.286056519187355],[-85.240356445838529,35.285919190020877],[-85.240333558338591,35.285728455646165],[-85.240341187505237,35.285537720229797],[-85.240310669796941,35.285053253563888],[-85.240318298963587,35.284606934814576],[-85.240264893755352,35.284210205648549],[-85.24008178750563,35.283561707732872],[-85.239860535422679,35.283042908775371],[-85.239631653131369,35.28273010356753],[-85.23941040104836,35.28250122127622],[-85.239158631257055,35.282257080651561],[-85.238952637507396,35.282032013985258],[-85.238815308340975,35.281787873360656],[-85.238647461466201,35.281425475444564],[-85.238571167716316,35.281211853569857],[-85.238548279174722,35.280986786903554],[-85.238578796882962,35.280815125445486],[-85.238708496882793,35.280590057737527],[-85.238899231257506,35.280418397321114],[-85.239013672923988,35.280265808779689],[-85.239295960423533,35.280025482738381],[-85.239509583339895,35.279804230655373],[-85.239685059381259,35.279544831697478],[-85.239784241672794,35.279338837947762],[-85.239807130214388,35.279182434823042],[-85.239814759381034,35.278976441073326],[-85.239799500006086,35.27865982128219],[-85.239723206256201,35.278343201490998],[-85.239257813548591,35.277618408783781],[-85.23902893125728,35.277404785867418],[-85.238967895840688,35.277194977534464],[-85.238990784382338,35.276981354618101],[-85.239189148965352,35.276794434826741],[-85.239509583339895,35.276641846285315],[-85.239730835422847,35.276538849410429],[-85.240051270839047,35.276473999410541],[-85.240310669796941,35.27639007649401],[-85.240577698963193,35.276287079619181],[-85.240707397921369,35.276168824411002],[-85.240776062504551,35.2759246837864],[-85.240631104171484,35.275608063995207],[-85.240280152088701,35.275032044204465],[-85.240119934380573,35.274734498371572],[-85.240036011464042,35.274486542121963],[-85.240005495839114,35.274188996289126],[-85.240028382297396,35.273944855664467],[-85.240051270839047,35.273803711914695],[-85.240188598963812,35.273666382748274],[-85.240356445838529,35.273578644206736],[-85.240570068754892,35.273532868165148],[-85.241058350004153,35.273258209832193],[-85.241447450003534,35.272941590041057],[-85.241889954169494,35.272586823374922],[-85.24230194166887,35.272239685875491],[-85.242584229168415,35.271957398375889],[-85.242698669793242,35.27159881712646],[-85.242973328126141,35.27078247129441],[-85.243255615625742,35.26970672650441],[-85.243148804167561,35.268718720255947],[-85.242652893751654,35.267871857757257],[-85.242050171877565,35.267219544216573],[-85.241363526045347,35.266670227550776],[-85.240829468754498,35.266170502551574],[-85.240341187505237,35.265773774427146],[-85.239875793755971,35.265499116094247],[-85.23941040104836,35.26510238692822],[-85.239265442715237,35.264213562971236],[-85.239242554173643,35.263629914013848],[-85.239044190632285,35.262626648390381],[-85.23876953229933,35.261665345266863],[-85.238578796882962,35.261150360892657],[-85.238227844800178,35.260337830685614],[-85.237808228134156,35.259677887978285],[-85.237434387509779,35.259254456728968],[-85.23695373646882,35.25878524839635],[-85.236297608344842,35.258193970272259],[-85.23544311563785,35.257312775481978],[-85.23508453438842,35.256950379649197],[-85.234222412514725,35.25643158069164],[-85.23368072605723,35.256214142150327],[-85.232994080224955,35.256027222358966],[-85.232292176059389,35.255748749442716],[-85.231658936477061,35.255317689026754],[-85.231086731269613,35.254981995277262],[-85.230514527103821,35.254528046319649],[-85.230010987521268,35.254222870278454],[-85.229637146896835,35.254035950487037],[-85.229202270855865,35.253940582778853],[-85.228767395856551,35.25390243590391],[-85.227752686483143,35.2537384046542],[-85.227005005234275,35.253700256737545],[-85.226676941693142,35.253696442154251],[-85.22631073127701,35.253719330695901],[-85.226013184402461,35.253776551529143],[-85.225570679194846,35.253875732778965],[-85.224998475029054,35.253837585904023],[-85.224700928154505,35.253772735904136],[-85.22412872398877,35.253566743196131],[-85.223693847947743,35.253440857779651],[-85.223358155239964,35.253402710904709],[-85.22280883857411,35.253318786946522],[-85.222259521908313,35.253189087988346],[-85.22196197607542,35.25300216715533],[-85.221603394825991,35.252769471322324],[-85.221183777118313,35.252525330697722],[-85.22070312607741,35.252243043198177],[-85.220397950036215,35.252067567156757],[-85.219970704203547,35.251857758823746],[-85.219741821912237,35.251735687990617],[-85.219635010454056,35.251651765074087],[-85.219551087537525,35.251522065074312],[-85.219421387537693,35.25134277444954]]]]}},
{"type":"Feature","properties":{"objectid":229,"tnmid":"{929B7381-BC1D-4BFC-803C-F82B3E723F37}","metasourceid":"{0997CBAF-CD42-4E2D-B78B-22DB097E9973}","sourcedatadesc":null,"sourceoriginator":null,"sourcefeatureid":null,"loaddate":"2013-01-18T07:08:58Z","referencegnis_ids":null,"areaacres":37086.97,"areasqkm":150.09,"states":"TN","huc12":"060200010502","name":"Lower North Chickamauga Creek","hutype":"S","humod":"KA","tohuc":"060200011202","noncontributingareaacres":0.0,"noncontributingareasqkm":0.0,"shape_Length":0.71418096546939136,"shape_Area":0.014853138393704401},"geometry":{"type":"MultiPolygon","coordinates":[[[[-85.15860748346546,35.244758606751475],[-85.158775330340177,35.244632721334995],[-85.159011841798133,35.244636536960002],[-85.159294129297734,35.244709016126535],[-85.159576416797279,35.244812013001365],[-85.159858704296823,35.244915008834539],[-85.160301209504496,35.244922639042841],[-85.160629273045629,35.244762421334769],[-85.160842895961991,35.244331360918807],[-85.160766602212107,35.244068146335849],[-85.160690308462222,35.243900299461131],[-85.160575867837395,35.243633271336535],[-85.160499573045854,35.243396759878578],[-85.160583497004041,35.243202209878859],[-85.160751343878758,35.243038178629149],[-85.160873413670288,35.242809296337839],[-85.160957337628474,35.242675781754713],[-85.161209107419722,35.2421836859221],[-85.161216736586368,35.241916657797503],[-85.161224365753071,35.241653443214602],[-85.161285401169607,35.241539002589775],[-85.161392212627788,35.241405488006649],[-85.161537170960912,35.24135971196506],[-85.161857605335399,35.241199494256989],[-85.162208557418182,35.240989685923978],[-85.162536622001028,35.240810395299263],[-85.162902832417103,35.240585327591248],[-85.163215637624944,35.240341186966646],[-85.163444519916254,35.240127564050283],[-85.163688660540913,35.239883423425681],[-85.163978577207104,35.239639282801079],[-85.164230346998409,35.239585877592788],[-85.164474487623011,35.239608765092783],[-85.164695740747675,35.239643097384374],[-85.164894104289033,35.239612579676134],[-85.165382385538237,35.239555359884548],[-85.165832519912556,35.23939514217642],[-85.166122437620459,35.239215851551705],[-85.16629028345352,35.2390022286354],[-85.16651916574483,35.238739014052442],[-85.166648865744605,35.238441468219605],[-85.166809082411021,35.238330842178073],[-85.166992188660743,35.238334656761424],[-85.167213440743751,35.238418579677955],[-85.167495728243296,35.238525391136136],[-85.167816162617839,35.238693238010853],[-85.168014527200853,35.238796234885683],[-85.168426514700229,35.238861084885627],[-85.168609619908239,35.238708497385858],[-85.168655395949827,35.238323211969771],[-85.168579102199942,35.237957001553696],[-85.168586731366645,35.237659454679147],[-85.168640137616535,35.237342834887954],[-85.168647766783181,35.236946106763583],[-85.168777466783013,35.236614227597443],[-85.168823242824601,35.236282349472958],[-85.169036865740907,35.235904694265173],[-85.169136048032442,35.235721589057164],[-85.16938781782369,35.235591889057332],[-85.169914245947894,35.235416413015969],[-85.170288086572327,35.235122681766427],[-85.170822143863177,35.234718323433697],[-85.171134949071018,35.234470368225743],[-85.171440125112213,35.234359742184267],[-85.171669007403523,35.23406600989307],[-85.171897888653177,35.233818054685116],[-85.172142029277779,35.233753204685229],[-85.172546387610453,35.233829499476769],[-85.172950744901527,35.23396682864319],[-85.173263550109368,35.234272003642729],[-85.173545837608913,35.234474182809095],[-85.173744202191926,35.234645844267163],[-85.174003602191533,35.234798431766933],[-85.174522400107435,35.23501968489154],[-85.175109862606519,35.235164643224664],[-85.175598144897378,35.235103607808128],[-85.17588043239698,35.234943391141712],[-85.175971985521812,35.234645844267163],[-85.175979614688458,35.234363556767562],[-85.175849915730339,35.233695984893643],[-85.1757812511471,35.233261108852616],[-85.175949096980219,35.23306655989461],[-85.176391602187834,35.233005524478017],[-85.176879883437095,35.233081818227902],[-85.177253724061529,35.233432770310685],[-85.177749634477379,35.234024048434776],[-85.177986145935392,35.234394074475858],[-85.178298951143233,35.234695434892046],[-85.17861938551772,35.234767915100292],[-85.178924561558915,35.234722138017048],[-85.179191589683512,35.234592438017216],[-85.179504394891353,35.234466553642449],[-85.179786682390898,35.234436035934152],[-85.180068970932155,35.23452377447569],[-85.180343628223397,35.234710694267051],[-85.180625916764598,35.234924317183356],[-85.180946351139085,35.235115051558068],[-85.181190491763743,35.235332490099438],[-85.181549073013173,35.235488892182502],[-85.181755066762832,35.235523224474093],[-85.181976318845841,35.235427856765909],[-85.182151794887261,35.235145569266365],[-85.182235718845448,35.234748841141993],[-85.18242645322016,35.234683991142106],[-85.182807923011239,35.234706879683699],[-85.183212281343913,35.234912873433416],[-85.183471680301864,35.235034943224889],[-85.18373108030147,35.235305786974436],[-85.183929443842828,35.235557556765741],[-85.184028626134307,35.235675813015575],[-85.18422699071732,35.235813142181996],[-85.184455871966975,35.23583221509864],[-85.184600830300099,35.235668182807217],[-85.184600830300099,35.235435486974268],[-85.184532166758515,35.235115051558068],[-85.184577942800161,35.234832764058524],[-85.184661865716691,35.234649658850458],[-85.184753418841524,35.234352113017621],[-85.184921265716241,35.234069826559733],[-85.184944153216236,35.233802796351767],[-85.184890748008002,35.233600617185459],[-85.184646607383343,35.233398438019094],[-85.184570313633458,35.233245850519324],[-85.184616089675046,35.23311615051955],[-85.184822083424763,35.232982635936423],[-85.185028077174422,35.232852936978247],[-85.185234070924139,35.232620240103643],[-85.185203553215842,35.232322693229094],[-85.185104370924307,35.232070923437789],[-85.185073853216011,35.23186874427148],[-85.185195924049196,35.231636048438475],[-85.185363769882258,35.231372833855573],[-85.185577392798564,35.230960846356197],[-85.185585023006922,35.230739594273189],[-85.185478211548741,35.230457306773644],[-85.18537140009056,35.230152130732449],[-85.185417176132148,35.229938507816144],[-85.18554687613198,35.229671478649891],[-85.185798645923228,35.229343415108701],[-85.185966492798002,35.229045868234152],[-85.186058044881179,35.228610993234838],[-85.186042786547887,35.228229523443758],[-85.185974121964648,35.227844239069384],[-85.18583679279817,35.227439880736654],[-85.185829163631524,35.227073670320578],[-85.185920717798069,35.22657394532132],[-85.18592834592306,35.22613906928035],[-85.186019898006236,35.225841523447457],[-85.186149598006011,35.225540161989613],[-85.186317444880785,35.225242615115064],[-85.186607361546976,35.225097656781998],[-85.187011719879706,35.225017548448761],[-85.187278748004303,35.224956513032168],[-85.187301636545897,35.22480774011575],[-85.187187195921069,35.224571228657794],[-85.186943055296467,35.224349976574786],[-85.186614990713622,35.22409439115853],[-85.18654632613044,35.2237548838674],[-85.186553955297086,35.223388672409612],[-85.186645508421918,35.223018647410186],[-85.186813355296636,35.222652435952455],[-85.187026978212998,35.222370148452853],[-85.187385559462427,35.221824646370408],[-85.187721253211919,35.221225739079671],[-85.18798065216987,35.220794678663651],[-85.188095093836353,35.220207215122912],[-85.188064576128056,35.219703675540359],[-85.187919617794932,35.21884918283331],[-85.18780517612845,35.218360901584106],[-85.187614441753738,35.21781921512661],[-85.187461854253968,35.217350006793993],[-85.187141418837825,35.217144013044333],[-85.186653136546909,35.217067719294448],[-85.186363218839006,35.217201233877574],[-85.186035158422897,35.217327118252342],[-85.185707094881707,35.217323303669048],[-85.185508729257037,35.21718597450257],[-85.185325623007316,35.217063904711097],[-85.185104370924307,35.216896057836379],[-85.184738159466576,35.216720581794959],[-85.18434906050885,35.216716767211665],[-85.183822632384647,35.21674347033661],[-85.183212279260601,35.216667175545069],[-85.182846069886182,35.216491699503649],[-85.182708740719704,35.21633911200388],[-85.182327270928624,35.215827942213025],[-85.18189239592931,35.21528625575553],[-85.181411743846695,35.214809418256266],[-85.180892944889194,35.214366914090306],[-85.18048858759812,35.214027405757463],[-85.180389405306641,35.213832855757801],[-85.180480957389818,35.213630676591436],[-85.180671692806186,35.213417053675073],[-85.180862427180898,35.213115693258885],[-85.181091309472208,35.212852478675984],[-85.181266785513628,35.21241760367667],[-85.181274414680274,35.212112427635475],[-85.181198120930389,35.211658478677805],[-85.181251526138624,35.211273194303431],[-85.181381226138456,35.210903168262348],[-85.181304932388571,35.210670472429342],[-85.181015015722323,35.210597992221153],[-85.180732728222779,35.210609437012806],[-85.180320740723403,35.210586548471156],[-85.180000306348916,35.210414887013087],[-85.179634094891128,35.210105896388598],[-85.179145813641924,35.209896088055586],[-85.178863526142322,35.209823608888996],[-85.178413391768061,35.209800721389058],[-85.17800903343533,35.209594727639342],[-85.17777252301903,35.209320069306443],[-85.177429198019581,35.208778381807292],[-85.177276611561467,35.208473206807753],[-85.177307129269764,35.20810318076667],[-85.177330017811357,35.207717896392296],[-85.177215577186587,35.207462312017697],[-85.177017212603516,35.207191468268093],[-85.176681518854082,35.206748963060477],[-85.176689149062383,35.206413269310985],[-85.176696778229029,35.206111908894798],[-85.176620484479145,35.20557022139559],[-85.176467895937719,35.205234528687811],[-85.176101685521644,35.2050247203548],[-85.175659180313971,35.204784394313492],[-85.17517089906471,35.204673768272016],[-85.174636841773918,35.204769134938545],[-85.174057007399824,35.204994202646503],[-85.17368316677539,35.205226897437797],[-85.173477174067386,35.205223083896158],[-85.172866821984996,35.204975128688204],[-85.172546387610453,35.204738617230248],[-85.172080993861186,35.204544068272185],[-85.171470642820452,35.204162598481105],[-85.171318055320739,35.203918457856503],[-85.171279908445797,35.203701020356846],[-85.1712036136542,35.203495026607186],[-85.171058655321133,35.203357697440708],[-85.170860290738119,35.20318603598264],[-85.170822143863177,35.202949524524684],[-85.170875550113067,35.202632904733491],[-85.170799256363182,35.202278138067413],[-85.170639038655111,35.201984405776159],[-85.170257568864031,35.201694489109968],[-85.170112610530907,35.201557159943491],[-85.169914245947894,35.201251983902296],[-85.169921876156195,35.201049805777643],[-85.170112610530907,35.200763702653092],[-85.170341492822217,35.200584412028377],[-85.170593262613522,35.200366974528663],[-85.170867920946421,35.200000764112588],[-85.170898438654717,35.199817657862866],[-85.171028137612836,35.199466705780083],[-85.171234131362496,35.199165345363895],[-85.171569825111987,35.198863983906051],[-85.171600342820284,35.198577881823155],[-85.171485901153801,35.19807434119889],[-85.1712036136542,35.197849274532587],[-85.170509338655279,35.197586059949685],[-85.169982910531132,35.197410583908265],[-85.169418335531986,35.197132110992072],[-85.169113159490792,35.196754456825943],[-85.16912078969915,35.196617127659522],[-85.169456482406929,35.196186066201847],[-85.169708252198234,35.195953370368898],[-85.169960023031138,35.19558715891111],[-85.170181275114146,35.19491577245384],[-85.170364380322212,35.194145203705034],[-85.170501709488633,35.193370819331221],[-85.170516968863637,35.192729950582191],[-85.170478821988695,35.192180633916394],[-85.170387268863806,35.191673279750489],[-85.17015075740585,35.191246033917821],[-85.169868469906305,35.190868378710093],[-85.169586182406761,35.190647125585429],[-85.16938781782369,35.190387726627534],[-85.169189454282332,35.189964295378161],[-85.169036865740907,35.189453125587306],[-85.168968201157725,35.188911439129811],[-85.168960571991022,35.188270569339124],[-85.168952942824376,35.187763215173277],[-85.168968201157725,35.187171937049186],[-85.169059754282557,35.186649323508334],[-85.16935730011545,35.186111450592477],[-85.169654846989943,35.185710907884754],[-85.169830323031363,35.185443878718502],[-85.16999816990608,35.185142518302314],[-85.170295715738973,35.184638977678105],[-85.170494080321987,35.184204102678791],[-85.170494080321987,35.184017181845718],[-85.170593262613522,35.18350982767987],[-85.170860290738119,35.182567597472996],[-85.171287537612443,35.181781769349186],[-85.171440125112213,35.181446076641407],[-85.171684265736815,35.181232452683389],[-85.17207336469454,35.180561066226119],[-85.172134400111133,35.179748536019019],[-85.172065735527895,35.179069519353391],[-85.172370911569089,35.178279877687999],[-85.172637939693686,35.177402497481012],[-85.172950744901527,35.17632293810766],[-85.172927857401532,35.17550659227561],[-85.17266082823528,35.174724579776807],[-85.172142029277779,35.173934937069703],[-85.171745301153408,35.173252106862435],[-85.171714783445111,35.172641754780045],[-85.171768189695001,35.17199707144772],[-85.172035217819598,35.171119690199077],[-85.172134400111133,35.170547486033286],[-85.172134400111133,35.170326233950334],[-85.172180176152722,35.169910431867606],[-85.172317505319143,35.169250489160333],[-85.172309876152497,35.168636322494592],[-85.172401429277386,35.168266297495165],[-85.17245483448562,35.168136597495391],[-85.17263031052704,35.168201447495278],[-85.173210144901134,35.168243408953572],[-85.173522950108975,35.168300629786813],[-85.174018860524882,35.168373108953347],[-85.174507141774086,35.168552399578061],[-85.174957276148405,35.168830872494311],[-85.175361634481078,35.169075013118913],[-85.175491333439254,35.169162750618796],[-85.175712586563918,35.169132232910499],[-85.175865174063631,35.169048309993968],[-85.176010132396755,35.168933869369141],[-85.176597595937494,35.16851806728647],[-85.177001954270224,35.168197632911983],[-85.177360535519654,35.16794967770403],[-85.177986145935392,35.167552948537946],[-85.178138733435105,35.167263031871755],[-85.178314209476525,35.166927338122264],[-85.178543091767835,35.166641236039368],[-85.178947449058853,35.166339874581524],[-85.179450989683119,35.165943146457096],[-85.179725648016017,35.165657044374257],[-85.179893493849079,35.165439606874543],[-85.180046082390504,35.1651191714584],[-85.180305481348455,35.164783478750564],[-85.180480957389818,35.164497376667725],[-85.180625916764598,35.16429519750136],[-85.180877686555903,35.164161682918234],[-85.181022644888969,35.164165497501529],[-85.181541443846527,35.164207458959822],[-85.181732178221239,35.164199829793176],[-85.181877136554306,35.164134979793289],[-85.182212830303797,35.163967132918515],[-85.182746887594647,35.163753510002209],[-85.183059692802487,35.163566590210792],[-85.183403015718625,35.163368225627778],[-85.183807374051355,35.163047791253291],[-85.184104919884192,35.162708282920505],[-85.184318542800554,35.162471770420836],[-85.184577942800161,35.162078857921472],[-85.184837341758055,35.161758423546928],[-85.185096741757661,35.161350250630903],[-85.18531799384067,35.161060333964713],[-85.185508729257037,35.160785675631814],[-85.185600281340214,35.16051483188221],[-85.185813904256577,35.160240173549312],[-85.186027527172882,35.16007232771625],[-85.186279298005843,35.160007477716363],[-85.186622619880268,35.15984344542494],[-85.186767579255047,35.159622193341932],[-85.187004089671348,35.159366607925676],[-85.187370301129135,35.158874512093121],[-85.187629700087086,35.158584595426873],[-85.187973023003224,35.158245087094087],[-85.188446045919136,35.157688141261588],[-85.188621521960499,35.157413482928689],[-85.188896180293455,35.15700531105432],[-85.189224243834587,35.156631470429886],[-85.189483642792538,35.156257629805509],[-85.189849854250269,35.155784607931196],[-85.190361024041181,35.15529251209864],[-85.190765381332199,35.154888153765967],[-85.191070557373394,35.154479980849942],[-85.191314697997996,35.153949738142387],[-85.191513062581009,35.153686524601142],[-85.191642760497473,35.153327942310057],[-85.191757203205668,35.153053283977158],[-85.191932679247032,35.152675629811029],[-85.192108155288452,35.152351379811535],[-85.192283631329815,35.152061463145344],[-85.19255828966277,35.151771546479097],[-85.192779541745722,35.151432038146311],[-85.192848206328961,35.151363373563072],[-85.193580628202824,35.150783539188978],[-85.194381714659926,35.150180817314947],[-85.194808960492594,35.149604797524148],[-85.195259094866913,35.148502350650858],[-85.195907593824188,35.147499085027391],[-85.196662903198046,35.146549225653871],[-85.197013855280829,35.145996094404779],[-85.197181702155547,35.145744324613474],[-85.19726562611379,35.145675660030236],[-85.197654725071516,35.145214081905976],[-85.198059082362533,35.144893646489777],[-85.198570252153388,35.144554139198647],[-85.198829651111339,35.144336700657334],[-85.199165342777519,35.144290924615746],[-85.199333191735548,35.144256592324098],[-85.199417114652078,35.144138337115976],[-85.199508667776968,35.143951416282903],[-85.199707032359981,35.143627167325121],[-85.199966431317932,35.143249512117336],[-85.200180054234238,35.142906189201199],[-85.200271607359127,35.14249801732683],[-85.200424194858897,35.142108918369104],[-85.200477601108787,35.141891479827791],[-85.200996400066288,35.140811920454439],[-85.201400757357362,35.139732361081144],[-85.201599121940376,35.139232636081942],[-85.201751709440146,35.13843154962484],[-85.201751709440146,35.138103486083651],[-85.201957703189805,35.137504578792914],[-85.202224732356058,35.136753082960752],[-85.202293396939297,35.136554718377738],[-85.202453613605712,35.136196137128309],[-85.202629089647132,35.135784149628932],[-85.202949525063275,35.135410309004499],[-85.203292846937757,35.135070801713368],[-85.203681946937138,35.134731293380582],[-85.203895569853501,35.134510041297574],[-85.204238892769638,35.134151459006489],[-85.204582214644063,35.133811951715302],[-85.204803467768727,35.133502961090812],[-85.205062866726678,35.133090973591436],[-85.205284119851342,35.13275146525865],[-85.205627441725767,35.132236480884444],[-85.206062317766794,35.131809235051776],[-85.206275940683099,35.13146972671899],[-85.206367493807988,35.131160737136099],[-85.206504822974409,35.130817414219962],[-85.206497192766108,35.130649567345245],[-85.206542969849352,35.130405426720642],[-85.206550599016055,35.130062103804505],[-85.206626892765883,35.129665375680077],[-85.20658874589094,35.129352570472236],[-85.206596375057643,35.128971100681156],[-85.206687928182475,35.128486634015246],[-85.206825257348953,35.128177643390757],[-85.206954956307072,35.12786865276621],[-85.207138062556794,35.127368927767009],[-85.207336426098152,35.126884461101099],[-85.207557679222816,35.126541138184962],[-85.207862855264011,35.125923156935926],[-85.208084107346963,35.125442505894966],[-85.208366394846564,35.125118255895472],[-85.208740235470941,35.12463760485457],[-85.209106445887073,35.12423324652184],[-85.209465027136503,35.124122620480364],[-85.209938050052415,35.12392425589735],[-85.210144043802131,35.123672486106045],[-85.210342408385145,35.123172761106844],[-85.210632325051336,35.122539520482803],[-85.210716247967923,35.122398376733031],[-85.210990906300822,35.122131348608434],[-85.21124267609207,35.122020722566958],[-85.211311340675309,35.121978760067009],[-85.211631776091451,35.12170410173411],[-85.211730957341331,35.121582031942637],[-85.211868286507752,35.121143341318316],[-85.212089539632416,35.120422364236106],[-85.212257387548846,35.120220185069741],[-85.212654114631562,35.120006562153435],[-85.212890626089518,35.119876862153603],[-85.213111878172526,35.119773865278773],[-85.213424683380367,35.119644165278999],[-85.213684082338261,35.119617463195709],[-85.213897706296279,35.119621277779004],[-85.214225769837469,35.119644165278999],[-85.214607239628549,35.11972427465389],[-85.214820862544855,35.119785309028771],[-85.215141296919342,35.119968415278493],[-85.215545655252072,35.120094299653317],[-85.215721131293435,35.120124817361557],[-85.215904236501501,35.120159149653205],[-85.216049194834625,35.120132446528203],[-85.216247559417639,35.120136261111554],[-85.216522217750537,35.120105744444913],[-85.216651917750369,35.119976044445139],[-85.216743469833546,35.119800568403718],[-85.216812134416784,35.119304657987868],[-85.216888428166669,35.119068146529855],[-85.217079163583037,35.118816376738607],[-85.21743011566582,35.118495941322465],[-85.217819214623546,35.118186951739574],[-85.21801757920656,35.118057251739799],[-85.218170166706329,35.117816925698492],[-85.21839904899764,35.11752319444895],[-85.218772888580418,35.117050171533037],[-85.219100953163206,35.116699219450254],[-85.2193984989961,35.116436004867296],[-85.219993591703485,35.115993500701336],[-85.220436096911158,35.115703582993433],[-85.220787048993941,35.1153755194523],[-85.221138001076724,35.115188599660883],[-85.22158050628434,35.114849091328097],[-85.221862793783941,35.114418030912077],[-85.222091676075252,35.113883972579572],[-85.222274783366629,35.113269806955543],[-85.222480775032977,35.112823487164576],[-85.222564697949508,35.112480164248439],[-85.222572327116154,35.112121582999009],[-85.222541809407858,35.111671448624691],[-85.222465515657973,35.111099243417243],[-85.222366333366494,35.110618592376341],[-85.222404480241437,35.110351563210088],[-85.222526551074566,35.110080719460484],[-85.222633362532747,35.109874725710824],[-85.223083496907009,35.109489441336393],[-85.223716736489393,35.108989716337192],[-85.224121094822067,35.10875701946253],[-85.224487305238199,35.108581543421167],[-85.224929810445815,35.108348846546505],[-85.225296020861947,35.108356476754864],[-85.225654603153032,35.108478546546337],[-85.226089478152346,35.108547211129519],[-85.22631073127701,35.108520508004574],[-85.226608277109904,35.108432770504749],[-85.227340698983767,35.108203888213438],[-85.22769165106655,35.108150483005147],[-85.228187561482457,35.107917786130542],[-85.228553772940188,35.107757569464127],[-85.229194641689219,35.10749816946452],[-85.229621887521887,35.107162475715029],[-85.230102539604445,35.106895447590432],[-85.230598450020352,35.106708526757416],[-85.23111724897791,35.106536866341003],[-85.231330871894215,35.106510163216058],[-85.231536865643932,35.106544495507649],[-85.231643677102056,35.106620789257533],[-85.231765747935242,35.106723786132363],[-85.232231140642853,35.107059479881855],[-85.232772828142004,35.107486725714523],[-85.233131409391433,35.10775375383912],[-85.233665466682282,35.10831451529657],[-85.234458923972682,35.10877990800418],[-85.235252381263138,35.109172821545258],[-85.235755920845691,35.109390259044915],[-85.236602784386037,35.10954284758634],[-85.237251282301713,35.109565735086278],[-85.23818206875859,35.109630585086222],[-85.239196778131998,35.109718323627703],[-85.239868164589325,35.109794617377588],[-85.241012573962564,35.109951019460709],[-85.241722107294777,35.110206604876964],[-85.242141723960799,35.110420227793327],[-85.242721558334893,35.110881805917586],[-85.243095398959326,35.111267090292017],[-85.243553162500234,35.111759186124573],[-85.243606567708525,35.113014221539288],[-85.243515015625292,35.113445282996963],[-85.243286133333982,35.114276886120649],[-85.242805481251423,35.115070343411105],[-85.242408753127052,35.11575698924338],[-85.242263794793928,35.116485596533892],[-85.242294312502224,35.116973877783153],[-85.242492677085238,35.11758422882383],[-85.242820740626371,35.118144989239624],[-85.243240357292393,35.118465424655824],[-85.243606567708525,35.118972778821671],[-85.244102479166088,35.119640350695647],[-85.244384766665632,35.120342254861214],[-85.245086670831199,35.120979310068606],[-85.245635987497053,35.121231079859854],[-85.246009827079774,35.121337891318035],[-85.246498108329035,35.12131118819309],[-85.246757508328642,35.121246338193146],[-85.247093201036421,35.121147155901667],[-85.247474670827501,35.121154786109969],[-85.24777221770205,35.121295929859741],[-85.248344421867841,35.121322632984743],[-85.249038696866762,35.121315002776385],[-85.249572755199267,35.121307373609739],[-85.249832154157161,35.121269226734796],[-85.249954223948635,35.121269226734796],[-85.250183106239945,35.121166229859966],[-85.250251770823184,35.121040344443486],[-85.250358582281365,35.120792389235532],[-85.2504577645729,35.120288849652979],[-85.250579834364373,35.120063781945021],[-85.250679016655852,35.11995697048684],[-85.250785828114033,35.11993026840355],[-85.251106264571888,35.119934082986845],[-85.251480103112954,35.120132446528203],[-85.251731872904259,35.120239257986384],[-85.252220154153463,35.120315552777924],[-85.252731323944374,35.120288849652979],[-85.25332641665176,35.120159149653205],[-85.25361633331795,35.12018585277815],[-85.254051209358977,35.120243073611391],[-85.254570008316477,35.120334625694568],[-85.254890442691021,35.120433807986103],[-85.25516510102392,35.120567322569229],[-85.255340577065283,35.120773316318889],[-85.255569458314937,35.121109009026725],[-85.255622864564884,35.121376038192977],[-85.255615235398182,35.121784211109002],[-85.255523682273349,35.122104645483489],[-85.255310059356987,35.122444153816332],[-85.255058289565739,35.122779846524111],[-85.254882813524318,35.123050690273715],[-85.25463104373307,35.123413086106495],[-85.254562379149831,35.123683929856043],[-85.254570008316477,35.124126435063715],[-85.254684448941305,35.124626160062917],[-85.254776002066194,35.125026703812296],[-85.254837035399419,35.125335694436842],[-85.254814148941136,35.125595093394736],[-85.25476074269119,35.12579345797775],[-85.25463104373307,35.126110077768942],[-85.25437927290011,35.126422882976783],[-85.254112244775513,35.12679290797621],[-85.253700257276193,35.12732315172542],[-85.253433228109941,35.12757873610002],[-85.253334045818406,35.127696991308142],[-85.253280640610171,35.127723694433087],[-85.253211976026932,35.127883912141215],[-85.253211976026932,35.128181457974051],[-85.253364563526702,35.128383637140416],[-85.253509521859826,35.128635406931721],[-85.253623963526309,35.128829956931384],[-85.253883362484203,35.128971100681156],[-85.254241943733689,35.129173279847521],[-85.254478455191645,35.12937545797223],[-85.254592895816472,35.129474640263709],[-85.254638672899716,35.129653930888423],[-85.254661560399711,35.1298103340132],[-85.25463104373307,35.129928589221379],[-85.254478455191645,35.130321503804055],[-85.254371643733464,35.130893707969847],[-85.254417419775052,35.131034851719619],[-85.254653931233008,35.131137848594506],[-85.254867554149371,35.131160737136099],[-85.25545501769011,35.131275177760926],[-85.255638122898176,35.131336213177519],[-85.25604248123085,35.131740570468537],[-85.256492615605168,35.132240297551107],[-85.256820679146358,35.132366180884219],[-85.257331848937213,35.132522584008996],[-85.25752258435358,35.132659913175473],[-85.257736207269886,35.132839203800188],[-85.258018494769487,35.133197785049617],[-85.258087159352726,35.133377075674332],[-85.258155823935908,35.133533478799109],[-85.258224488519147,35.133712769423823],[-85.258316040602324,35.133850098590244],[-85.258567810393629,35.134071350673253],[-85.258758545809997,35.134151459006489],[-85.259017944767947,35.134254455881319],[-85.259277344767497,35.134357452756149],[-85.25951385622551,35.134498596505921],[-85.259773255183404,35.134677887130636],[-85.260101318724594,35.1348991402553],[-85.260414123932435,35.135059356921715],[-85.260795593723515,35.135379792337915],[-85.261032105181471,35.135559082962629],[-85.261337281222666,35.135799409003937],[-85.261573792680622,35.13592147879541],[-85.261863709346812,35.136005402753597],[-85.262062073929883,35.136009217336891],[-85.262268067679543,35.135959625670353],[-85.262580872887384,35.135757446503987],[-85.262977601011755,35.135452271504448],[-85.263626099969088,35.134811401713762],[-85.263854981218742,35.134677887130636],[-85.264053345801756,35.134613038172404],[-85.264335633301357,35.13459014963081],[-85.264656067675844,35.134654999630698],[-85.265960693715499,35.135089874630012],[-85.266181946840106,35.135276795463028],[-85.266288758298288,35.135532379837684],[-85.266334534339876,35.136447906919557],[-85.266487122881301,35.136611939210979],[-85.26670837496431,35.136661529835919],[-85.267150880171982,35.136726379835807],[-85.267814637462607,35.136726379835807],[-85.268379212461696,35.136791229835694],[-85.268913269752545,35.136791229835694],[-85.269447327043395,35.136852265252287],[-85.270217896833856,35.137382507959785],[-85.270523071833395,35.137592316292796],[-85.270713807249763,35.13768768400098],[-85.270912170791121,35.137691498584331],[-85.271392822873736,35.137653351709389],[-85.271873472872983,35.137565613167851],[-85.272216797872431,35.13751220795956],[-85.27281951974652,35.137519837126263],[-85.27354431245368,35.13763427775109],[-85.273933411411463,35.137733460042568],[-85.274139405161122,35.137836456917398],[-85.274604797868733,35.137928010042287],[-85.275360108284247,35.13825607358342],[-85.2758636478668,35.138706207957739],[-85.275878907241747,35.13876342879098],[-85.276184083282942,35.139156342332058],[-85.276535035365725,35.139907837122507],[-85.276840210365265,35.140422821496713],[-85.27775573848885,35.14111328191234],[-85.27845001348777,35.141628266286546],[-85.27883148327885,35.141956329827678],[-85.27927398744481,35.142375946493701],[-85.279777528069019,35.142883301701261],[-85.280029297860324,35.142982483992739],[-85.280334473901519,35.14296341003444],[-85.280868531192311,35.142784119409725],[-85.281921387440718,35.142276764202165],[-85.282455444731568,35.142200470452337],[-85.282844544730949,35.142230988160577],[-85.283348084313502,35.142307281910462],[-85.283950806187534,35.142520904826824],[-85.284751892644636,35.142829895451314],[-85.285835266601282,35.143280029825632],[-85.286277771808955,35.143444062117055],[-85.287574768681907,35.144161224615914],[-85.288742066596797,35.144889831906482],[-85.289199830137761,35.145076752739499],[-85.289505006178956,35.145221711072622],[-85.28991699263662,35.145339966280744],[-85.290245057219465,35.145503998572167],[-85.290542603052302,35.145736695446828],[-85.290847779093497,35.145992279821428],[-85.291229248884576,35.146156312112851],[-85.291618347842302,35.146297455862623],[-85.291915894716851,35.146369935029156],[-85.292274475966281,35.146423340237448],[-85.292610169715772,35.146404267320804],[-85.292823792632134,35.146408081904099],[-85.293296814506391,35.14623642044603],[-85.293548585339295,35.14623642044603],[-85.293701172839064,35.146392822529151],[-85.293785095755595,35.146484375653984],[-85.294197083254971,35.147598267318926],[-85.294204712421617,35.147735596485404],[-85.294013978046962,35.148246766276259],[-85.293762208255657,35.148586273567389],[-85.293502808256051,35.148933411066878],[-85.293243409298157,35.149169922524834],[-85.293052673881732,35.149326325649554],[-85.292961121798555,35.149482727732675],[-85.292961121798555,35.149734497523923],[-85.293174744714918,35.150035858981823],[-85.293357849922927,35.15035629335631],[-85.293388367631223,35.150493622522788],[-85.293304444714693,35.15071487460574],[-85.293121338464971,35.151004792313643],[-85.292976380131904,35.151184082938357],[-85.292839050965426,35.151317597521484],[-85.292320252007869,35.151729583979204],[-85.292015077008386,35.151973724603806],[-85.291900635341904,35.152061463145344],[-85.291786194717076,35.152286529811647],[-85.291725159300483,35.152538300644608],[-85.291664124925603,35.15274047876926],[-85.291633607217307,35.153327942310057],[-85.29160308950901,35.153671265226194],[-85.291442871800939,35.153862000642562],[-85.291107179093103,35.154140473558755],[-85.290946961385032,35.154376983975055],[-85.290771485343612,35.154659271474657],[-85.290824890551903,35.154918671474206],[-85.29093170305174,35.155033112099034],[-85.291175843676342,35.155197144390456],[-85.291473389509235,35.155426025640111],[-85.291740418675488,35.155666351681418],[-85.292388916591108,35.156364441263634],[-85.293006897840144,35.157230377720623],[-85.293144227006621,35.157413482928689],[-85.293495179089405,35.157688141261588],[-85.294128418671733,35.158115388135911],[-85.29467010617094,35.15843963709375],[-85.296218872835198,35.159111023551077],[-85.297302246791844,35.159488678758805],[-85.298202515540424,35.159702301675168],[-85.299217224913832,35.159763337091704],[-85.300262451995593,35.159709930841814],[-85.301002503036102,35.159629822508577],[-85.301582337410196,35.159503937092097],[-85.302101136367696,35.159328461050734],[-85.302459717617182,35.159175873550964],[-85.30271148740843,35.158954621467956],[-85.302886963449851,35.158733368343292],[-85.303306580115816,35.157974243344484],[-85.303840638448321,35.15733337459551],[-85.304031372823033,35.15718078709574],[-85.304252624906042,35.157070161054207],[-85.30452728323894,35.15696334855437],[-85.304855347821785,35.15687942563784],[-85.305618287403945,35.156688691263128],[-85.306327820736158,35.15649795584676],[-85.306983948860136,35.156352997513693],[-85.307258607193035,35.156356812096988],[-85.307693482192349,35.156448363138509],[-85.308120728025017,35.156669617304829],[-85.308364868649676,35.156761170429718],[-85.308555604066044,35.156822204804598],[-85.308914185315473,35.156806946471306],[-85.309295655106553,35.156700135013125],[-85.309783936355814,35.156505585013463],[-85.310218812396784,35.156246186055512],[-85.31069183427104,35.155918123556035],[-85.311180115520301,35.155536652723299],[-85.31153869676973,35.15531921418193],[-85.311836243644279,35.155212402723805],[-85.312248231143656,35.155128479807217],[-85.312568665518143,35.155155182932219],[-85.312950135309222,35.155250549598748],[-85.313400269683484,35.155513764181649],[-85.313751221766324,35.155807495431191],[-85.314147949890696,35.156147003763976],[-85.314414979056949,35.156459808971817],[-85.314598084264958,35.156749725638065],[-85.31481170718132,35.15707779022091],[-85.315155030097458,35.157661439178298],[-85.315299988430581,35.158008575636131],[-85.31539917072206,35.15866470376011],[-85.315498350930227,35.159210205842555],[-85.315666199888312,35.159587861050341],[-85.315940858221211,35.160179139174375],[-85.316093445720981,35.160373688132438],[-85.316619873845184,35.161045075631364],[-85.316925049886379,35.161384582922551],[-85.317047119677852,35.161460876672436],[-85.317207337385923,35.161521912088972],[-85.317832947801605,35.161708832922045],[-85.319145204049619,35.162296295421129],[-85.320770264463761,35.163005829794997],[-85.321495057170921,35.163257599586302],[-85.321868897795355,35.163436890211017],[-85.322105408211655,35.163639069377382],[-85.322212219669836,35.16384124854369],[-85.322257996753081,35.164085389168349],[-85.322303772794669,35.164417267292833],[-85.322296143628023,35.165679931874195],[-85.322303772794669,35.166896820413967],[-85.322326661336319,35.167205811038514],[-85.322280884253075,35.168018341245556],[-85.322303772794669,35.168525696453116],[-85.322296143628023,35.168811798536012],[-85.322341919669611,35.169120789160502],[-85.322418213419496,35.169452668326699],[-85.322540284252682,35.169895172492659],[-85.32263946654416,35.170223237075504],[-85.322822571752226,35.170600892283232],[-85.323028565501886,35.170913697491073],[-85.323318482168133,35.171222687073907],[-85.323654175917568,35.171558380823399],[-85.323951721750461,35.171741486031465],[-85.324317933208249,35.171920776656179],[-85.324745179040917,35.172035218322662],[-85.326011658205573,35.172241212072322],[-85.326988220704095,35.172363281863852],[-85.327262879036994,35.172416688113742],[-85.32796478320256,35.172534943321864],[-85.329071045700857,35.172508240196919],[-85.331748963405005,35.172355652697149],[-85.332618714445346,35.172443390197031],[-85.332878113403297,35.172573090196806],[-85.3331298842362,35.172698975613287],[-85.333778380068566,35.173171997487543],[-85.334007262359876,35.173439026653796],[-85.334327696734363,35.173793793319931],[-85.33487701340016,35.17460632352703],[-85.335296630066182,35.175476074567314],[-85.336341857147886,35.178340912062879],[-85.336547850897603,35.178787231853846],[-85.336822509230501,35.178981781853565],[-85.337104796730046,35.179080964145044],[-85.338523863394528,35.179370880811291],[-85.339340209226577,35.179592132894243],[-85.340644835266232,35.180015565185272],[-85.340965269640719,35.180191041226692],[-85.341270445681914,35.18038940476805],[-85.34145355088998,35.180469514142885],[-85.343391417553619,35.180744171434128],[-85.343841551927937,35.180789948517429],[-85.344612120676743,35.180740356850833],[-85.34571838317504,35.180564880809413],[-85.346794127964984,35.180580140184418],[-85.34780120713009,35.180652619350951],[-85.348548888378957,35.180778503725776],[-85.349029540461515,35.18097686830879],[-85.349174498794639,35.181053162058674],[-85.349357604002705,35.18126678497498],[-85.349502562335829,35.18149566726629],[-85.349731444627139,35.181991577682197],[-85.350120543584865,35.182949067264076],[-85.350234984209692,35.183422089138332],[-85.350273131084634,35.183856965179302],[-85.350318908167878,35.184642792261457],[-85.350364684209467,35.18537521413532],[-85.350379942542759,35.186351776633785],[-85.350372313376113,35.186817170383051],[-85.350364684209467,35.187061311007653],[-85.350463866501002,35.187446595382085],[-85.350547789417533,35.1876068120485],[-85.3506927477506,35.187782288089863],[-85.350883483166967,35.187923431839693],[-85.351951597748666,35.188404083922251],[-85.35293579045549,35.18880462767163],[-85.353347776913154,35.189014436004641],[-85.353736876912592,35.189289093295884],[-85.354057311287079,35.189559937045487],[-85.35437011649492,35.189960480794866],[-85.354614257119522,35.190303803711004],[-85.355262755035199,35.191287995376115],[-85.356170652950482,35.192684174540602],[-85.355895995659239,35.192951202665199],[-85.35565185503458,35.193244934956397],[-85.355453490451566,35.193466187039405],[-85.355278014410146,35.193794251622251],[-85.355209349826964,35.193981171413611],[-85.355072020660486,35.194385529746285],[-85.354972838369008,35.194667817245886],[-85.354789733160942,35.194992066203724],[-85.354515074828043,35.195190430786738],[-85.354217527953494,35.195224763078329],[-85.353721617537587,35.195240021411621],[-85.353202818580087,35.195232392244975],[-85.352546691497764,35.1951026922452],[-85.351531981082644,35.194938659953777],[-85.350646971709011,35.194877625578897],[-85.349700926918842,35.194866180787244],[-85.348968505044979,35.194961548495428],[-85.347785948796798,35.195297242244919],[-85.346374511299018,35.195888520368953],[-85.345008848801115,35.196716308909345],[-85.34416961546907,35.197074891200486],[-85.343940734219416,35.197120667242075],[-85.34365081651157,35.197162628700312],[-85.342979430054243,35.197460175574861],[-85.342803954012879,35.197635651616281],[-85.342224120680442,35.198387146406787],[-85.341812133181065,35.198524475573208],[-85.341194151932029,35.198490143281617],[-85.339660643601064,35.198036194323947],[-85.338989257143794,35.197937012032469],[-85.338493346727887,35.197929382865823],[-85.338264464436577,35.197952271407416],[-85.337684630062483,35.198085785990543],[-85.336410521731125,35.198574067239804],[-85.335021971733283,35.199230194322126],[-85.334602355067261,35.199436188071786],[-85.334251402984478,35.199527741196675],[-85.333358763402543,35.199626923488154],[-85.331230164447504,35.200080872445824],[-85.330642700906765,35.200138093279065],[-85.329772949866424,35.2001914984873],[-85.329299927992167,35.200248719320541],[-85.328926087367734,35.200210572445599],[-85.328475952993415,35.200092316195764],[-85.328010560285804,35.200004578695939],[-85.327575684244835,35.200031280779228],[-85.327041626953985,35.200057983904173],[-85.326889039454215,35.200004578695939],[-85.326248169663586,35.199787140154569],[-85.324386597791431,35.199226379738775],[-85.323898316542227,35.199092866197361],[-85.323585511334386,35.199073792239005],[-85.323387146751315,35.199134827655598],[-85.322090149878363,35.200164795362355],[-85.319831848840181,35.201972962026218],[-85.318862915508362,35.202831269316505],[-85.31806182905126,35.203594208898664],[-85.31770324780183,35.203750610981785],[-85.31683349676149,35.204113007856222],[-85.31578064051314,35.2044677745223],[-85.315086365514219,35.204586029730478],[-85.314674378014843,35.204582215147127],[-85.314323425932059,35.204498292230596],[-85.313949586349338,35.204372406814116],[-85.313568116558258,35.204246521397693],[-85.312904359267634,35.204143524522806],[-85.312583923851435,35.203998566189739],[-85.31232452489354,35.203731538065142],[-85.311775208227687,35.203075409941164],[-85.311622620727917,35.202915192233093],[-85.311256409270186,35.202583314108608],[-85.310821534270872,35.202362060983944],[-85.310325623854965,35.202281952650708],[-85.309867859272345,35.202358246400593],[-85.309715271772575,35.202400207858886],[-85.309387208231385,35.202564240150252],[-85.308914185315473,35.203060150566159],[-85.308677673857517,35.203773499523379],[-85.308448792607862,35.204689026605308],[-85.308219910316552,35.204986573479857],[-85.307945251983654,35.205165864104572],[-85.307518006150985,35.205360413062579],[-85.306167603028086,35.206096649519793],[-85.305168153029626,35.206527710977468],[-85.304100037406272,35.206890106810249],[-85.303253174907582,35.207141876601497],[-85.302284241575762,35.20732879743457],[-85.301338196785593,35.207477570350989],[-85.300445557203602,35.207649231809057],[-85.300239563453943,35.207729340142237],[-85.298759461372924,35.208118439100019],[-85.296905518667472,35.208480835974456],[-85.295783997835827,35.208629608890874],[-85.294815064504007,35.208698273474113],[-85.29409027179679,35.208728791182352],[-85.29158020096736,35.20904159639025],[-85.290290833261054,35.209262848473202],[-85.289512635345602,35.209373474514734],[-85.288948060346456,35.209457398472921],[-85.288497925972138,35.209419251597978],[-85.287796021806571,35.209186554723317],[-85.287109375974296,35.208827973473888],[-85.286415100975375,35.208507539099401],[-85.285911561392822,35.208347321391329],[-85.285362244727025,35.20825576826644],[-85.284614563478215,35.208244324516443],[-85.284042359312423,35.208248139099794],[-85.28353881972987,35.208301545349684],[-85.283287048896909,35.208362579724621],[-85.283035279105661,35.208480835974456],[-85.282852173897595,35.208602905765929],[-85.282737733272768,35.208797455765591],[-85.282638550981233,35.20929718076485],[-85.282745362439414,35.2097930911807],[-85.283027649938958,35.210494996387979],[-85.283164979105436,35.210735321387574],[-85.28315734993879,35.211112976595359],[-85.283073425980604,35.211410523469908],[-85.28269958535617,35.212017059927291],[-85.281990052023957,35.212722778676152],[-85.280914307233957,35.213554382841551],[-85.278587342654191,35.215381623463713],[-85.277122498906465,35.216457367212058],[-85.276679993698849,35.216598512003486],[-85.275238039534429,35.216789246378198],[-85.274620057243681,35.216949464086269],[-85.274276734327543,35.217113495336037],[-85.274055482244592,35.217292785960751],[-85.273498536412092,35.217895508876495],[-85.273239136412542,35.218227387000979],[-85.272804261413171,35.218616485958705],[-85.272239686414082,35.21900177033308],[-85.270835877041236,35.220008850539841],[-85.269828796834474,35.221073151579901],[-85.269485474959993,35.221462250537627],[-85.269157410377204,35.221729279703879],[-85.268493653086523,35.222240448453078],[-85.26795959579573,35.222709656785696],[-85.267692566629478,35.222927094285353],[-85.267456055171465,35.223030091160183],[-85.26717376767192,35.223152160951656],[-85.266868591630725,35.223251343243192],[-85.266410828089761,35.223304749493082],[-85.265670777049252,35.223381043242966],[-85.264213562468171,35.22362899845092],[-85.263336182261241,35.223678590117515],[-85.261886597888463,35.223594666159329],[-85.260971069764878,35.223434449492856],[-85.260414123932435,35.223419190117909],[-85.259620667683635,35.223449707826205],[-85.258758545809997,35.22352600157609],[-85.257575989561815,35.223506928659447],[-85.256965639562793,35.223392486992964],[-85.256172181230681,35.223171234909955],[-85.255195618732159,35.222713471368991],[-85.25447082810831,35.222213746369789],[-85.253967286442446,35.221855164078647],[-85.253784180192724,35.221645355745636],[-85.253639221859601,35.221195221371374],[-85.25361633331795,35.220466614080806],[-85.253479005193185,35.219699859915352],[-85.253356934360056,35.219341278665922],[-85.253189087485282,35.218852997416661],[-85.25296783540233,35.218387604709051],[-85.252571107277902,35.217876434918196],[-85.252113342695282,35.217552185960358],[-85.251731872904259,35.21740341304394],[-85.251220704155003,35.2172889713774],[-85.250556946864378,35.217235566169165],[-85.249969483323639,35.21720886304422],[-85.249427795824488,35.217216492210866],[-85.249061585408356,35.217330933877349],[-85.248573304159152,35.217506409918769],[-85.248054505201594,35.217800141168311],[-85.247642517702218,35.218173981792688],[-85.247093201036421,35.218727113041837],[-85.246643067703815,35.219264984916038],[-85.246376038537562,35.21959304845717],[-85.245811463538416,35.220130921373027],[-85.245361329164098,35.220455170330865],[-85.244796754165009,35.220870972413536],[-85.244201661457566,35.221317292204503],[-85.243782043749889,35.221641541162342],[-85.243682862500066,35.221782684912114],[-85.243515015625292,35.222095490119955],[-85.243438721875464,35.222335816161262],[-85.243202210417451,35.22257614220257],[-85.24288940520961,35.222648621369103],[-85.242820740626371,35.222690582827397],[-85.242416382293698,35.222835541160464],[-85.242042542710919,35.22304153491018],[-85.241813660419609,35.223308564076433],[-85.241378785420295,35.223728180742455],[-85.241287232295463,35.223827363033934],[-85.241210938545578,35.224025727616947],[-85.241203309378932,35.224296570324896],[-85.241119385420689,35.224567414074443],[-85.241004944795861,35.224811554699102],[-85.240776062504551,35.225097656781998],[-85.240661621879724,35.225231171365124],[-85.240509034380011,35.22536468594825],[-85.240394592713471,35.225574494281204],[-85.24022674688041,35.225830078655861],[-85.240150452088869,35.225982667197286],[-85.239898682297621,35.226249695321826],[-85.23963928333967,35.226505280738138],[-85.239540101048135,35.226699829696145],[-85.239456177089949,35.226989746362392],[-85.239456177089949,35.227153778653758],[-85.239562989589786,35.227397919278417],[-85.239669801047967,35.227691651569614],[-85.239662170839608,35.227901459902625],[-85.239601136464728,35.228054047402395],[-85.239349365631767,35.228286744277],[-85.239242554173643,35.228504181776657],[-85.239143371882108,35.22869873073472],[-85.238998413548984,35.228816986984555],[-85.238677979174497,35.228950501567681],[-85.23851013229978,35.228992463025918],[-85.238250733341829,35.2290802005258],[-85.238098145842059,35.229137421359042],[-85.237838745842453,35.229167939067338],[-85.237541200009616,35.229221344275572],[-85.237266541676661,35.229171753650633],[-85.236968994802169,35.229110718234097],[-85.236732483344156,35.229057313025805],[-85.23634338438643,35.229114532817391],[-85.236099243761828,35.229217529692221],[-85.235908509387116,35.229381561983644],[-85.235664368762514,35.229576111983363],[-85.23549652188774,35.229755402608077],[-85.235420228137855,35.229904175524496],[-85.235412598971209,35.230270386982284],[-85.235328675013022,35.230541229690175],[-85.23529052813808,35.230751038023186],[-85.23506164584677,35.231025696356085],[-85.234848022930464,35.23135376093893],[-85.234550477097571,35.231639863021826],[-85.234283447931318,35.231967926562959],[-85.234054566681664,35.232284546354151],[-85.233901978140238,35.232463836978866],[-85.233673096890584,35.232791901561711],[-85.233520508349159,35.233001709894722],[-85.233291627099504,35.233287811977618],[-85.233085633349845,35.233455658852336],[-85.232933044808419,35.233551026560519],[-85.232681275017114,35.233898164059951],[-85.232475281267455,35.23424530155944],[-85.232147217726322,35.234786988016936],[-85.231933594809959,35.235225678641257],[-85.231758118768539,35.235485077599208],[-85.231460571894047,35.235752106765403],[-85.231231690644393,35.235992432806711],[-85.230697632311887,35.236381531764437],[-85.230377197937401,35.236637116139036],[-85.230003357312967,35.236965180721882],[-85.229698182313427,35.237232208846478],[-85.229339600022342,35.237548828637671],[-85.229003907314507,35.237709046345742],[-85.228736878148254,35.237800597387263],[-85.228332519815524,35.237899780720454],[-85.22812652710752,35.237911225512107],[-85.227333069817121,35.238071442178523],[-85.226959229192687,35.238071442178523],[-85.226272583360412,35.237846375512163],[-85.225921631277629,35.237819672387218],[-85.225624085444736,35.23785781926216],[-85.225097657320589,35.238079071345169],[-85.224830628154336,35.238227845303243],[-85.224548340654735,35.23839187655301],[-85.224067688572177,35.238582611969377],[-85.22380066044758,35.238639832802619],[-85.223503113573031,35.23872375571915],[-85.223243714615137,35.238842010927328],[-85.222908020865646,35.238868714052273],[-85.222465515657973,35.238742829677449],[-85.222167969825136,35.238616944260968],[-85.221855164617295,35.238594055719375],[-85.221595764617689,35.238685608844207],[-85.221221925034911,35.238922120302163],[-85.220932007327065,35.239284516134944],[-85.22070312607741,35.239601135926137],[-85.220603943785875,35.239826203634095],[-85.220565796910932,35.239948273425568],[-85.220375061494565,35.24015808175858],[-85.220260620869738,35.240276336966758],[-85.220069886495025,35.240425110924832],[-85.219810486495419,35.240543366133011],[-85.219680786495644,35.240604401549547],[-85.219528198995874,35.240692139049429],[-85.2193984989961,35.240768433840969],[-85.219139100038149,35.240856171340852],[-85.218986510455068,35.2408523567575],[-85.21846008337252,35.240947724465684],[-85.218040466706555,35.241249084881872],[-85.217720032332011,35.241592407798009],[-85.217674256290422,35.241855622380967],[-85.217742920873661,35.242340089046877],[-85.217864990665134,35.242603302588122],[-85.218063355248148,35.24289703487932],[-85.218330384414401,35.243297577587043],[-85.218620301080648,35.243728638003063],[-85.21891784795514,35.244041443210904],[-85.219055176079962,35.244377136960395],[-85.21924591149633,35.244899750501247],[-85.219367981287803,35.245391846333803],[-85.219505310454281,35.245880127583064],[-85.219757081287185,35.246204376540902],[-85.220252991703092,35.246501923415394],[-85.220542908369282,35.246845246331532],[-85.220870972952127,35.247306824455848],[-85.221214294826609,35.247783661955111],[-85.221672058367574,35.248218536954425],[-85.222221375033371,35.248760224453576],[-85.222358704199848,35.249191284869596],[-85.222351075033146,35.249496460910791],[-85.222152710450132,35.249893189035163],[-85.222000122950362,35.250102997368174],[-85.221832276075645,35.250282287992889],[-85.221549988576101,35.250385284867718],[-85.221305847951442,35.250431061950962],[-85.220741272952353,35.250572205700735],[-85.220466614619454,35.250686646325562],[-85.220176697953207,35.250827790075391],[-85.219825745870423,35.251026154658405],[-85.219589234412467,35.251197816116473],[-85.219421387537693,35.25134277444954],[-85.219223022954679,35.25149536194931],[-85.219009400038374,35.251583100490848],[-85.218742370872121,35.251636505699082],[-85.218040466706555,35.25169372653238],[-85.217605591707184,35.251743317157263],[-85.217247010457754,35.251808167157151],[-85.21702575733309,35.251888274448731],[-85.216865540666674,35.251987457781922],[-85.216712952125249,35.2521057140317],[-85.216339112542528,35.252632142155903],[-85.2161788948344,35.25305557340522],[-85.216072083376275,35.253734589029193],[-85.215759278168377,35.254444123403061],[-85.215362550044006,35.254875183819081],[-85.214706421920027,35.25527572756846],[-85.214477539628717,35.255401611943284],[-85.213729859421562,35.255634308817889],[-85.212226868798894,35.256362916108458],[-85.211944581299349,35.256725311941238],[-85.21170044067469,35.257495880689987],[-85.211174011508831,35.258426667146921],[-85.210525513593211,35.258995056729361],[-85.210258484426959,35.259250642145616],[-85.209892274010826,35.259357453603798],[-85.209106445887073,35.25965118485334],[-85.208618164637812,35.25992965776959],[-85.208091736513609,35.260337830685614],[-85.207542419847812,35.260860444226466],[-85.207237244848272,35.261432648392258],[-85.207000733390316,35.262020111932998],[-85.206687928182475,35.262836456723392],[-85.206306458391396,35.263290405681005],[-85.205810547975489,35.263706207763732],[-85.205177308393161,35.26399994005493],[-85.204246521936284,35.264080048388109],[-85.20358276464566,35.264099122346408],[-85.202728271938611,35.264179230679645],[-85.202003479231394,35.264259339012824],[-85.201438904232305,35.264369965054357],[-85.201110840691115,35.264305116096125],[-85.200813293816623,35.264179230679645],[-85.200447083400491,35.264053345263164],[-85.200187683400884,35.263973236929985],[-85.199653626110091,35.263935090055043],[-85.198928833402874,35.263893128596749],[-85.198356629237082,35.263870240055098],[-85.197898865696118,35.263862610888452],[-85.197509766738392,35.26382446401351],[-85.197227479238848,35.26392746088834],[-85.196929932364299,35.264091492138107],[-85.196754456322878,35.264362335887711],[-85.196693420906342,35.264663697345554],[-85.196609497989812,35.264968873386749],[-85.196449280281684,35.265361786927826],[-85.196357728198507,35.265571595260838],[-85.196304321948617,35.266044617135094],[-85.196189881323789,35.266452790051119],[-85.196029663615718,35.266784669217259],[-85.195785522991059,35.267040253591858],[-85.1955795292414,35.267036439008564],[-85.195396424033333,35.26697158900862],[-85.195083618825493,35.266784669217259],[-85.19486999590913,35.266693116092426],[-85.194610596951236,35.266654969217484],[-85.194252014660094,35.266834259842199],[-85.19396972716055,35.267116547341743],[-85.193405152161404,35.267322541091403],[-85.192848206328961,35.267269134841513],[-85.192520142787828,35.267292023383163],[-85.192146302163394,35.2673339848414],[-85.191917419872084,35.267467499424527],[-85.191612244872545,35.267963409840434],[-85.191246033414757,35.268417358798047],[-85.190849305290385,35.268989564005494],[-85.190635682374079,35.269245148380094],[-85.190551758415836,35.269546509837994],[-85.1904907229993,35.269924165045722],[-85.190498353207602,35.27040100150333],[-85.190414429249415,35.270809174419355],[-85.190177917791459,35.271385194210097],[-85.18987274279192,35.271774293167823],[-85.189498902167486,35.272075653584068],[-85.189201355292937,35.272052766084073],[-85.188995361543277,35.271896362959353],[-85.188926698001694,35.271713257751287],[-85.188789368835273,35.271530152543221],[-85.188156128211233,35.27147293170998],[-85.18780517612845,35.271446228585035],[-85.187454224045666,35.271480560876626],[-85.187210083421064,35.27159881712646],[-85.186996460504702,35.271831512959409],[-85.186950684463113,35.27204132129242],[-85.1867523198801,35.272518158791684],[-85.186271667797484,35.273143769207365],[-85.185829163631524,35.273849487956284],[-85.185707092798395,35.274150849414184],[-85.185653687590104,35.274612427538443],[-85.185600281340214,35.27493286191293],[-85.185478211548741,35.275089265037707],[-85.185333252173962,35.275241852537476],[-85.1851654063409,35.275413513995545],[-85.184928894882944,35.275505067120378],[-85.184654236549989,35.275634766078554],[-85.184234619884023,35.27582168691157],[-85.183540344885103,35.276302338994128],[-85.18332672196874,35.276473999410541],[-85.183227539677205,35.276550294202082],[-85.183082581344138,35.276672363993555],[-85.182914734469364,35.276733399410148],[-85.182731629261355,35.276660920243614],[-85.182571411553226,35.276588441077024],[-85.182456970928399,35.276500702535543],[-85.182014465720783,35.276195525452636],[-85.181694031346296,35.275962830661342],[-85.181304932388571,35.275741577536678],[-85.181015015722323,35.27561569316191],[-85.180854798014252,35.275600433786906],[-85.180694580306181,35.275657654620147],[-85.180496216764823,35.275775909828326],[-85.180274963640159,35.276012421286282],[-85.180091858432093,35.276153565036054],[-85.179916382390729,35.276248932744238],[-85.179725648016017,35.276317597327477],[-85.179534912599649,35.276313782744126],[-85.179389954266526,35.276294708785827],[-85.179199219891814,35.276222229619293],[-85.179023743850394,35.276149750452703],[-85.17884826780903,35.276046753577873],[-85.17861938551772,35.2759246837864],[-85.1784439094763,35.275833130661567],[-85.178169251143402,35.275691986911795],[-85.177146912603348,35.27516174420424],[-85.176643371979139,35.274887085871342],[-85.175941467813516,35.274471283788671],[-85.175407410522723,35.274257660872308],[-85.175231934481303,35.274181367122424],[-85.174690246982152,35.273895265039585],[-85.174362183440962,35.273677826498215],[-85.17365265010875,35.273273469207197],[-85.173179627192837,35.272918700457751],[-85.172851563651648,35.272644044208164],[-85.172256470944262,35.272228242125493],[-85.17181396573659,35.27193832441759],[-85.171691894903461,35.271900177542648],[-85.171546936570337,35.271873475459358],[-85.171348571987323,35.271858216084411],[-85.171089173029429,35.271854401501059],[-85.17084503240477,35.271873475459358],[-85.170532227196929,35.271957398375889],[-85.170043945947668,35.272155762958903],[-85.169784546989774,35.272254944208782],[-85.169509888656876,35.272323608792021],[-85.169151306365734,35.272354126500261],[-85.16894531365773,35.272338868166969],[-85.168670655324831,35.272296906708732],[-85.168395996991933,35.272220611917135],[-85.168098450117384,35.272182465042192],[-85.167610168868123,35.272151948375608],[-85.167304993868584,35.272094727542367],[-85.166984558452441,35.271976471292533],[-85.166564941786419,35.271854401501059],[-85.166213989703635,35.271724701501284],[-85.165893555329149,35.271617890043103],[-85.165588379287954,35.271549225459864],[-85.165252686580118,35.271469117126685],[-85.16490936366398,35.271411896293387],[-85.164726258455971,35.271400452543446],[-85.164344788664891,35.271358491085152],[-85.16406250116529,35.271465302543334],[-85.163909912623865,35.271686554626342],[-85.163825989707334,35.271839143167767],[-85.163749695957449,35.271953583792595],[-85.163589478249378,35.272026062959128],[-85.163406373041312,35.272022248375777],[-85.163185119916648,35.271968842125887],[-85.162940979292046,35.27188873379265],[-85.16239929283455,35.271720886917933],[-85.162155152209948,35.271629334834756],[-85.161773682418868,35.271545410876513],[-85.161598206377448,35.271450043168329],[-85.161430359502731,35.271263123376968],[-85.161399841794434,35.270923615044182],[-85.161453248044381,35.270404816086625],[-85.161491394919324,35.270065308795495],[-85.161750793877218,35.26953125046299],[-85.16196441679358,35.26927566608839],[-85.162368775126254,35.268836974422413],[-85.162742615750687,35.268566132756177],[-85.163200379291652,35.268264771298277],[-85.163879394915568,35.267875672340551],[-85.164489746997958,35.267486573382826],[-85.165397644913241,35.267135621300042],[-85.16600036678733,35.266742706717309],[-85.166305542828468,35.266471864009418],[-85.16672515949449,35.266170502551574],[-85.166793824077729,35.265998841093506],[-85.166717530327844,35.265850068177031],[-85.166419983453295,35.265674592135667],[-85.165992737620627,35.265422822344362],[-85.165481567829772,35.265048981719985],[-85.164802554289167,35.264514924429136],[-85.164634705331082,35.264373779637651],[-85.164421082414776,35.264091492138107],[-85.164314270956595,35.263751984846976],[-85.164283753248299,35.263366700472545],[-85.164329529289887,35.26306152443135],[-85.164497376164661,35.262462617140613],[-85.164581299081192,35.262031555682995],[-85.164741516789263,35.261604309850327],[-85.164970399080573,35.261177064017659],[-85.165321351163357,35.260734558809986],[-85.165588379287954,35.260463715060382],[-85.165710450121082,35.260078430686008],[-85.165702820954436,35.259647370269988],[-85.165763855329317,35.259250642145616],[-85.165870666787498,35.258865357771242],[-85.165916443870742,35.258605957771636],[-85.165840150120857,35.258449555688514],[-85.16564941470449,35.258460999438512],[-85.165351868871653,35.258548736938394],[-85.165008545955516,35.258670807771523],[-85.164428711581422,35.258781433812999],[-85.163764954290798,35.258850098396238],[-85.163284302208183,35.258628846313229],[-85.162971497000342,35.258407593188622],[-85.162635804292506,35.258232117147202],[-85.162223816793187,35.258132935897379],[-85.161758423043864,35.25812530568902],[-85.161384583461142,35.258152008814022],[-85.160934449086824,35.25811386193908],[-85.1607894907537,35.257949829647657],[-85.1607894907537,35.257713318189701],[-85.160949707420116,35.257408143190162],[-85.161109925128244,35.256950379649197],[-85.161231994919717,35.256610871316411],[-85.161422730336085,35.256244659858623],[-85.161697388668983,35.255725860901123],[-85.161895752210341,35.255344392151699],[-85.161979676168528,35.255020142152205],[-85.162132263668298,35.254718781736017],[-85.162368775126254,35.254379273403174],[-85.162467957417789,35.254119873403567],[-85.162452698042785,35.253829956737377],[-85.162239075126479,35.253578186946072],[-85.162033081376819,35.2534370431963],[-85.161712647002275,35.253402710904709],[-85.161071778253302,35.253547669237832],[-85.160713197003815,35.25366210986266],[-85.160247803254549,35.253627777571012],[-85.15983581575523,35.253482819237888],[-85.159416199089208,35.253170014030047],[-85.159034729298128,35.252861023405558],[-85.158721924090287,35.252548218197717],[-85.158477783465628,35.252239228614826],[-85.158401489715743,35.252017975490162],[-85.158370972007503,35.251659394240733],[-85.158393860549097,35.251270295283007],[-85.158363342840801,35.250930786950221],[-85.158348084507509,35.250644684867325],[-85.158256531382676,35.250434876534314],[-85.158157349091141,35.250141144243116],[-85.157974243883075,35.249919892160108],[-85.157752991800123,35.249610901535561],[-85.157615662633646,35.249404907785902],[-85.157623291800292,35.249176026536247],[-85.157821656383305,35.248992920286526],[-85.15807342617461,35.248817444245162],[-85.158218384507734,35.248683930703692],[-85.15827941992427,35.24843979007909],[-85.158287049090916,35.248241425496019],[-85.158210755341088,35.248039246329711],[-85.158111573049553,35.24795532341318],[-85.157829285550008,35.247852326538293],[-85.157752991800123,35.247570039038749],[-85.157760620966769,35.247268677580905],[-85.157829285550008,35.246955872373064],[-85.157997132424725,35.246627808831875],[-85.158248902215973,35.246215821332498],[-85.158386231382451,35.24578857549983],[-85.158470154298982,35.245525360916929],[-85.158477783465628,35.245223999459085],[-85.158523560548929,35.245025635917727],[-85.15860748346546,35.244758606751475]]]]}},
{"type":"Feature","properties":{"objectid":242,"tnmid":"{C7C94FCC-D3D3-4BDB-AB21-0F0B388709C1}","metasourceid":"{0997CBAF-CD42-4E2D-B78B-22DB097E9973}","sourcedatadesc":null,"sourceoriginator":null,"sourcefeatureid":null,"loaddate":"2013-01-18T07:08:58Z","referencegnis_ids":null,"areaacres":19320.99,"areasqkm":78.19,"states":"TN","huc12":"060200010609","name":"Tennessee River-Chickamauga Lake","hutype":"S","humod":"KA,DM","tohuc":"060200011202","noncontributingareaacres":0.0,"noncontributingareasqkm":0.0,"shape_Length":0.47371356865922765,"shape_Area":0.0077324786209675206},"geometry":{"type":"MultiPolygon","coordinates":[[[[-85.099182129391011,35.174400330818969],[-85.099647522098621,35.173965454777999],[-85.100418091889082,35.173580170403625],[-85.100730897096923,35.173477173528738],[-85.101013184596525,35.173194886029194],[-85.101081849179764,35.172847748529762],[-85.101539612720671,35.172042847489308],[-85.101570130428968,35.171623230823286],[-85.101501465845729,35.171340943323742],[-85.101219178346184,35.17099380582431],[-85.101119996054649,35.170711518324708],[-85.101219178346184,35.170326233950334],[-85.101715088762091,35.170047761034084],[-85.103393555426123,35.169593812076471],[-85.104263306466464,35.169349671451812],[-85.104476929382827,35.169033051660676],[-85.104476929382827,35.168788911036017],[-85.104476929382827,35.168510438119824],[-85.104476929382827,35.168159486037041],[-85.104545593966009,35.167984009995621],[-85.105072022090212,35.167564392287943],[-85.105239868964929,35.167251588121758],[-85.105316162714814,35.16693496728891],[-85.105239868964929,35.166339874581524],[-85.104995728340327,35.16532516520806],[-85.104896546048792,35.164592743334197],[-85.104896546048792,35.164138794376584],[-85.104965210632031,35.163856506877039],[-85.105171204381747,35.163543701669198],[-85.105316162714814,35.163124085003176],[-85.105346680423111,35.162528992295734],[-85.10541534500635,35.161865235005109],[-85.10541534500635,35.161270142297724],[-85.105239868964929,35.160850525631702],[-85.105171204381747,35.160396576674088],[-85.105140686673451,35.159523011050396],[-85.105140686673451,35.15899658292625],[-85.10520935125669,35.158226014177444],[-85.10541534500635,35.157703400636592],[-85.105590821047713,35.157249451678922],[-85.105735779380836,35.156864167304548],[-85.105735779380836,35.156654358971537],[-85.105873108547314,35.156059266264151],[-85.106330872088279,35.154876710015969],[-85.107467652294815,35.152629852727785],[-85.10830688562686,35.150844574605571],[-85.108985901250776,35.149272919399664],[-85.109771729374586,35.147678375652163],[-85.109909058541007,35.147201539194555],[-85.109893799166059,35.147010803778187],[-85.10982513458282,35.146831513153472],[-85.109771729374586,35.146759033986882],[-85.109451295000099,35.146301270445917],[-85.109230041875435,35.146179199612789],[-85.108688355417939,35.146053315238021],[-85.108581543959758,35.146003723571425],[-85.108467102293275,35.145935058988186],[-85.107635499169589,35.145351411072397],[-85.107170105420266,35.145023346489609],[-85.106735230420952,35.144783020448301],[-85.106384276254857,35.144618989198534],[-85.106048584588677,35.144596100656941],[-85.10588073771396,35.144638062115177],[-85.105628967922655,35.144752502740005],[-85.105438234589656,35.144836426698191],[-85.105331421048163,35.144783020448301],[-85.105278015839872,35.144618989198534],[-85.105247498131575,35.144023895449493],[-85.105300904381522,35.143699646491655],[-85.105354309589757,35.143482208991998],[-85.105682374172602,35.143238068367339],[-85.105949402297199,35.143032074617679],[-85.10610962000527,35.142833710034665],[-85.106224060630097,35.142562867326774],[-85.106384278338169,35.142208099618983],[-85.106376648129867,35.141941071494387],[-85.106170655421863,35.141723633994729],[-85.10608673146362,35.141460419411771],[-85.106063842922026,35.141162872537279],[-85.10608673146362,35.140808105871145],[-85.106224060630097,35.140270233996944],[-85.106224060630097,35.139701844414503],[-85.106224060630097,35.139431000664956],[-85.106140137713567,35.139160156915352],[-85.106079102296974,35.139049530873876],[-85.105979920005439,35.138553620457969],[-85.105979920005439,35.138076782958706],[-85.106033326255385,35.137397766293077],[-85.106140137713567,35.137100220460241],[-85.106361389796518,35.1365318308778],[-85.106384276254857,35.136047364211834],[-85.106307983546628,35.135665894420811],[-85.106193542921801,35.135532379837684],[-85.105979922088807,35.135448456921097],[-85.105598450214416,35.135124206921603],[-85.105384827298053,35.134853363172056],[-85.105285645006518,35.134723664213936],[-85.105194092923341,35.13451767046422],[-85.105194092923341,35.134338379839505],[-85.105194092923341,35.1341247569232],[-85.105140686673451,35.133987427756722],[-85.105110168965155,35.13390731838183],[-85.104927063757088,35.133445740257571],[-85.104927063757088,35.133232117341208],[-85.104949952298739,35.132961273591661],[-85.105140686673451,35.132633210050471],[-85.10541534500635,35.132255554842743],[-85.105545045006124,35.132038117343086],[-85.105598450214416,35.131877899635015],[-85.105628967922655,35.131496429843935],[-85.105606079381062,35.131290436094218],[-85.105461121047938,35.130481720470527],[-85.105361938756403,35.130237579845868],[-85.105354309589757,35.130172729845981],[-85.105339051256465,35.130046845471156],[-85.105369568964761,35.129993439221266],[-85.105453491881292,35.129947663179678],[-85.105537414797823,35.129959106929618],[-85.105628967922655,35.13001632776286],[-85.105766297089133,35.130111695471101],[-85.105987549172141,35.130264282970813],[-85.106712341879302,35.130508423595472],[-85.107063293962142,35.130664825678537],[-85.107192993961917,35.130649567345245],[-85.107299805420098,35.130558014220355],[-85.10733795229504,35.130489349637173],[-85.10733795229504,35.130409241303937],[-85.10733795229504,35.130355836095703],[-85.107261658545156,35.130249023595866],[-85.107200623128563,35.130157471512689],[-85.107101440837084,35.130020142346211],[-85.107025147087199,35.129741669429961],[-85.106979371045554,35.129447937138764],[-85.106925964795664,35.129127502764277],[-85.10693359396231,35.128849029848027],[-85.106857300212425,35.128490448598598],[-85.106674195004416,35.128208161099053],[-85.106498718962996,35.127967835057746],[-85.10631561375493,35.127670289224852],[-85.106079102296974,35.12734985380871],[-85.105926514797204,35.127082825684113],[-85.105781555422425,35.1268653871428],[-85.105621338756009,35.126747131934621],[-85.105354309589757,35.126636505893146],[-85.105270386673226,35.126499176726668],[-85.105293274173221,35.126327515268599],[-85.105377198131407,35.126182556935532],[-85.105567932506119,35.125953674644222],[-85.105697632505894,35.125694275686271],[-85.105735779380836,35.125457764228315],[-85.105773926255779,35.125217438187008],[-85.10593414396385,35.124851227770932],[-85.106140137713567,35.124568940271331],[-85.106300354379982,35.124214172563541],[-85.106452942921408,35.124065399647122],[-85.106704712712656,35.123794555897518],[-85.106895447087368,35.123569489231215],[-85.106971740837253,35.123401642356498],[-85.107070923128788,35.123203277773484],[-85.107131958545324,35.122791291315764],[-85.107147217920328,35.122287750691555],[-85.107154847086974,35.121860504858887],[-85.107215880420199,35.12157058819264],[-85.107322693961692,35.121280670484794],[-85.107345581461686,35.121067047568431],[-85.107330323128394,35.120761871527236],[-85.107360840836634,35.120395661111161],[-85.107330323128394,35.120105744444913],[-85.107261658545156,35.119796753820424],[-85.107078553337089,35.119594574654059],[-85.106803895004191,35.119361877779454],[-85.10655212417123,35.119083404863204],[-85.106407165838164,35.118820191321959],[-85.106246949171691,35.118545532989003],[-85.106033326255385,35.118232727781162],[-85.105903626255611,35.11814117465633],[-85.105628967922655,35.118076324656442],[-85.105361938756403,35.118087769448096],[-85.104995728340327,35.118064880906445],[-85.104637147090898,35.118030548614854],[-85.104232788758168,35.117961884031615],[-85.103996277300212,35.117881775698379],[-85.103828430425494,35.11771011424031],[-85.103759765842256,35.117557526740541],[-85.1038055429255,35.117221832991106],[-85.103935241883619,35.117023468408036],[-85.104217530424876,35.116847992366672],[-85.10467529396584,35.116592407992073],[-85.104995728340327,35.116458893408947],[-85.105278015839872,35.116264343409227],[-85.105484009589588,35.116039276742924],[-85.105621338756009,35.11585998611821],[-85.105682374172602,35.115493774660422],[-85.105712890839243,35.115203857994231],[-85.105682374172602,35.114704132994973],[-85.105659485630952,35.114166260079173],[-85.105514527297828,35.113826752788043],[-85.105339051256465,35.113529205913494],[-85.104949952298739,35.113235474663952],[-85.104621887715894,35.112873077789516],[-85.104461671049478,35.112548828831677],[-85.104194641883225,35.112037659040823],[-85.103897095008676,35.111789703832869],[-85.103546142925893,35.111583710083153],[-85.103309630426281,35.111408234041789],[-85.103027343968392,35.110832215292646],[-85.102874756468623,35.110271454876852],[-85.102874756468623,35.109786988210942],[-85.102874756468623,35.109401703836568],[-85.102890014801915,35.109317779878324],[-85.102859498135331,35.109039306962131],[-85.102699280427203,35.108776093420829],[-85.102668762718963,35.108501435087931],[-85.102691651260557,35.108207702796733],[-85.102622986677318,35.107917786130542],[-85.102447510635955,35.107635498630941],[-85.10216522313641,35.107463837172872],[-85.102027893969932,35.107261658006564],[-85.102005005428282,35.107154846548383],[-85.10191345230345,35.106571198632594],[-85.101951600220048,35.106010437175144],[-85.102035523136578,35.105655670509009],[-85.102058411678229,35.10559845071748],[-85.102081299178167,35.105545044467533],[-85.102241516886295,35.105274200717986],[-85.102439881469309,35.104953766343442],[-85.102653504385614,35.104770661135433],[-85.102996827301752,35.104682922593895],[-85.103721618967313,35.104560852802422],[-85.103996277300212,35.104560852802422],[-85.104240417924814,35.104724885093788],[-85.104377747091291,35.104820251760316],[-85.104507447091066,35.104969025718447],[-85.104759216882371,35.10514450175981],[-85.104965210632031,35.105045319468331],[-85.105094910631863,35.104740143427136],[-85.105300904381522,35.104476928844178],[-85.10555267417277,35.104354859052705],[-85.105834961672372,35.104221344469579],[-85.106193542921801,35.104053497594862],[-85.106628418962771,35.103816987178561],[-85.106895447087368,35.103603363220543],[-85.107185364795271,35.103363038220948],[-85.107513428336404,35.103168488221229],[-85.108375550210098,35.103057862179753],[-85.10859680229305,35.102993012179809],[-85.108810425209413,35.102985383013163],[-85.109298706458674,35.10287094134668],[-85.109680176249697,35.102600098638788],[-85.109909058541007,35.102451324680658],[-85.110237122082196,35.102130890306171],[-85.110572815831688,35.101997375723045],[-85.110916138747825,35.101955414264751],[-85.111419678330378,35.101917267389865],[-85.111839297079712,35.101829529889983],[-85.112083435621003,35.101634979890264],[-85.112258911662366,35.101390839265662],[-85.112640381453446,35.100978851766286],[-85.112968444994635,35.100662231975093],[-85.113334656452366,35.100387573642195],[-85.113548279368729,35.10005569551771],[-85.113647461660207,35.09963989343504],[-85.113548279368729,35.099037170519296],[-85.113426209577256,35.098663330936574],[-85.113197327285945,35.098167421562323],[-85.112922668953047,35.097717286146349],[-85.112617492911852,35.097534179896627],[-85.112342834578897,35.097454071563448],[-85.111968994996175,35.09733963093862],[-85.111686707496631,35.097225190313793],[-85.111465454371967,35.097129822605609],[-85.111373903330446,35.097019196564133],[-85.111335755413847,35.096817017397768],[-85.111419678330378,35.096603394481406],[-85.111595154371742,35.0963897715651],[-85.111694336663277,35.096172333023731],[-85.111793518954755,35.095802308024304],[-85.111854553329692,35.095539093441403],[-85.111938477287879,35.095233917400208],[-85.11202240020441,35.094844818442482],[-85.112182617912481,35.094524384067995],[-85.112358093953901,35.094245911151745],[-85.112571716870207,35.093975067402141],[-85.112876892911402,35.093730926777539],[-85.113166809577649,35.093471527819588],[-85.113319397077419,35.093257904903282],[-85.113250734577491,35.093051911153623],[-85.113052368952822,35.092773438237373],[-85.112831115828158,35.092536926779417],[-85.112701416870038,35.092254639279815],[-85.112785339786569,35.091995240321921],[-85.112907410619698,35.091670990322427],[-85.112976075202937,35.0912551882397],[-85.112945557494641,35.090976715323507],[-85.112854004369808,35.090541840324136],[-85.112869263744756,35.09012222365817],[-85.112869263744756,35.089859009075212],[-85.11280822832822,35.089698792408797],[-85.113021851244525,35.089618683033905],[-85.113403321035605,35.089576721575668],[-85.113777161660039,35.089599610117261],[-85.114082336659578,35.089714050742089],[-85.114570617908782,35.089675903867146],[-85.114990234574805,35.089603424700613],[-85.115371704365884,35.089656829908847],[-85.115707398115376,35.089862823658564],[-85.115966797073327,35.090179442408044],[-85.116371155406,35.090496064282547],[-85.116630554363951,35.090721130948907],[-85.116767883530372,35.090942383031859],[-85.116920472071797,35.091098786156635],[-85.117225648112992,35.091136933031578],[-85.117530823112531,35.090984345531808],[-85.117843628320372,35.090736389282199],[-85.118148804361567,35.090507508032545],[-85.118423462694466,35.09038925178271],[-85.118782043943952,35.090282440324586],[-85.119148255401683,35.090164185116407],[-85.119506836651112,35.090156555949761],[-85.119659424150882,35.090217591366354],[-85.119827271025656,35.090427399699365],[-85.120124817900205,35.090885163240273],[-85.120231629358329,35.09110260073993],[-85.120353699149803,35.09148407053101],[-85.12040710539975,35.091686249697375],[-85.120452881441338,35.092094421571744],[-85.120475769982988,35.092781067404019],[-85.120452881441338,35.093048096570271],[-85.120307923108214,35.093563080944477],[-85.120185852275085,35.093872070527311],[-85.120048523108608,35.094184875735152],[-85.120056153316966,35.094478608026407],[-85.120185852275085,35.094673156984413],[-85.120391846024745,35.09486007781743],[-85.120635986649404,35.09503555385885],[-85.120780944982471,35.095336914275038],[-85.120765686649179,35.095821380940947],[-85.120643616857706,35.096305847606857],[-85.120651246024352,35.09655380281481],[-85.120681763732648,35.096820831981063],[-85.120674133524346,35.09721374552214],[-85.120643616857706,35.097606659063217],[-85.120918274148949,35.098300934062138],[-85.121139527273613,35.098606110103333],[-85.121398926231507,35.098796845519701],[-85.121742249147644,35.098880768436231],[-85.122123718938724,35.09897995072771],[-85.122558593938095,35.099174499685773],[-85.122703553312817,35.099475861143617],[-85.122787476229405,35.100074768434354],[-85.12291717622918,35.100173950725889],[-85.123184204353777,35.100223541350772],[-85.123550415811508,35.100273133017367],[-85.124076843935711,35.100330353850609],[-85.124534607476676,35.100399018433848],[-85.124900818934407,35.10043716530879],[-85.125572205391734,35.100463867392079],[-85.126159668932473,35.100505829892029],[-85.12718963663923,35.100646973641801],[-85.128005982471279,35.100753785099982],[-85.128753662678434,35.10076522884998],[-85.129501343927302,35.100730896558332],[-85.130111694968036,35.100723267391686],[-85.130569458508944,35.100650788225153],[-85.13095855746667,35.100452423642139],[-85.131271362674568,35.100238800725776],[-85.131729126215475,35.10010528614265],[-85.132156373089856,35.100078583017705],[-85.132514954339285,35.100162506975892],[-85.13282013038048,35.100185394475886],[-85.133087158505077,35.100139618434241],[-85.133285523088091,35.099922180934584],[-85.133445740796162,35.099689484059979],[-85.13373565746241,35.099475861143617],[-85.134010315795308,35.09925842364396],[-85.134246827253264,35.099170685102422],[-85.134475708502919,35.099086762185891],[-85.134689331419224,35.099121094477482],[-85.13484191996065,35.099201202810718],[-85.135025025168716,35.099426270518677],[-85.135231018918375,35.099681854893333],[-85.135475159543034,35.099937439267933],[-85.135719300167636,35.100177765309184],[-85.135955811625593,35.100624085100151],[-85.136177063708601,35.10105514551617],[-85.136306763708376,35.101467133015547],[-85.136390686624907,35.101879120514923],[-85.136459351208146,35.10230255176424],[-85.136543274124676,35.102603913222083],[-85.136619568916217,35.102855683013388],[-85.136749267874393,35.103065491346399],[-85.136901856415818,35.103137970512932],[-85.137489319956558,35.1030464173881],[-85.138328553288602,35.102920533013275],[-85.139144898078996,35.102794647596795],[-85.139717102244788,35.102626800722078],[-85.139953613702744,35.10259246843043],[-85.140296936618881,35.102371216347478],[-85.140434265785302,35.102195740306058],[-85.140472412660245,35.101985931973047],[-85.140457154326953,35.101791381973385],[-85.140327454327178,35.101573944473728],[-85.140144349119112,35.101329803849069],[-85.139762879328032,35.101108551766117],[-85.139587403286612,35.100910187183047],[-85.139533997036722,35.100738525724978],[-85.139572143911664,35.100551605933617],[-85.139732361619735,35.100337983017312],[-85.139823914744625,35.10023117155913],[-85.139923095994448,35.100109100726002],[-85.13996124286939,35.099891663226288],[-85.139968873077692,35.099674225726631],[-85.13990020849451,35.099399567393732],[-85.139793397036328,35.099086762185891],[-85.139686585578147,35.09877395697805],[-85.139617920994908,35.098434448645264],[-85.139633179328257,35.09806060802083],[-85.139671326203199,35.097766876771288],[-85.139778137661324,35.09744262781345],[-85.13990020849451,35.097106934063959],[-85.140090942869165,35.096767425731173],[-85.140289307452235,35.096458436148282],[-85.140403748077063,35.096244812190321],[-85.140525818910191,35.096000671565662],[-85.140563965785134,35.095813751774301],[-85.140609741826722,35.095569611149699],[-85.140693664743253,35.095260620525153],[-85.140739441826497,35.094890595525726],[-85.14059448349343,35.094669342401062],[-85.140373230368766,35.09444809031811],[-85.140151978285758,35.094230652818453],[-85.139968873077692,35.094009399693789],[-85.139930726202749,35.093791962194132],[-85.139976502244338,35.093605042402714],[-85.140281678285533,35.093486786152937],[-85.140731812659851,35.093433380944646],[-85.141372681408882,35.09347534240294],[-85.142036438699506,35.093452453861289],[-85.142784118906661,35.093433380944646],[-85.143348694947463,35.093471527819588],[-85.143692016821944,35.093441010111349],[-85.144165039737857,35.093399048653055],[-85.144424438695808,35.093402863236406],[-85.144630432445467,35.093345642403165],[-85.144767761611945,35.093223572611691],[-85.14484405536183,35.092979431987033],[-85.144889832445074,35.092639923654247],[-85.144912719945012,35.092548370529357],[-85.144943237653308,35.092388153862942],[-85.144981384528251,35.092323303863054],[-85.145202637652915,35.092155456988337],[-85.145957947026773,35.0915565496976],[-85.146301269942853,35.091243744489759],[-85.146392823067742,35.090866089281974],[-85.146392823067742,35.090469361157602],[-85.146423340776039,35.090381622616064],[-85.146469116817627,35.090148926783115],[-85.146705628275583,35.089813233033624],[-85.146934509525238,35.089477539284132],[-85.147300720982969,35.089206696576241],[-85.147514343899331,35.088932038243343],[-85.147628784524159,35.08864212053544],[-85.147674561607403,35.088394165327486],[-85.14778900223223,35.08821106011942],[-85.148071289731774,35.088073730952999],[-85.148338318898027,35.088077545536294],[-85.148971558480412,35.088153839286178],[-85.14983368035405,35.088367463244197],[-85.150154114728593,35.08843994241073],[-85.150634766811152,35.088420868452431],[-85.151290893893474,35.088199616369479],[-85.152450562641661,35.087917328869878],[-85.153739930348024,35.08810806324459],[-85.154617310554954,35.088325500744247],[-85.155311585553875,35.088672638243736],[-85.155937195969614,35.089080811159761],[-85.15602874805279,35.089424134075898],[-85.155990601177848,35.089916229908454],[-85.155952454302906,35.090370178866067],[-85.155860901178016,35.09077072157379],[-85.155654907428357,35.091476441364364],[-85.155532837636883,35.091861725738795],[-85.15538787930376,35.092430115321235],[-85.155296326178927,35.092853546570552],[-85.155258179303985,35.093387603861402],[-85.155242920970693,35.093536377819532],[-85.155464173053645,35.09387970073567],[-85.155845642844724,35.094161988235214],[-85.156532288676999,35.094413758026462],[-85.157745361591765,35.094772339275949],[-85.158126831382845,35.094970703858962],[-85.158691407423646,35.095104218442088],[-85.159141540756309,35.095142365317031],[-85.159591675130571,35.095085144483789],[-85.160156251171372,35.095001221567259],[-85.16053009075415,35.094944000734017],[-85.160797119920403,35.094963074692316],[-85.161392212627788,35.095046997608847],[-85.161804200127165,35.095054626775493],[-85.162246704293125,35.095092773650435],[-85.162620544917559,35.09509658823373],[-85.162925720958754,35.095100403858737],[-85.163299561583187,35.095077515317143],[-85.163749695957449,35.095054626775493],[-85.164047241790342,35.095024109067197],[-85.164306641789949,35.095031739275498],[-85.164642334497728,35.095005036150553],[-85.164779663664206,35.094974518442257],[-85.164894104289033,35.094902039275723],[-85.165008545955516,35.094749451775954],[-85.165161133455285,35.094505311151352],[-85.165245056371816,35.094291687193333],[-85.165435791788184,35.094097138235327],[-85.165771485537675,35.09383773823572],[-85.166038513662272,35.093688965319302],[-85.16629028345352,35.093418121569698],[-85.166389465745056,35.093124390320156],[-85.166503907411538,35.092895508028846],[-85.166641235536304,35.092716217404131],[-85.166885376160906,35.092658997612546],[-85.167121887618919,35.092681885112484],[-85.167449952201707,35.092876435112203],[-85.168205261575565,35.09321975802834],[-85.16873931990807,35.09321975802834],[-85.169555664698464,35.09321975802834],[-85.170120239697553,35.093032837195267],[-85.171028137612836,35.092823028862313],[-85.171310425112381,35.092952728862087],[-85.171424866778864,35.093048096570271],[-85.17160797198693,35.093235016361632],[-85.171676636570169,35.093452453861289],[-85.171745301153408,35.093635560111011],[-85.171890259486474,35.093761444485835],[-85.172080993861186,35.093872070527311],[-85.172264100110908,35.09404373198538],[-85.172424316777324,35.094245911151745],[-85.172637939693686,35.094650269484475],[-85.172782899068466,35.095050812192142],[-85.172927857401532,35.095329285108392],[-85.172958375109829,35.095577240316345],[-85.172874451151642,35.095851898649244],[-85.172721863651873,35.096031189273958],[-85.172538758443807,35.096424103856691],[-85.172477723027271,35.096706391356236],[-85.172569275110448,35.096893311147653],[-85.172798157401758,35.097270966355381],[-85.17321777406778,35.097393036146855],[-85.173698424067027,35.097526550729981],[-85.173973084483237,35.097591400729868],[-85.174423218857555,35.097656250729756],[-85.174797058440333,35.097633362188162],[-85.17517089906471,35.097606659063217],[-85.175582886564086,35.097644806979815],[-85.175918580313578,35.097709655938047],[-85.176292419896356,35.097808838229525],[-85.176658631354087,35.097999573645893],[-85.176918030312038,35.098171235103962],[-85.177108765728406,35.098407745520262],[-85.17733764697806,35.098636627811572],[-85.177574158436016,35.098793029894694],[-85.178092957393517,35.098937989269473],[-85.178665161559309,35.099025726769298],[-85.178955079267212,35.09902954135265],[-85.179374695933234,35.09894943301947],[-85.179824830307496,35.09882354760299],[-85.180107117807097,35.098701477811517],[-85.180290223015106,35.098564148645039],[-85.180397034473287,35.098415375728621],[-85.180496216764823,35.098220825728902],[-85.180526734473062,35.097930909062711],[-85.180587768848,35.097606659063217],[-85.180633545931244,35.097393036146855],[-85.180763244889363,35.09721374552214],[-85.1811065678055,35.09700775177248],[-85.181533814679881,35.096820831981063],[-85.181907654262602,35.096672059064645],[-85.182395935511863,35.096588135106458],[-85.182693482386412,35.096530915314872],[-85.183296204260444,35.096508026773222],[-85.183593751134993,35.096511841356573],[-85.184135437592488,35.096519470523219],[-85.184432984467037,35.096527099689865],[-85.184967041757886,35.096565247606463],[-85.185340882382263,35.096569062189815],[-85.18554687613198,35.09654235906487],[-85.186035157381184,35.096488952814923],[-85.186523438630445,35.096309662190208],[-85.186820984463338,35.096134186148788],[-85.187126160504533,35.095951080940779],[-85.187461854253968,35.095897674690832],[-85.187744141753569,35.095840454899246],[-85.188194276127831,35.095848084065949],[-85.18867492716879,35.095760347607722],[-85.189239502167879,35.095523835108111],[-85.189659119875557,35.095317841358394],[-85.190093994874928,35.094940186150666],[-85.190284729249584,35.094562530942937],[-85.190353393832822,35.09414672886021],[-85.19039154174942,35.093933105943904],[-85.190704345915606,35.09360122781942],[-85.191009521956801,35.093284608028227],[-85.191215515706517,35.093059540320269],[-85.191711426122367,35.092636109070895],[-85.192100526121806,35.092517853862773],[-85.192520142787828,35.092372894487994],[-85.192924500078846,35.09231948927976],[-85.193305969869925,35.092140198654988],[-85.193534852161235,35.091926575738682],[-85.193916321952315,35.09153366115595],[-85.194183350076912,35.091262818448058],[-85.194488526118107,35.090991974698454],[-85.194602966742934,35.090782166365443],[-85.194946289659015,35.090450287199303],[-85.195152283408731,35.090148926783115],[-85.195495606324869,35.089862823658564],[-85.195701600074528,35.089637756992204],[-85.195854187574298,35.089550018450723],[-85.196006776115723,35.089523316367433],[-85.196189881323789,35.089492798659137],[-85.196525574031568,35.089496613242432],[-85.196746827156232,35.089469910117487],[-85.197044372989126,35.089443206992541],[-85.197273255280436,35.089385987200956],[-85.197402955280211,35.089389801784307],[-85.197525025071684,35.089450837200843],[-85.197685242779812,35.08961486845061],[-85.197799683404583,35.089790344491973],[-85.198051453195887,35.090007783033343],[-85.198272706320552,35.090164185116407],[-85.198570252153388,35.090259552824591],[-85.198860168819635,35.090419769491007],[-85.199226380277423,35.090698242407257],[-85.19952392611026,35.090885163240273],[-85.199867249026397,35.091056824698342],[-85.200088502151061,35.091167450739874],[-85.20030975423407,35.091354370531235],[-85.200363159442304,35.091522217405952],[-85.200721741733389,35.091896058030386],[-85.201087952149521,35.09214401323834],[-85.20127105735753,35.092269897613164],[-85.201568604232079,35.092441559071233],[-85.201782227148442,35.092658997612546],[-85.201911927148217,35.092723846570777],[-85.20220947298111,35.09281539969561],[-85.202690125063668,35.092975617403738],[-85.203056336521456,35.09304428198692],[-85.203376770895943,35.092971802820387],[-85.203804016728611,35.0928878788622],[-85.20410156360316,35.092891693445495],[-85.204452515685944,35.092895508028846],[-85.204711914643894,35.092956543445439],[-85.204872132351966,35.093147278861807],[-85.205017090685089,35.09326934865328],[-85.205123902143214,35.093456268444641],[-85.205230713601395,35.093639374694362],[-85.205451965684404,35.093795776777426],[-85.205841065683785,35.093936920527199],[-85.206283569849802,35.094036102818734],[-85.20737457401475,35.09414672886021],[-85.208412170888153,35.094284058026687],[-85.208824158387472,35.094257354901742],[-85.209266663595145,35.094234467401748],[-85.209648133386224,35.094055176777033],[-85.210021972968946,35.093803405944072],[-85.210548402134805,35.093544006986178],[-85.21070861880122,35.093486786152937],[-85.211082459425654,35.093341827819813],[-85.211402893800141,35.093208313236687],[-85.2116470344248,35.093166351778393],[-85.211883545882756,35.093170166361745],[-85.212196351090597,35.093173980945096],[-85.212532043798433,35.093254090319931],[-85.212677003173212,35.093311310111517],[-85.212898255256164,35.093471527819588],[-85.213111878172526,35.093688965319302],[-85.213333130255478,35.093875885110663],[-85.213508606296898,35.094062805943679],[-85.213806153171447,35.094154358026913],[-85.213974000046164,35.094188690318504],[-85.214248658379063,35.09414672886021],[-85.214454652128779,35.093921662193907],[-85.214614868795195,35.093696594485948],[-85.214820862544855,35.093273163236574],[-85.215080261502806,35.09271240282078],[-85.215194703169288,35.092472076779472],[-85.215385437544001,35.092079163238452],[-85.215858460459913,35.0915565496976],[-85.216117859417864,35.091377259072885],[-85.216476441708949,35.091396331989529],[-85.216804505250138,35.09143066428112],[-85.217102051082975,35.091392517406177],[-85.217552185457293,35.091156005948221],[-85.2178115854569,35.091007233031746],[-85.218040466706555,35.090797424698792],[-85.218269348997865,35.090526580949188],[-85.218383789622635,35.090270996574588],[-85.218521118789113,35.08984375074192],[-85.218421936497577,35.089599610117261],[-85.218391418789338,35.089252472617829],[-85.218322754206099,35.088916778868338],[-85.218269348997865,35.088745117410269],[-85.218238831289568,35.088550568452263],[-85.218284607331157,35.088275910119364],[-85.218467713580878,35.088066101786353],[-85.21871185420548,35.088024140328059],[-85.219200135454741,35.087848664286696],[-85.21953582816252,35.087612152828683],[-85.219879151078658,35.087280273662543],[-85.219985962536839,35.087146760121072],[-85.22014618024491,35.086845398663229],[-85.220336914619622,35.086509704913738],[-85.220603943785875,35.086242676789141],[-85.220939635451998,35.086124420539363],[-85.221199036493317,35.086067200747777],[-85.221458435451211,35.086040497622832],[-85.22175598232576,35.086017609081182],[-85.222122192741836,35.086021423664533],[-85.222526551074566,35.086055755956124],[-85.223121643781951,35.086097717414418],[-85.223564148989624,35.086162567414306],[-85.223854065655814,35.08629226741408],[-85.224113464613765,35.08638382053897],[-85.224403382321668,35.086540222622034],[-85.224769592737744,35.086818695538284],[-85.224914551070867,35.086975098663004],[-85.225059510445647,35.087188721579366],[-85.225196839612067,35.08743667678732],[-85.225341797945191,35.087741852828515],[-85.225486756278315,35.087985993453117],[-85.22570037919462,35.088264466369367],[-85.225914002110983,35.088478089285672],[-85.226211548985532,35.088695526785386],[-85.226501465651722,35.088943481993283],[-85.226898193776094,35.089225769492884],[-85.227302552108824,35.089443206992541],[-85.227500916691838,35.089626313242263],[-85.227592468775015,35.089813233033624],[-85.227317810442116,35.089881897616863],[-85.226852417734506,35.090087891366522],[-85.226554871901669,35.090293885116239],[-85.22623443648547,35.09066772469896],[-85.225845337527744,35.091083526781631],[-85.22561645627809,35.091259002823051],[-85.22547149690331,35.091407776781125],[-85.225311280236895,35.091720581989023],[-85.225273133361952,35.092052460113507],[-85.225303651070249,35.092308046571418],[-85.225303651070249,35.09294128511209],[-85.225334168778545,35.093334198653167],[-85.225326538570243,35.093666076777652],[-85.225303651070249,35.094070435110325],[-85.225364685445186,35.094493866359699],[-85.225357056278483,35.094795227817542],[-85.225463867736664,35.095066071567146],[-85.226150513568939,35.096126556982142],[-85.226898193776094,35.09726715177203],[-85.227653504191608,35.098526001770097],[-85.228172303149108,35.099300385102254],[-85.228561402106891,35.09995269864288],[-85.228782654189843,35.100452423642139],[-85.228889465648024,35.100872040308104],[-85.228950501064617,35.101131440307711],[-85.229064941689387,35.104408264260996],[-85.229194641689219,35.10749816946452],[-85.228553772940188,35.107757569464127],[-85.228187561482457,35.107917786130542],[-85.22769165106655,35.108150483005147],[-85.227340698983767,35.108203888213438],[-85.226608277109904,35.108432770504749],[-85.22631073127701,35.108520508004574],[-85.226089478152346,35.108547211129519],[-85.225654603153032,35.108478546546337],[-85.225296020861947,35.108356476754864],[-85.224929810445815,35.108348846546505],[-85.224487305238199,35.108581543421167],[-85.224121094822067,35.10875701946253],[-85.223716736489393,35.108989716337192],[-85.223083496907009,35.109489441336393],[-85.222633362532747,35.109874725710824],[-85.222526551074566,35.110080719460484],[-85.222404480241437,35.110351563210088],[-85.222366333366494,35.110618592376341],[-85.222465515657973,35.111099243417243],[-85.222541809407858,35.111671448624691],[-85.222572327116154,35.112121582999009],[-85.222564697949508,35.112480164248439],[-85.222480775032977,35.112823487164576],[-85.222274783366629,35.113269806955543],[-85.222091676075252,35.113883972579572],[-85.221862793783941,35.114418030912077],[-85.22158050628434,35.114849091328097],[-85.221138001076724,35.115188599660883],[-85.220787048993941,35.1153755194523],[-85.220436096911158,35.115703582993433],[-85.219993591703485,35.115993500701336],[-85.2193984989961,35.116436004867296],[-85.219100953163206,35.116699219450254],[-85.218772888580418,35.117050171533037],[-85.21839904899764,35.11752319444895],[-85.218170166706329,35.117816925698492],[-85.21801757920656,35.118057251739799],[-85.217819214623546,35.118186951739574],[-85.21743011566582,35.118495941322465],[-85.217079163583037,35.118816376738607],[-85.216888428166669,35.119068146529855],[-85.216812134416784,35.119304657987868],[-85.216743469833546,35.119800568403718],[-85.216651917750369,35.119976044445139],[-85.216522217750537,35.120105744444913],[-85.216247559417639,35.120136261111554],[-85.216049194834625,35.120132446528203],[-85.215904236501501,35.120159149653205],[-85.215721131293435,35.120124817361557],[-85.215545655252072,35.120094299653317],[-85.215141296919342,35.119968415278493],[-85.214820862544855,35.119785309028771],[-85.214607239628549,35.11972427465389],[-85.214225769837469,35.119644165278999],[-85.213897706296279,35.119621277779004],[-85.213684082338261,35.119617463195709],[-85.213424683380367,35.119644165278999],[-85.213111878172526,35.119773865278773],[-85.212890626089518,35.119876862153603],[-85.212654114631562,35.120006562153435],[-85.212257387548846,35.120220185069741],[-85.212089539632416,35.120422364236106],[-85.211868286507752,35.121143341318316],[-85.211730957341331,35.121582031942637],[-85.211631776091451,35.12170410173411],[-85.211311340675309,35.121978760067009],[-85.21124267609207,35.122020722566958],[-85.210990906300822,35.122131348608434],[-85.210716247967923,35.122398376733031],[-85.210632325051336,35.122539520482803],[-85.210342408385145,35.123172761106844],[-85.210144043802131,35.123672486106045],[-85.209938050052415,35.12392425589735],[-85.209465027136503,35.124122620480364],[-85.209106445887073,35.12423324652184],[-85.208740235470941,35.12463760485457],[-85.208366394846564,35.125118255895472],[-85.208084107346963,35.125442505894966],[-85.207862855264011,35.125923156935926],[-85.207557679222816,35.126541138184962],[-85.207336426098152,35.126884461101099],[-85.207138062556794,35.127368927767009],[-85.206954956307072,35.12786865276621],[-85.206825257348953,35.128177643390757],[-85.206687928182475,35.128486634015246],[-85.206596375057643,35.128971100681156],[-85.20658874589094,35.129352570472236],[-85.206626892765883,35.129665375680077],[-85.206550599016055,35.130062103804505],[-85.206542969849352,35.130405426720642],[-85.206497192766108,35.130649567345245],[-85.206504822974409,35.130817414219962],[-85.206367493807988,35.131160737136099],[-85.206275940683099,35.13146972671899],[-85.206062317766794,35.131809235051776],[-85.205627441725767,35.132236480884444],[-85.205284119851342,35.13275146525865],[-85.205062866726678,35.133090973591436],[-85.204803467768727,35.133502961090812],[-85.204582214644063,35.133811951715302],[-85.204238892769638,35.134151459006489],[-85.203895569853501,35.134510041297574],[-85.203681946937138,35.134731293380582],[-85.203292846937757,35.135070801713368],[-85.202949525063275,35.135410309004499],[-85.202629089647132,35.135784149628932],[-85.202453613605712,35.136196137128309],[-85.202293396939297,35.136554718377738],[-85.202224732356058,35.136753082960752],[-85.201957703189805,35.137504578792914],[-85.201751709440146,35.138103486083651],[-85.201751709440146,35.13843154962484],[-85.201599121940376,35.139232636081942],[-85.201400757357362,35.139732361081144],[-85.200996400066288,35.140811920454439],[-85.200477601108787,35.141891479827791],[-85.200424194858897,35.142108918369104],[-85.200271607359127,35.14249801732683],[-85.200180054234238,35.142906189201199],[-85.199966431317932,35.143249512117336],[-85.199707032359981,35.143627167325121],[-85.199508667776968,35.143951416282903],[-85.199417114652078,35.144138337115976],[-85.199333191735548,35.144256592324098],[-85.199165342777519,35.144290924615746],[-85.198829651111339,35.144336700657334],[-85.198570252153388,35.144554139198647],[-85.198059082362533,35.144893646489777],[-85.197654725071516,35.145214081905976],[-85.19726562611379,35.145675660030236],[-85.197181702155547,35.145744324613474],[-85.197013855280829,35.145996094404779],[-85.196662903198046,35.146549225653871],[-85.195907593824188,35.147499085027391],[-85.195259094866913,35.148502350650858],[-85.194808960492594,35.149604797524148],[-85.194381714659926,35.150180817314947],[-85.193580628202824,35.150783539188978],[-85.192848206328961,35.151363373563072],[-85.192779541745722,35.151432038146311],[-85.19255828966277,35.151771546479097],[-85.192283631329815,35.152061463145344],[-85.192108155288452,35.152351379811535],[-85.191932679247032,35.152675629811029],[-85.191757203205668,35.153053283977158],[-85.191642760497473,35.153327942310057],[-85.191513062581009,35.153686524601142],[-85.191314697997996,35.153949738142387],[-85.191070557373394,35.154479980849942],[-85.190765381332199,35.154888153765967],[-85.190361024041181,35.15529251209864],[-85.189849854250269,35.155784607931196],[-85.189483642792538,35.156257629805509],[-85.189224243834587,35.156631470429886],[-85.188896180293455,35.15700531105432],[-85.188621521960499,35.157413482928689],[-85.188446045919136,35.157688141261588],[-85.187973023003224,35.158245087094087],[-85.187629700087086,35.158584595426873],[-85.187370301129135,35.158874512093121],[-85.187004089671348,35.159366607925676],[-85.186767579255047,35.159622193341932],[-85.186622619880268,35.15984344542494],[-85.186279298005843,35.160007477716363],[-85.186027527172882,35.16007232771625],[-85.185813904256577,35.160240173549312],[-85.185600281340214,35.16051483188221],[-85.185508729257037,35.160785675631814],[-85.18531799384067,35.161060333964713],[-85.185096741757661,35.161350250630903],[-85.184837341758055,35.161758423546928],[-85.184577942800161,35.162078857921472],[-85.184318542800554,35.162471770420836],[-85.184104919884192,35.162708282920505],[-85.183807374051355,35.163047791253291],[-85.183403015718625,35.163368225627778],[-85.183059692802487,35.163566590210792],[-85.182746887594647,35.163753510002209],[-85.182212830303797,35.163967132918515],[-85.181877136554306,35.164134979793289],[-85.181732178221239,35.164199829793176],[-85.181541443846527,35.164207458959822],[-85.181022644888969,35.164165497501529],[-85.180877686555903,35.164161682918234],[-85.180625916764598,35.16429519750136],[-85.180480957389818,35.164497376667725],[-85.180305481348455,35.164783478750564],[-85.180046082390504,35.1651191714584],[-85.179893493849079,35.165439606874543],[-85.179725648016017,35.165657044374257],[-85.179450989683119,35.165943146457096],[-85.178947449058853,35.166339874581524],[-85.178543091767835,35.166641236039368],[-85.178314209476525,35.166927338122264],[-85.178138733435105,35.167263031871755],[-85.177986145935392,35.167552948537946],[-85.177360535519654,35.16794967770403],[-85.177001954270224,35.168197632911983],[-85.176597595937494,35.16851806728647],[-85.176010132396755,35.168933869369141],[-85.175865174063631,35.169048309993968],[-85.175712586563918,35.169132232910499],[-85.175491333439254,35.169162750618796],[-85.175361634481078,35.169075013118913],[-85.174957276148405,35.168830872494311],[-85.174507141774086,35.168552399578061],[-85.174018860524882,35.168373108953347],[-85.173522950108975,35.168300629786813],[-85.173210144901134,35.168243408953572],[-85.17263031052704,35.168201447495278],[-85.17245483448562,35.168136597495391],[-85.172248840735961,35.167945862079023],[-85.171821594903292,35.167873382912433],[-85.171035767821138,35.167411804788173],[-85.170738220946589,35.167320251663341],[-85.170440674072097,35.16731643707999],[-85.170143128239204,35.167423248538171],[-85.169395446990393,35.167991639162267],[-85.168922423032768,35.168430328744932],[-85.168395996991933,35.168758393327778],[-85.167900086576026,35.169174195410449],[-85.167648315743065,35.169441223535046],[-85.167015076160737,35.169631958951413],[-85.166793824077729,35.169651031868057],[-85.166198731370343,35.169731141242892],[-85.165679932412786,35.169792175617829],[-85.165328980330003,35.169738770409538],[-85.165000915747214,35.169757843326181],[-85.164451600123016,35.169994354784194],[-85.164115906373581,35.170215607908801],[-85.16255188033432,35.170970917282659],[-85.162361145959608,35.171031952699252],[-85.16210937616836,35.171257019365555],[-85.161468506377673,35.171630859989989],[-85.160865784503585,35.171867371447945],[-85.160324097004434,35.171977997489421],[-85.159782410546939,35.172061920405952],[-85.159667969922111,35.172122955822545],[-85.159347534505969,35.172363281863852],[-85.159118653256314,35.172634125613399],[-85.158927917839947,35.172782898529817],[-85.158775330340177,35.172874451654707],[-85.158439636590685,35.172977448529537],[-85.158103943882907,35.173015595404479],[-85.157875061591596,35.173103332904361],[-85.15766906784188,35.173210144362486],[-85.157257080342561,35.173217774570844],[-85.155715942844949,35.173210144362486],[-85.155494690761941,35.173206329779191],[-85.155120850137507,35.173217774570844],[-85.153884888681091,35.173213958945837],[-85.153610230348193,35.173191071445899],[-85.153388977223528,35.173084259987718],[-85.152626038683081,35.172916413112944],[-85.152053833475634,35.172725677696576],[-85.15188598660086,35.172630311030048],[-85.151496887643134,35.172733307904934],[-85.15100860639393,35.172878266238001],[-85.150573731394559,35.173069000612713],[-85.150367737644899,35.17332840061232],[-85.150039673062054,35.173797607903282],[-85.149711609520921,35.174129487069422],[-85.149391175146434,35.174335480819082],[-85.14907074077189,35.174423218318964],[-85.148628235564274,35.174446106860614],[-85.148162842856664,35.174331666235787],[-85.14781189077388,35.174022675611241],[-85.147552490774274,35.173404694362205],[-85.147277832441375,35.173095703737715],[-85.147041320983419,35.172801972488116],[-85.146629334525699,35.172214508947377],[-85.146133423068136,35.171947479781124],[-85.145668030360525,35.171848297489646],[-85.145332336611034,35.171779632906407],[-85.144607544945529,35.171695709989876],[-85.144142151196206,35.171672821448226],[-85.143959045988197,35.171623230823286],[-85.143569947030471,35.171310425615445],[-85.143394470989051,35.171047211032544],[-85.130256653301103,35.168895722494199],[-85.130058288718089,35.168960572494086],[-85.129798889760139,35.169132232910499],[-85.129562378302182,35.169162750618796],[-85.129203797052753,35.169086456868911],[-85.128967285594797,35.169048309993968],[-85.128753662678434,35.169044495410617],[-85.128372192887355,35.169040680827322],[-85.128173828304341,35.169246674576982],[-85.12806701684616,35.16928100686863],[-85.127815247054912,35.169311524576869],[-85.127639771013492,35.169380189160108],[-85.127426148097186,35.169498444368287],[-85.127395630388889,35.169918061034309],[-85.127365112680593,35.170284270408729],[-85.127075196014403,35.170909881866066],[-85.126617432473438,35.171325683948794],[-85.126159668932473,35.17156219540675],[-85.125968933516106,35.17166519228158],[-85.125770569974748,35.171905518322887],[-85.125724792891504,35.172134400614198],[-85.125564576225088,35.172462464155331],[-85.125305176225481,35.1726150516551],[-85.124938965809349,35.172767640196525],[-85.124015808519118,35.173137665195952],[-85.122817993937645,35.174102783944477],[-85.12251281789645,35.174640655818621],[-85.122352601230034,35.174900055818227],[-85.12215423664702,35.175174714151126],[-85.121940613730715,35.175346375609195],[-85.121681213731108,35.175415040192433],[-85.121109009565316,35.17540359540078],[-85.12084960956571,35.175472259984019],[-85.120445252274692,35.175586701650502],[-85.120010376233665,35.175807953733454],[-85.119682312692532,35.176101684982996],[-85.119270325193156,35.176147462066297],[-85.119018555401908,35.176082612066409],[-85.118721008527359,35.176097870399701],[-85.118331909569633,35.176361084982602],[-85.118148804361567,35.176609040190556],[-85.117630005404067,35.177036286023224],[-85.116996765821682,35.177070618314872],[-85.116416931447588,35.176872253731801],[-85.114845276241681,35.176059723524759],[-85.114074707492875,35.175464630817316],[-85.113571167910322,35.175167083942824],[-85.113250734577491,35.174995423526411],[-85.112640381453446,35.175128937067882],[-85.112159729370887,35.174999238109706],[-85.111732483538219,35.174846649568281],[-85.110908508539467,35.174396515194019],[-85.110260010623847,35.173992157902944],[-85.109603882499869,35.173938751653054],[-85.108856202292657,35.174259186027541],[-85.108161927293736,35.174831391234989],[-85.107902527294129,35.174995423526411],[-85.107208252295209,35.175441742275723],[-85.106796264795889,35.175724029775267],[-85.105979920005439,35.175960541233223],[-85.105628967922655,35.175914765191635],[-85.105255127298278,35.175743103733566],[-85.104728699174075,35.175586701650502],[-85.103263855426349,35.175254822484362],[-85.102561951260782,35.175117493317885],[-85.102058411678229,35.174819947484991],[-85.10178375334533,35.174629212068623],[-85.101455688762485,35.174560547485441],[-85.101051331471467,35.174449921443909],[-85.100700379388684,35.174446106860614],[-85.1003494273059,35.174396515194019],[-85.100021362723055,35.17435073915243],[-85.099685670015219,35.174449921443909],[-85.099182129391011,35.174400330818969]]]]}},
{"type":"Feature","properties":{"objectid":243,"tnmid":"{CE856FA5-724B-4A42-A2C6-4A129F4F081C}","metasourceid":"{0997CBAF-CD42-4E2D-B78B-22DB097E9973}","sourcedatadesc":null,"sourceoriginator":null,"sourcefeatureid":null,"loaddate":"2013-01-18T07:08:58Z","referencegnis_ids":null,"areaacres":14654.0,"areasqkm":59.3,"states":"TN","huc12":"060200011201","name":"Suck Creek","hutype":"S","humod":"KA","tohuc":"060200011202","noncontributingareaacres":0.0,"noncontributingareasqkm":0.0,"shape_Length":0.38408215643194465,"shape_Area":0.0058682580858482464},"geometry":{"type":"MultiPolygon","coordinates":[[[[-85.356170652950482,35.192684174540602],[-85.355262755035199,35.191287995376115],[-85.354614257119522,35.190303803711004],[-85.35437011649492,35.189960480794866],[-85.354057311287079,35.189559937045487],[-85.353736876912592,35.189289093295884],[-85.353347776913154,35.189014436004641],[-85.35293579045549,35.18880462767163],[-85.351951597748666,35.188404083922251],[-85.350883483166967,35.187923431839693],[-85.3506927477506,35.187782288089863],[-85.350547789417533,35.1876068120485],[-85.350463866501002,35.187446595382085],[-85.350364684209467,35.187061311007653],[-85.350372313376113,35.186817170383051],[-85.350379942542759,35.186351776633785],[-85.350364684209467,35.18537521413532],[-85.350318908167878,35.184642792261457],[-85.350273131084634,35.183856965179302],[-85.350234984209692,35.183422089138332],[-85.350120543584865,35.182949067264076],[-85.349731444627139,35.181991577682197],[-85.349502562335829,35.18149566726629],[-85.349357604002705,35.18126678497498],[-85.349174498794639,35.181053162058674],[-85.349029540461515,35.18097686830879],[-85.348548888378957,35.180778503725776],[-85.34780120713009,35.180652619350951],[-85.346794127964984,35.180580140184418],[-85.34571838317504,35.180564880809413],[-85.344612120676743,35.180740356850833],[-85.343841551927937,35.180789948517429],[-85.343391417553619,35.180744171434128],[-85.34145355088998,35.180469514142885],[-85.341270445681914,35.18038940476805],[-85.340965269640719,35.180191041226692],[-85.340644835266232,35.180015565185272],[-85.339340209226577,35.179592132894243],[-85.338523863394528,35.179370880811291],[-85.337104796730046,35.179080964145044],[-85.336822509230501,35.178981781853565],[-85.336547850897603,35.178787231853846],[-85.336341857147886,35.178340912062879],[-85.335296630066182,35.175476074567314],[-85.33487701340016,35.17460632352703],[-85.334327696734363,35.173793793319931],[-85.334007262359876,35.173439026653796],[-85.333778380068566,35.173171997487543],[-85.3331298842362,35.172698975613287],[-85.332878113403297,35.172573090196806],[-85.332954407153181,35.172237395405659],[-85.333244324861028,35.17171859853147],[-85.333793639443513,35.171188354782316],[-85.334236143609473,35.170814515199538],[-85.334281920692774,35.170780182907947],[-85.335037230066575,35.170463563116755],[-85.336196898814819,35.169803620409482],[-85.337265013396461,35.169364929785161],[-85.338294982144873,35.169082642285559],[-85.339393614434812,35.168453217286583],[-85.339736937350949,35.168205262078629],[-85.339942931100666,35.16818618812033],[-85.340270995683454,35.168170929786982],[-85.34045410089152,35.168190002703625],[-85.340858458182538,35.168296814161806],[-85.341094969640494,35.168262481870215],[-85.341407774848392,35.168094636037097],[-85.341712950889587,35.16782379228755],[-85.341964720680835,35.167449951663116],[-85.342185972763843,35.167144775621921],[-85.342544555054928,35.166839600622382],[-85.343070983179132,35.166641236039368],[-85.343620299844929,35.166580200622775],[-85.344184874844075,35.166603089164425],[-85.344558714426796,35.16667938291431],[-85.345092772759301,35.167167664163571],[-85.345710752966681,35.167675019371075],[-85.346046446716173,35.167831421454196],[-85.346565245673673,35.168037415203855],[-85.346832274839926,35.168090821453802],[-85.347511290463899,35.168369294369995],[-85.347770690463506,35.16851806728647],[-85.348007200879806,35.168663025619594],[-85.34822845400447,35.168720246452835],[-85.348426817545828,35.16872406103613],[-85.349060058169812,35.168659211036243],[-85.349609373793953,35.168613434994654],[-85.350013732126683,35.168601990203001],[-85.350227355042989,35.168563843328059],[-85.3506927477506,35.168609619369647],[-85.351356505041281,35.168453217286583],[-85.351829527957193,35.168292999578455],[-85.352607725872645,35.168159486037041],[-85.353157042538442,35.168071747495503],[-85.35483550920253,35.168140412078685],[-85.355491637326509,35.167984009995621],[-85.355934142534181,35.167510987079709],[-85.356246947742022,35.166946412080563],[-85.356941222740943,35.165817261040672],[-85.357589720656563,35.164981842291922],[-85.358444213363612,35.16450119125102],[-85.358757018571453,35.164123536043292],[-85.358840941487983,35.163925171460278],[-85.358917235237868,35.16384124854369],[-85.359352111278838,35.162868500628576],[-85.359359740445484,35.162803650628689],[-85.359535216486904,35.162540436045731],[-85.359626769611737,35.162414551670906],[-85.359664916486679,35.162342072504373],[-85.359855650861391,35.161457062089085],[-85.359786986278152,35.159809113133292],[-85.359786986278152,35.159732819383407],[-85.359809874819803,35.15882110688483],[-85.359764097736559,35.158561706885223],[-85.359619139403435,35.158191681885796],[-85.359512327945254,35.157863617303008],[-85.359428405028723,35.1576232912617],[-85.359367369612187,35.157382966262048],[-85.35939025815378,35.157070161054207],[-85.359535216486904,35.15677642876301],[-85.35971832169497,35.156471252721815],[-85.360038756069457,35.156162263138981],[-85.36030578523571,35.155982971472611],[-85.360870360234799,35.155731201681306],[-85.361526488358834,35.155502320431651],[-85.362220763357755,35.155345917306931],[-85.363525389397353,35.155040741265736],[-85.364402769604339,35.154850006891024],[-85.365142821686504,35.154750824599489],[-85.365791319602181,35.154724121474544],[-85.366371153976274,35.154750824599489],[-85.366996764391956,35.154819489182728],[-85.367347716474796,35.154891968349261],[-85.367599486266045,35.154930115224204],[-85.367782591474111,35.154876710015969],[-85.36798858522377,35.154693603766248],[-85.368087767515306,35.154457093349947],[-85.368339537306554,35.154033661058918],[-85.368530272722921,35.153778076684318],[-85.368759153972576,35.153522492309719],[-85.368850707097465,35.153377533976652],[-85.368896483139054,35.153190613143579],[-85.368904113347355,35.152954102727278],[-85.368843077930762,35.152709962102676],[-85.368736266472638,35.152469636061369],[-85.368606566472806,35.152061463145344],[-85.368522643556275,35.151802063145738],[-85.368476866473031,35.151634217312676],[-85.368484496681333,35.151485443354545],[-85.368484496681333,35.151248932938245],[-85.368583677931213,35.151065826688523],[-85.368652342514395,35.150936127730404],[-85.368835448764116,35.150661469397505],[-85.369018553972182,35.15045929023114],[-85.36913299459701,35.15033340481466],[-85.369400023763262,35.150012970440173],[-85.369491575846439,35.14984893814875],[-85.369544982096386,35.149700165232332],[-85.369522093554735,35.149478913149323],[-85.369392394596616,35.149234772524721],[-85.369171141471952,35.148975372525115],[-85.36895751855559,35.148731231900513],[-85.368797300847518,35.148620605859037],[-85.368629455014457,35.148311615234491],[-85.368461608139683,35.147651672527161],[-85.368309019598257,35.147071839194723],[-85.367958067515474,35.145709992321883],[-85.367828368557355,35.145301819405802],[-85.367630003974341,35.14490509128143],[-85.36737060501639,35.144325256907337],[-85.367019652933607,35.143783570449841],[-85.366798399808943,35.143463135033699],[-85.366622923767579,35.143127442325863],[-85.366523741476044,35.142772675659728],[-85.366508483142752,35.142379761077052],[-85.366622923767579,35.141605377744895],[-85.366744994600708,35.141159057953928],[-85.366844175850531,35.140880585037678],[-85.367004393558659,35.140621186079784],[-85.367401121683031,35.140289306913587],[-85.36790466230724,35.140033722538988],[-85.368408201889793,35.139869690247622],[-85.369239806055191,35.139472962123193],[-85.369606017512922,35.139347076706713],[-85.36988067584582,35.139312744415122],[-85.37020873938701,35.139347076706713],[-85.370460509178258,35.139366150665069],[-85.370826720636046,35.139316558998473],[-85.371078490427294,35.13922500691524],[-85.371582030009847,35.138973237123992],[-85.372184752925591,35.13851165795802],[-85.372436522716896,35.138328552750011],[-85.372802733132971,35.138164520458588],[-85.372962950841043,35.13813018816694],[-85.373214720632348,35.138095855875349],[-85.373420714382007,35.138061523583758],[-85.373718261256556,35.137989044417168],[-85.374084471672631,35.1378631600424],[-85.374565123755247,35.137645722542686],[-85.374771117504906,35.137535095459555],[-85.374954222712972,35.137325287126544],[-85.375221251879225,35.1367874152524],[-85.375366210212349,35.136470795461207],[-85.375679015420189,35.1362304694199],[-85.375976561253026,35.136131287128421],[-85.376296996669225,35.136043549628539],[-85.37675476021019,35.136009217336891],[-85.377029418543088,35.135940552753709],[-85.377349852917575,35.135810852753877],[-85.377571105000584,35.135581970462567],[-85.377662658125416,35.135452271504448],[-85.377716063333651,35.135227203796489],[-85.377738951875301,35.135059356921715],[-85.377723692500354,35.134887694421991],[-85.377677916458765,35.13467025796399],[-85.377525328958995,35.134181976714729],[-85.377494811250699,35.134017945465018],[-85.377502440417345,35.133625030882286],[-85.37780761645854,35.133056641299845],[-85.377899168541717,35.132709503800356],[-85.377929686250013,35.132522584008996],[-85.377998350833252,35.132019043384787],[-85.377998350833252,35.131900788176608],[-85.377838134166836,35.131259918385979],[-85.377838134166836,35.13109207255286],[-85.377899168541717,35.130733490261775],[-85.378150939374677,35.129947663179678],[-85.378433226874222,35.129131317347571],[-85.378486632082456,35.128787995473147],[-85.378517149790753,35.128711700681606],[-85.378692625832173,35.128063202765929],[-85.378723143540469,35.127586365266666],[-85.378738402915417,35.127090454850759],[-85.378616332082288,35.126632691309794],[-85.3785705560407,35.126220703810475],[-85.378623961248934,35.126068116310705],[-85.378890990415186,35.125946045477519],[-85.379104613331549,35.125816345477745],[-85.379791259163767,35.125633240269678],[-85.38026428103808,35.12563705485303],[-85.381111144578426,35.125518799644851],[-85.38190460082717,35.125442505894966],[-85.382591246659445,35.125278473603601],[-85.383277892491719,35.125114441312178],[-85.38375854561599,35.124862671520873],[-85.384132384157056,35.124607087146273],[-85.384452818531543,35.124263764230136],[-85.384750365406092,35.124053955897125],[-85.385009764364042,35.123928070480645],[-85.385437011238366,35.12397766214724],[-85.385955810195867,35.12402725277218],[-85.386642454986486,35.123992920480589],[-85.387207029985632,35.123676300689397],[-85.387657164359894,35.123397827773147],[-85.388191222692399,35.123058319440361],[-85.388641357066717,35.122787476732469],[-85.388938902899611,35.122573852774451],[-85.389389037273872,35.122299195483208],[-85.389945983106372,35.122066498608547],[-85.390350341439046,35.121856690275536],[-85.390853881021599,35.121646881942524],[-85.391304015395917,35.121608735067582],[-85.391616820603758,35.121665954859168],[-85.391860961228417,35.121788025692354],[-85.391876219561709,35.121997834025308],[-85.391777037270174,35.122142792358432],[-85.391677856020351,35.122207642358319],[-85.39157104456217,35.122394562149736],[-85.39157104456217,35.122600555899396],[-85.39157104456217,35.123245240273377],[-85.391487120603983,35.123603821522863],[-85.391273497687621,35.124034881938826],[-85.39116668622944,35.124237061105191],[-85.391128539354554,35.1247406017294],[-85.391174315396142,35.125156402770415],[-85.391281126854267,35.125644684019676],[-85.391494749770629,35.125938416310873],[-85.391693114353643,35.126266479852063],[-85.392150877894608,35.126758575684619],[-85.392906188310121,35.127090454850759],[-85.393394469559325,35.127613068391611],[-85.393707274767166,35.128005981932688],[-85.394111632058241,35.128444672557009],[-85.394416808099436,35.12909698505598],[-85.39461517268245,35.129703522555019],[-85.394821166432109,35.13013839755439],[-85.395050047681764,35.130268097554165],[-85.395530699764379,35.130268097554165],[-85.395935058097052,35.13019180380428],[-85.396354674763074,35.130172729845981],[-85.397087096636938,35.130271912137516],[-85.397445677886367,35.130256653804167],[-85.397994994552221,35.130180360054283],[-85.398757934134323,35.130146027762692],[-85.399383544550062,35.130283355887457],[-85.399703978924549,35.130420685053934],[-85.400138853923863,35.130706788178486],[-85.400505065381651,35.131359100677457],[-85.400733946631306,35.131683350676951],[-85.401138304963979,35.132049561093083],[-85.401657103921536,35.132316590259336],[-85.402801513294719,35.133136749633024],[-85.40335082891886,35.133270264216151],[-85.404525756000396,35.133769989215409],[-85.40518951329102,35.133808137132007],[-85.405792235165109,35.133880616298541],[-85.406089782039658,35.133995056923368],[-85.406295775789317,35.134300232964563],[-85.406547545580565,35.134822846505415],[-85.406806944538516,35.13508606004666],[-85.407165526829658,35.13526153608808],[-85.407798766411986,35.13531494233797],[-85.408584593494083,35.135452271504448],[-85.409210203909765,35.135635376712514],[-85.409790038283916,35.13587188817047],[-85.410438537241191,35.136138916295067],[-85.411445616406297,35.13664627150257],[-85.411987303905505,35.137149811085123],[-85.412208555988457,35.137691498584331],[-85.412414549738173,35.138034821500469],[-85.412849425779143,35.138729096499389],[-85.413200377861926,35.139205932956941],[-85.413429259111581,35.139724731914498],[-85.413543700778064,35.140457153788361],[-85.413505552861466,35.141143799620636],[-85.413574217444705,35.141574860036599],[-85.414115904943856,35.142143250660752],[-85.414459227859993,35.143112182950915],[-85.41455077994317,35.143974304824553],[-85.41424560494363,35.144786835031653],[-85.413909911194139,35.145812989196713],[-85.413787841402666,35.14623642044603],[-85.413658141402891,35.146697998570346],[-85.413383483069993,35.147243500652792],[-85.413253783070161,35.147411347527566],[-85.413085936195444,35.147857666276877],[-85.413108824737094,35.148384094401024],[-85.413108824737094,35.148910523566883],[-85.413330076820046,35.14950943085762],[-85.413452147653231,35.149768829815571],[-85.413742064319422,35.150127411065],[-85.414070128902267,35.150669098564151],[-85.414665221609653,35.151279450646541],[-85.41493224973425,35.151557922521135],[-85.415466308066755,35.152252197520056],[-85.415863036191126,35.153244019393526],[-85.416267394523857,35.154018402725626],[-85.416564940356693,35.154708863141252],[-85.416915892439476,35.15557098501489],[-85.417106627855844,35.156173706888978],[-85.417152401814121,35.156600952721647],[-85.417350768480503,35.157398224595397],[-85.417121886189193,35.158298493343977],[-85.417053221605954,35.159065247509488],[-85.417068480980902,35.15966796938352],[-85.4168243403563,35.160263062090962],[-85.416610717439994,35.160518646465562],[-85.416130065357379,35.160984040214828],[-85.415702820566366,35.161407471464145],[-85.415328978900277,35.161716462088691],[-85.415267943483741,35.161827088130167],[-85.415206908067148,35.162265778754488],[-85.415290832025335,35.16258239854568],[-85.415412901816808,35.163009644378349],[-85.415603637233176,35.163364411044483],[-85.415824889316184,35.163627625627385],[-85.416336059107039,35.163879395418633],[-85.41677093410641,35.164142608959935],[-85.41723632681402,35.164470673542723],[-85.417434691397034,35.164878845417093],[-85.417716978896578,35.165332794374763],[-85.418014525771127,35.165992737082036],[-85.418060301812716,35.166378020414754],[-85.417999266396123,35.166610718331071],[-85.418098448687658,35.16693496728891],[-85.418403624728853,35.16723632874681],[-85.418586729936919,35.167430878746472],[-85.418739318478345,35.16773223916266],[-85.418785094519933,35.168033600620561],[-85.41872405910334,35.168457031869877],[-85.418609618478513,35.168972016244084],[-85.418502807020388,35.169139863118801],[-85.418289184104026,35.169395447493457],[-85.418205260145839,35.169609070409763],[-85.418251037229084,35.169971467284199],[-85.41834258931226,35.170551300616637],[-85.418403624728853,35.170749665199651],[-85.418373107020557,35.170936584991011],[-85.41825866639573,35.171016693324248],[-85.417915343479592,35.171184540198965],[-85.417861937229702,35.17123413186556],[-85.417633055980048,35.17194366519783],[-85.417587279938459,35.172397614155443],[-85.417633055980048,35.173641205820161],[-85.417678832021636,35.173740388111696],[-85.417869567438004,35.174789429776752],[-85.41822814868749,35.17540359540078],[-85.41851806535368,35.175659180817036],[-85.418609618478513,35.175697327691978],[-85.418945311186349,35.175792694358506],[-85.419433591393897,35.176189423524534],[-85.41950988722715,35.176273346441064],[-85.419906615351522,35.17721939123129],[-85.419998168476354,35.177986145396744],[-85.420219420559363,35.178630829770782],[-85.420524596600558,35.178977967270214],[-85.420936584099934,35.179241180811459],[-85.421508788265726,35.179290772478055],[-85.422286986181177,35.179344177686346],[-85.42293548513851,35.179470063102769],[-85.423500060137599,35.17964553914419],[-85.423721312220607,35.179763794352311],[-85.424087523678395,35.180171967268393],[-85.424636840344192,35.180480957892883],[-85.425430296592936,35.180816650600718],[-85.42629241846663,35.181125641225208],[-85.42667388825771,35.181079865183619],[-85.426811217424131,35.180995942267089],[-85.426940917423963,35.180984497475436],[-85.427413939298219,35.180732727684187],[-85.427650450756175,35.180610657892714],[-85.427764891381003,35.180549622476121],[-85.428276061171857,35.180438996434646],[-85.428565977838105,35.180503846434533],[-85.428970336170778,35.180530548517822],[-85.429206847628734,35.180503846434533],[-85.429588317419814,35.180385590184699],[-85.430191039293902,35.180503846434533],[-85.43061828512657,35.180671692267595],[-85.431022643459244,35.180969239142144],[-85.431571960125098,35.181041718308677],[-85.431930541374527,35.181129455808559],[-85.432029723666062,35.181365967266515],[-85.432128905957541,35.181667328724359],[-85.432174681999129,35.181922913098958],[-85.4323730465822,35.18243408288987],[-85.432571410123558,35.182865143305833],[-85.432823179914806,35.183403016221689],[-85.432968139289585,35.183788300596063],[-85.433578490330319,35.18456268392822],[-85.434448241370603,35.185211182885553],[-85.434806822620089,35.185600281843278],[-85.435157774702873,35.186031342259298],[-85.435539244493953,35.18637847975873],[-85.435791015326856,35.18693542559123],[-85.436019896576511,35.187408449548798],[-85.436325072617706,35.187751770381624],[-85.436676024700489,35.18826675475583],[-85.437080383033219,35.188911439129811],[-85.439010619488556,35.19138717766765],[-85.439514159071109,35.192127228708159],[-85.440170287195087,35.192451477665998],[-85.440170287195087,35.192714692248899],[-85.440338134069805,35.193141938081567],[-85.440483092402928,35.19330597037299],[-85.440452574694632,35.193553925580943],[-85.440322874694857,35.193756104747308],[-85.440170287195087,35.194042206830147],[-85.439811705945601,35.194587707870994],[-85.439804076778955,35.195098877661849],[-85.440139769486791,35.195426941203038],[-85.440734862194176,35.195682526619294],[-85.441230773651739,35.195892334952305],[-85.441574095526221,35.196102143285316],[-85.44189453094242,35.196319580784973],[-85.442367552816677,35.196804047450883],[-85.442810058024293,35.197242738075204],[-85.442955016357416,35.197654724532924],[-85.442893980940823,35.198062897448949],[-85.442840575732589,35.198493957864912],[-85.442932127815766,35.198738098489571],[-85.443275450731903,35.198947906822582],[-85.443473815314917,35.199237824530428],[-85.443565367398151,35.199504852655025],[-85.443557738231505,35.199954987029344],[-85.443649291356337,35.200408935986957],[-85.443740842397858,35.200984955777756],[-85.443572997606452,35.201717377651619],[-85.44338989135673,35.202209473484174],[-85.443229674690315,35.202819824524909],[-85.442970274690708,35.203289032857469],[-85.442481993441504,35.203918457856503],[-85.442329405941734,35.204326630772528],[-85.442146300733668,35.204673768272016],[-85.441940306984009,35.204811097438437],[-85.441688537192704,35.205116272437976],[-85.441406249693159,35.205566406812295],[-85.441276549693328,35.205909729728432],[-85.441093444485318,35.206134796394736],[-85.440834044485712,35.20643997243593],[-85.440528868444517,35.206863403685247],[-85.440269469486566,35.207313538059566],[-85.440040587195256,35.207782746392184],[-85.43982696427895,35.208209992224852],[-85.439628600737592,35.208370209932923],[-85.439224242404862,35.208568573474281],[-85.438972472613614,35.208606720349223],[-85.43862152053083,35.208602905765929],[-85.438323973656281,35.208721162015706],[-85.438018797615086,35.208923340140416],[-85.437812804907082,35.20924759013991],[-85.437705992407246,35.209613800555985],[-85.437469481990945,35.210041046388653],[-85.437294005949525,35.210388183888142],[-85.436958312200034,35.210670472429342],[-85.436454772617481,35.211074829720417],[-85.436210631992878,35.21123886201184],[-85.435806273660205,35.211559296386326],[-85.435394286160829,35.211925507844057],[-85.435111998661228,35.21229171826019],[-85.434730528870205,35.212841034925987],[-85.43424987678759,35.213226319300418],[-85.433685301788444,35.213649750549735],[-85.432876586164753,35.214134217215644],[-85.432518004915266,35.214618683881554],[-85.432357787207195,35.215072632839224],[-85.432250975749014,35.215541840130129],[-85.432167052832483,35.215950013046154],[-85.431907652832876,35.216442108878766],[-85.431495665333557,35.216972351586264],[-85.431182860125659,35.217418671377231],[-85.431076048667535,35.217994691167974],[-85.431167601792367,35.218486787000586],[-85.431259154917257,35.218860626583307],[-85.431198119500664,35.219188691166153],[-85.430839538251234,35.21959304845717],[-85.430236815335491,35.219993592206549],[-85.42997741637754,35.220382691164275],[-85.429588317419814,35.221157074496432],[-85.429420470545097,35.22181320262041],[-85.429260252837025,35.22234725991126],[-85.428825377837654,35.222793579702227],[-85.428565977838105,35.223365784909674],[-85.428359984088388,35.22365188699257],[-85.428001402838959,35.224018097408646],[-85.427543639297994,35.224422455741376],[-85.42693328825726,35.224781036990805],[-85.426231383050037,35.225021363032113],[-85.425865172633962,35.225200653656827],[-85.425559996592767,35.225524902614666],[-85.425300597634816,35.225914002614047],[-85.42506408617686,35.226634979696257],[-85.425155639301693,35.227169038028762],[-85.424842834093852,35.227703095319612],[-85.424629210135834,35.228191376568816],[-85.424133299719983,35.228992463025918],[-85.423622130970784,35.229644776566602],[-85.423210143471408,35.230339051565522],[-85.422790526805386,35.230991364064494],[-85.42237853930601,35.231647492188472],[-85.422073363264815,35.23197174114631],[-85.421203612224531,35.232578278645349],[-85.420791624725155,35.232944489061481],[-85.420082091392942,35.233428955727391],[-85.419647216393571,35.233692170310292],[-85.419029235144535,35.233802796351767],[-85.418449400770442,35.233596802602108],[-85.417800902854765,35.233215332811028],[-85.417579649730158,35.23306655989461],[-85.417449950771982,35.233024598436316],[-85.416725158064821,35.232852936978247],[-85.416130065357379,35.232681275520179],[-85.415725707024706,35.232631683853583],[-85.415222167442153,35.232585907811995],[-85.414878844526015,35.23245620781222],[-85.414428710151697,35.232326508854101],[-85.413665770569537,35.232322693229094],[-85.413337707028404,35.231769563021601],[-85.41294097786232,35.231388093230521],[-85.412460326821417,35.231025696356085],[-85.412162779946868,35.230770111981485],[-85.411796567447425,35.229930878649441],[-85.411590575781076,35.229675294274841],[-85.411224364323346,35.229190827608932],[-85.410614013282611,35.228805543234557],[-85.410057067450168,35.228504181776657],[-85.409355162242889,35.227867127610978],[-85.408653258077322,35.227397919278417],[-85.408096312244879,35.227138520320466],[-85.407440185162557,35.226898194279158],[-85.406829833080167,35.226596832821315],[-85.406433104955795,35.226280213030122],[-85.405311584124149,35.225971222405633],[-85.404197692459263,35.225746155739273],[-85.403533935168582,35.225612641156147],[-85.402824400794714,35.225269318240009],[-85.402221678920625,35.224842072407341],[-85.401824950796254,35.224418641158024],[-85.401321410172045,35.224117279700181],[-85.400764464339545,35.22365188699257],[-85.400115966423925,35.223140717201659],[-85.399711608091195,35.222797394285521],[-85.399360656008412,35.222461701577743],[-85.39896392788404,35.221824646370408],[-85.398620604967903,35.221382142204391],[-85.398422240384889,35.221149445329786],[-85.398231506010177,35.221004486996662],[-85.397979735177216,35.220558167205695],[-85.397880552885738,35.220241547414503],[-85.39788818309404,35.219928742206662],[-85.397895812260685,35.219528199498939],[-85.397697447677672,35.219146729707859],[-85.397605895594495,35.218765259916779],[-85.397514342469606,35.218257904709276],[-85.397521971636252,35.217754365126723],[-85.397583007052845,35.217292785960751],[-85.397697447677672,35.216705323461667],[-85.397659300802729,35.21603012137939],[-85.397521971636252,35.215396881797005],[-85.396965025803809,35.21480178908962],[-85.39645385705461,35.2146263130482],[-85.395919798722105,35.214553833881666],[-85.39525604143148,35.214462280756834],[-85.394744872682224,35.214286804715414],[-85.394287108099604,35.214027405757463],[-85.393630981017282,35.213680268258031],[-85.393218993517962,35.213424683883431],[-85.392784117476936,35.213356019300193],[-85.392089842478015,35.213558197424902],[-85.391601561228811,35.213634492216443],[-85.391220091437731,35.213630676591436],[-85.391014098729727,35.213375092216836],[-85.390922545604838,35.212867738050932],[-85.390800474771709,35.212444305759959],[-85.390068052897846,35.21201324534394],[-85.389564513315293,35.211608887011266],[-85.38932037269069,35.210952759928944],[-85.389511107065346,35.210468293263034],[-85.389671324773474,35.210178375555131],[-85.38967895394012,35.209671021389227],[-85.389488219565408,35.20912170472343],[-85.389129638315978,35.208782196390644],[-85.388633726858416,35.208225250558144],[-85.388023375817681,35.207756043267239],[-85.387435912276942,35.207580567225818],[-85.386619567486548,35.207485199517635],[-85.385650634154672,35.207302094309568],[-85.384490966448141,35.207267762017977],[-85.383880614365751,35.207172394309794],[-85.383468626866431,35.207145691184849],[-85.383041381033763,35.207233429726386],[-85.382682799784277,35.207290650559628],[-85.38190460082717,35.207447052642692],[-85.381240843536546,35.207527160975928],[-85.380363463329559,35.207679749517354],[-85.379386900831093,35.207794190142181],[-85.378814696665302,35.20791626097531],[-85.378143309166376,35.208240509933148],[-85.377517699792293,35.208614350557582],[-85.376892089376611,35.208984375557009],[-85.37637329041911,35.209354401598091],[-85.375755309170074,35.209644318264282],[-85.375312803962402,35.209724426597518],[-85.375007628962862,35.209758758889109],[-85.374771117504906,35.209930420347177],[-85.374572752921893,35.210189820346784],[-85.374420165422123,35.21042633180474],[-85.374084471672631,35.210750580762578],[-85.373817442506379,35.210929871387293],[-85.373443602923658,35.21104431201212],[-85.372863768549564,35.211116791178654],[-85.372421263341892,35.21114730888695],[-85.371788023759564,35.211162568261955],[-85.371231077927064,35.211074829720417],[-85.370597838344736,35.210845948470762],[-85.36988067584582,35.21047592242968],[-85.369163512305306,35.209869385972297],[-85.368392943556501,35.209259033889907],[-85.368034362307014,35.208873749515476],[-85.367721557099173,35.20853424118269],[-85.367507934182868,35.20829773076639],[-85.367393492516385,35.208095551600024],[-85.36729431022485,35.207851410975422],[-85.367256163349907,35.207592010975816],[-85.367187498766668,35.207145691184849],[-85.367073058141841,35.206825256810305],[-85.366882323767186,35.20645904639423],[-85.366592406059283,35.206195831811328],[-85.366210936268203,35.205928803686731],[-85.365745543560593,35.205711365145419],[-85.365409849811101,35.205585480770594],[-85.365043639395026,35.205463409937465],[-85.364532469604114,35.20531463702099],[-85.364265441479574,35.205188751604567],[-85.364143370646389,35.2050247203548],[-85.364105223771446,35.204803467230136],[-85.364150999813091,35.204685212022014],[-85.364303588354517,35.204345703689171],[-85.364433287312636,35.203964233898091],[-85.364593505020707,35.20348739744054],[-85.364746092520477,35.203125000566104],[-85.364852903978658,35.202766419316617],[-85.364959715436839,35.202384949525538],[-85.364967345645141,35.201900482859628],[-85.365005492520083,35.201026917235993],[-85.365150450853207,35.20003891098753],[-85.365196226894795,35.199592591196563],[-85.365180968561447,35.198844909947695],[-85.365119933144911,35.198459625573321],[-85.364952086270137,35.198104858907186],[-85.364616393562358,35.19761276307463],[-85.364105223771446,35.197223664116905],[-85.363647460230538,35.197036744325544],[-85.363250731064454,35.196929932867363],[-85.362495421690653,35.196739197450995],[-85.361785887316728,35.196586609951225],[-85.361579894608724,35.196594239117871],[-85.361305236275825,35.196590424534577],[-85.361030577942927,35.196609497451163],[-85.360633848776843,35.196643829742811],[-85.360336302944006,35.196659089117759],[-85.3600769029444,35.196655274534464],[-85.359832762319797,35.196590424534577],[-85.359535216486904,35.196464539118097],[-85.359146117529178,35.196277619326679],[-85.35887145919628,35.196109772451962],[-85.358215331072302,35.19569015578594],[-85.357902525864461,35.195392608911391],[-85.357742308156332,35.195167542245088],[-85.356887816490996,35.193778992247246],[-85.356170652950482,35.192684174540602]]]]}},
{"type":"Feature","properties":{"objectid":1580,"tnmid":"{1114EEF7-2ACE-496A-8E63-0F95A6B7DCDA}","metasourceid":null,"sourcedatadesc":null,"sourceoriginator":null,"sourcefeatureid":null,"loaddate":"2013-01-18T07:08:13Z","referencegnis_ids":null,"areaacres":34594.4,"areasqkm":140.0,"states":"GA,TN","huc12":"060200010905","name":"Lower South Chickamauga Creek","hutype":"S","humod":"KA","tohuc":"060200011202","noncontributingareaacres":0.0,"noncontributingareasqkm":0.0,"shape_Length":0.66017290303065124,"shape_Area":0.013831078378185315},"geometry":{"type":"MultiPolygon","coordinates":[[[[-85.11280822832822,35.089698792408797],[-85.112609863745149,35.089569092409022],[-85.112297058537308,35.089557648659024],[-85.111991881454458,35.089595795533967],[-85.111618042913392,35.089702606992148],[-85.111389160622082,35.089775086158681],[-85.111160279372427,35.089801789283626],[-85.110862732497878,35.089767456992035],[-85.110633850206568,35.089687347617144],[-85.110527038748387,35.089496613242432],[-85.110450744998502,35.089355469492659],[-85.110282898123785,35.089107514284706],[-85.110214233540546,35.089004517409876],[-85.109985352290892,35.088924408034984],[-85.109649658541457,35.089004517409876],[-85.109077454375665,35.089397430950953],[-85.108833313751063,35.089435577825896],[-85.108322143960152,35.089214325742887],[-85.107810975210953,35.089015961159873],[-85.107620239794585,35.088928223659991],[-85.107498170003112,35.088661194493739],[-85.107421875211571,35.088378906994194],[-85.107322693961692,35.088069916369648],[-85.107170105420266,35.087944030953167],[-85.106948853337315,35.087722778870216],[-85.106712341879302,35.087596893453735],[-85.106460572088054,35.087478638245557],[-85.106430054379757,35.087322236162493],[-85.106605530421177,35.087043763246243],[-85.107048035628793,35.086708069496751],[-85.107353210628332,35.086494446580446],[-85.107734680419412,35.086330414289023],[-85.108039856460607,35.086212159080901],[-85.108558655418108,35.08606338512277],[-85.108955383542536,35.085853576789759],[-85.109283448125325,35.08567047158175],[-85.109497071041687,35.085552216373571],[-85.109519959583281,35.085315704915615],[-85.109428406458449,35.085052490332657],[-85.109230041875435,35.084770202833113],[-85.108840942917709,35.084312439292148],[-85.108711242917877,35.084167480959081],[-85.108428955418333,35.083961487209365],[-85.108367921043452,35.083873749709483],[-85.108276367918563,35.083526612210051],[-85.108276367918563,35.083351136168631],[-85.108276367918563,35.083099365335727],[-85.10807800333555,35.082698822628004],[-85.107910156460832,35.082408905961756],[-85.107643128336235,35.082195283045451],[-85.107292176253452,35.082126618462212],[-85.106925964795664,35.082202912212097],[-85.106750488754244,35.08227539137863],[-85.106414796046465,35.082534790336581],[-85.106140137713567,35.082714080961296],[-85.105682374172602,35.082866669502721],[-85.105346680423111,35.082839966377776],[-85.105148315840097,35.082759858044597],[-85.105094910631863,35.082736969502946],[-85.104896546048792,35.082542419503227],[-85.104873657507198,35.082469940336694],[-85.104919434590443,35.082218170545389],[-85.105041504381916,35.081916810129201],[-85.105171204381747,35.081520080963173],[-85.105163575215045,35.081104278880503],[-85.10505676375692,35.080604553881244],[-85.104888916882146,35.080234527840162],[-85.104820252298907,35.079803467424142],[-85.104789734590668,35.079387665341471],[-85.104957581465385,35.079025269508691],[-85.105140686673451,35.078773498675787],[-85.10532379188146,35.078495025759537],[-85.105781555422425,35.078258515343236],[-85.106163025213505,35.077850342427212],[-85.106407165838164,35.077457428886134],[-85.106590272087828,35.077156067428291],[-85.106674195004416,35.076942444511928],[-85.106658936671067,35.076702118470621],[-85.106590272087828,35.076511384095966],[-85.106437683546403,35.076427460137722],[-85.105926514797204,35.076469421596016],[-85.105545045006124,35.076416016387725],[-85.105216980423336,35.076282501804656],[-85.104789734590668,35.076004028888406],[-85.104354858549641,35.075775146597095],[-85.104141237716647,35.075584412222383],[-85.103950501258623,35.075290680972842],[-85.103797912717198,35.075046540348239],[-85.103591920009194,35.074771882015284],[-85.10359954917584,35.074577332015622],[-85.103652954384074,35.074451446599141],[-85.104202271049871,35.0741577153496],[-85.104362488757999,35.073982239308179],[-85.104393006466239,35.07382965180841],[-85.104431153341181,35.07367324868369],[-85.104354858549641,35.073471069517325],[-85.104255677299818,35.073215485142725],[-85.10414123459168,35.07308578514295],[-85.102821350218676,35.071552276811985],[-85.102554322094136,35.071350098687276],[-85.102264404386233,35.07121658410415],[-85.101875305428507,35.071079254937729],[-85.101470948137489,35.070976258062842],[-85.100868225221745,35.070823669521417],[-85.100402832514135,35.070705414313295],[-85.099952698139816,35.070617676813413],[-85.099487305432206,35.070430755980396],[-85.098930359599763,35.070167542439094],[-85.098701477308452,35.069904327856193],[-85.09870910855841,35.069728851814773],[-85.0987167366834,35.069393158065338],[-85.098876953349816,35.069026947649206],[-85.099121093974475,35.068695068483066],[-85.099380493974024,35.068359375775231],[-85.099624634598683,35.068008423692447],[-85.09994506897317,35.067661286193015],[-85.100364685639192,35.067394257026763],[-85.100761413763564,35.067176819527106],[-85.101135254387998,35.06694030806915],[-85.10153198251237,35.066719055986141],[-85.102005005428282,35.066490173694831],[-85.102462768969247,35.066173553903639],[-85.102821350218676,35.065841675779154],[-85.103019714801746,35.065654754946138],[-85.103179932509818,35.065380096613239],[-85.103187561676464,35.065071107030349],[-85.103111267926579,35.064682007030967],[-85.10304260334334,35.064243317448302],[-85.103111267926579,35.063987732032047],[-85.103294373134645,35.063713074740804],[-85.103637696050782,35.063331604949724],[-85.103820801258792,35.063140869533356],[-85.103782654383849,35.062881470575405],[-85.103614807509132,35.062618255992504],[-85.10342407313442,35.06238937474285],[-85.10319519084311,35.06208038411836],[-85.10304260334334,35.06180191120211],[-85.102973938760158,35.061477661202616],[-85.102920532510211,35.061172486203077],[-85.10283660959368,35.060714722662112],[-85.10265350542727,35.060131073704724],[-85.102310181469477,35.059658050788755],[-85.101905823136804,35.059295654955974],[-85.101730347095383,35.059146882039556],[-85.101654053345499,35.05888748203995],[-85.101661682512145,35.058628083082056],[-85.101669311678847,35.0583534247491],[-85.101593017928963,35.058078766416202],[-85.101387024179246,35.057819367458308],[-85.10117340126294,35.057586670583646],[-85.101005554388166,35.05732727058404],[-85.100852966888397,35.057033539334498],[-85.100738526263626,35.056854248709783],[-85.10047912626402,35.056427002877115],[-85.100288391889308,35.05589294454461],[-85.100257874181011,35.05530929662882],[-85.100357056472546,35.055030823712627],[-85.100563050222206,35.054695129963136],[-85.100692749180325,35.054256439338815],[-85.100761413763564,35.053932190380976],[-85.100509643972316,35.053493500798311],[-85.100318909597604,35.053375244548533],[-85.100212098139423,35.053337097673591],[-85.099800110640047,35.053337097673591],[-85.09938812314067,35.053306579965295],[-85.099311829390842,35.05323028621541],[-85.09909820647448,35.05318069559047],[-85.0987167366834,35.052734375799503],[-85.098655701266807,35.052188873717],[-85.098884583558174,35.051078796635409],[-85.099105835641126,35.050483703928023],[-85.09938812314067,35.049983978928765],[-85.099540712723808,35.049549102887795],[-85.099647522098621,35.048999787263654],[-85.099700928348568,35.04854583830604],[-85.099655152306923,35.048042297681775],[-85.099708557515214,35.047393799766155],[-85.09971618668186,35.04689025914189],[-85.099746704390157,35.046516418517513],[-85.099761963765104,35.046062469559843],[-85.099723816890162,35.045707702893765],[-85.099617005432037,35.045330047685979],[-85.099594116890387,35.045078277894731],[-85.09956359918209,35.04476547268689],[-85.099571228348736,35.044422149770753],[-85.099617005432037,35.04414749247951],[-85.099586487723741,35.043937684146499],[-85.099433899182316,35.043510437272175],[-85.099281311682546,35.043167114356038],[-85.099105835641126,35.042694092481781],[-85.099777222098453,35.042377472690589],[-85.100051880431351,35.04210281435769],[-85.100311279389246,35.041942596649619],[-85.100883484596693,35.041275024775643],[-85.101806640845268,35.039810181027917],[-85.102569580427428,35.03857040498815],[-85.102874756468623,35.038291932071957],[-85.103385926259477,35.037887573739226],[-85.1038055429255,35.037464142489853],[-85.103958130425269,35.037021637282237],[-85.103973389800274,35.036632538324511],[-85.103851318967088,35.036251068533431],[-85.10337066688453,35.035717011242582],[-85.103225708551406,35.035594940409453],[-85.102981567926804,35.035469056034628],[-85.10260772730237,35.035293579993265],[-85.102325439802826,35.035133362285194],[-85.102218628344644,35.03506851228525],[-85.101997376261636,35.034782410202354],[-85.101898193970158,35.03443145811957],[-85.10196685855334,35.034145356036674],[-85.102249146052941,35.033828736245539],[-85.10266113355226,35.033000946663492],[-85.102951050218508,35.032714844580596],[-85.103271484592995,35.032585144580764],[-85.103340149176233,35.032524109164228],[-85.103523255425955,35.032363892497813],[-85.103622436675778,35.031948090415085],[-85.103523255425955,35.031410217499285],[-85.103172303343172,35.030261993542751],[-85.102981567926804,35.029468537293951],[-85.102958679385154,35.028999328961334],[-85.103179932509818,35.027713775838322],[-85.103462220009362,35.026168823757416],[-85.103698731467318,35.024913788342701],[-85.103828430425494,35.024494171676679],[-85.104103088758393,35.024139405010544],[-85.104904175215495,35.023483276886566],[-85.105178833548393,35.023200989387021],[-85.105331421048163,35.022914887304125],[-85.105400087714713,35.022644043554578],[-85.105407715839704,35.02233123834668],[-85.105751037714128,35.021160125848496],[-85.10588073771396,35.020713807099241],[-85.10588073771396,35.020523071682817],[-85.105720521047544,35.020332337308162],[-85.105468750214584,35.02007675189185],[-85.105125428340102,35.019851685225547],[-85.104972839798677,35.019680023767478],[-85.10485839917385,35.019405365434579],[-85.104721070007429,35.018947601893615],[-85.104568483549315,35.018589020644185],[-85.10442352313288,35.01838684147782],[-85.104003906466858,35.018005371686741],[-85.103485109592668,35.017456055020943],[-85.103240967926411,35.017063141479866],[-85.103172303343172,35.016742707105379],[-85.103172303343172,35.016471863355775],[-85.103302002301291,35.01616668731458],[-85.103904725217035,35.015525818565607],[-85.104507447091066,35.014953613358159],[-85.105072022090212,35.014289856067535],[-85.105857850213965,35.013713837318392],[-85.106666565837713,35.013271332110776],[-85.10693359396231,35.013092041486061],[-85.106979371045554,35.012924194611287],[-85.106880188754076,35.012737274819926],[-85.106323242921576,35.012187958154129],[-85.106018068963749,35.011814117529696],[-85.105827332505726,35.011337281072088],[-85.105773926255779,35.011001587322596],[-85.105827332505726,35.01060104461493],[-85.10593414396385,35.010314941490378],[-85.106063842922026,35.010112763365669],[-85.106269836671686,35.009967803990889],[-85.106597901254531,35.009803772741122],[-85.10687255958743,35.009639740449757],[-85.107223511670213,35.009292602950268],[-85.107620239794585,35.008895874825896],[-85.108238221043621,35.008468627951572],[-85.108543397084816,35.008323669618449],[-85.109283448125325,35.008132935243736],[-85.109649658541457,35.008007049827256],[-85.109985352290892,35.007793426910951],[-85.11038208041532,35.007347107119983],[-85.110633850206568,35.006885528995667],[-85.110977173122706,35.006366730038167],[-85.111137390830777,35.006221771705043],[-85.111656189788334,35.005992889413733],[-85.112594605411857,35.005725861289136],[-85.113746643951742,35.005237580039875],[-85.114120483534521,35.004993439415273],[-85.114395141867419,35.004695892540724],[-85.114479065825606,35.004398346707887],[-85.114349365825831,35.003757476917201],[-85.114341736659128,35.003299713376236],[-85.114387512700773,35.002952575876805],[-85.114540101242198,35.002571106085725],[-85.114746093950203,35.002357483169362],[-85.115036011658049,35.002162934211356],[-85.115386963740889,35.001953125878345],[-85.115913391865035,35.001758575878625],[-85.116302490822761,35.001617432128853],[-85.116493226239129,35.001384735254192],[-85.116500855405775,35.001087189421355],[-85.116363526239354,35.00078201338016],[-85.116088867906456,35.000362396714138],[-85.115951538739978,35.000076294631242],[-85.115882874156739,34.999809265464989],[-85.115867615823447,34.999591827965332],[-85.115974427281628,34.99932479879908],[-85.116180421031288,34.999111175882774],[-85.116432190822593,34.998802185258228],[-85.116539002280717,34.998535157133631],[-85.116493226239129,34.998088837342664],[-85.116340637697704,34.997486115468575],[-85.116271973114465,34.997005463386017],[-85.116264343947819,34.996604919636638],[-85.11634826686435,34.996326446720389],[-85.116539002280717,34.996028900887552],[-85.116867065821907,34.995685577971415],[-85.117439271029355,34.995357513388569],[-85.117927552278616,34.995216369638797],[-85.118675232485771,34.995262146722041],[-85.119361878318045,34.995338440471926],[-85.11962127727594,34.99527740505539],[-85.120155335608445,34.995037079014082],[-85.120437623108046,34.994747162347835],[-85.12049102831628,34.994709015472893],[-85.121536255397984,34.993629456099598],[-85.122016907480599,34.993213654016927],[-85.122398377271622,34.992801666517551],[-85.123352051228494,34.9917488102692],[-85.124389649143552,34.991039276936931],[-85.125434876225256,34.990470886312835],[-85.126564026223491,34.990009308188519],[-85.126884460598035,34.989894867563692],[-85.127616881430242,34.989723206105623],[-85.128028869971217,34.989788056105567],[-85.128280640804178,34.990139008188351],[-85.12862396267866,34.990360260271302],[-85.128997803303093,34.990467071729483],[-85.129409790802413,34.990467071729483],[-85.129768372051899,34.990550995687727],[-85.13037109392593,34.991008759228635],[-85.130722047050369,34.991317749853181],[-85.131088257466502,34.991611481102723],[-85.131256104341219,34.991878510268975],[-85.131454468924233,34.992313385268289],[-85.131591797049055,34.992622375892836],[-85.131675721007241,34.992866516517438],[-85.132095337673263,34.993068695683803],[-85.133033753296786,34.99336624151664],[-85.133598328295932,34.993679046724537],[-85.133705139754113,34.99377059984937],[-85.134101867878485,34.993923187349139],[-85.134323121003149,34.993755342557733],[-85.134475708502919,34.993530273808062],[-85.134483337669565,34.993213654016927],[-85.134399414753034,34.992965698808973],[-85.134155274128375,34.99271774360102],[-85.134010315795308,34.992401123809827],[-85.133964538712007,34.992103576935278],[-85.134002686628662,34.991775513394145],[-85.134292603294853,34.991512298811188],[-85.134735108502525,34.991271972769937],[-85.135414124126441,34.99100494464534],[-85.135986328292233,34.990741730062382],[-85.136161805375309,34.990455627979486],[-85.136291504333428,34.990127564438353],[-85.136352539749964,34.989665985272381],[-85.136306763708376,34.989204407148122],[-85.136367798083313,34.988883972773635],[-85.136787414749335,34.988567352982443],[-85.137489319956558,34.988285065482899],[-85.137550354331438,34.988235473816303],[-85.138076782455641,34.987792969650286],[-85.138450623080075,34.987354279026022],[-85.138542176204908,34.986995697776536],[-85.138458252246721,34.986530304027269],[-85.138420105371779,34.986385345694146],[-85.1384166449551,34.986385375902501],[-85.138400425163468,34.986328622777592],[-85.138381244955156,34.986261513402667],[-85.138254973080393,34.985819307153349],[-85.138078126205642,34.985427793612303],[-85.137888881414256,34.98501097798794],[-85.137737157456172,34.984632041530233],[-85.137712123081201,34.98436683111396],[-85.137813093914417,34.984190162364257],[-85.138128789747213,34.983962711322931],[-85.138545485579925,34.983622042573472],[-85.139038237662476,34.983167168615807],[-85.139505329328415,34.982813324866356],[-85.139732959536389,34.982598629033362],[-85.140326324118803,34.982895370699566],[-85.140604498076698,34.983034398824373],[-85.14098313661782,34.983185943615808],[-85.141223224117425,34.983324822782265],[-85.141715678283333,34.983413275907139],[-85.142145457449317,34.983539547781902],[-85.142738970990081,34.983615186323448],[-85.143231513697629,34.983678606115006],[-85.143724027238534,34.983754333198249],[-85.144292476195972,34.983804729031476],[-85.144835475153513,34.983962651947934],[-85.145189198069602,34.98406383111444],[-85.145416828277575,34.984101531114391],[-85.145984919943373,34.984063592572795],[-85.146528008484211,34.983988013406247],[-85.147045912650071,34.983760562364921],[-85.147349181399591,34.983558830073548],[-85.147829594940504,34.983129081115862],[-85.14822057098155,34.982825961324693],[-85.148561660564383,34.982623782158328],[-85.148877444938876,34.982510504033542],[-85.149307075146567,34.982270147783879],[-85.149938317853923,34.982200679034008],[-85.150481405353048,34.982124772784118],[-85.150872918894095,34.982036587367588],[-85.15141618660158,34.982011165492622],[-85.15193411993414,34.98193543840938],[-85.152603390766444,34.981834467576221],[-85.152906629307608,34.981733348826367],[-85.153121414723955,34.981657442576477],[-85.153374137640242,34.981531199868357],[-85.154094012639121,34.981518563410077],[-85.154586585555023,34.98167016757651],[-85.155218186595732,34.981853333201173],[-85.155824455344771,34.982042786325906],[-85.156392755343859,34.982295271742203],[-85.156948658468025,34.98249762903356],[-85.157390478259003,34.982686933199886],[-85.157630445966959,34.982851144657957],[-85.157920988674846,34.983040508199338],[-85.158224227216067,34.983280595699],[-85.158641042840372,34.983508107156979],[-85.159424158464162,34.983981575906228],[-85.159904154296783,34.98423415090582],[-85.160560908462401,34.984549966530324],[-85.16105368971165,34.984827902988229],[-85.161596152210791,34.985080417571169],[-85.162076684501699,34.985371080070763],[-85.162581923042637,34.985686716528562],[-85.163061710541854,34.985889073819919],[-85.163465830332882,34.985977259236449],[-85.164224001165053,34.985895093611589],[-85.164754125122556,34.985807058195064],[-85.165297302205033,34.985718425903542],[-85.165865662620831,34.985617246737036],[-85.166560623036446,34.985389825904065],[-85.167293014701954,34.985124704029431],[-85.167672070951369,34.98502355507128],[-85.168253223033787,34.985017443612946],[-85.16872015844973,34.984771099863337],[-85.169086578240865,34.984448936322167],[-85.170273384489008,34.98421080611422],[-85.17035603240555,34.983928243614628],[-85.170514677196991,34.983829785281443],[-85.170897670946374,34.982832833199666],[-85.17138552927895,34.982453521741945],[-85.171890618861482,34.982263799867212],[-85.172648551152008,34.982074406117533],[-85.173242184484423,34.98192295090945],[-85.173646214692099,34.981670197784808],[-85.174126120941366,34.981247123827131],[-85.174543114690721,34.980981913410858],[-85.17497304385671,34.980716701952986],[-85.175338807397793,34.9806028571615],[-85.175932380313554,34.980552282161568],[-85.176298888646329,34.980514612369973],[-85.176778587603906,34.979453381121573],[-85.177271249061448,34.978411582164881],[-85.17859757197607,34.975935932168738],[-85.179229142808424,34.974773940503837],[-85.179544809474635,34.974420037379389],[-85.180126043848702,34.974205461338045],[-85.180706920931129,34.974079129046572],[-85.181313102180184,34.973914829046862],[-85.181805702179417,34.973763492588773],[-85.182235034470409,34.973636951963954],[-85.182765516761265,34.973346438422766],[-85.183131935510687,34.973131921756419],[-85.183472993843509,34.972980376964983],[-85.183965595926111,34.972929683215057],[-85.184294166758889,34.972942348840036],[-85.184572073008496,34.973068561339858],[-85.184963348007841,34.973296042589482],[-85.185266527174065,34.973384346756006],[-85.185709240715028,34.97333392175608],[-85.186150583422716,34.973144409256406],[-85.186612518838615,34.97281446759024],[-85.186509284463796,34.973110225923108],[-85.186459513630552,34.973623719672332],[-85.186575266755369,34.973987993630089],[-85.186791243838343,34.974369224879467],[-85.186956288629801,34.974634167587396],[-85.186906787588214,34.975064781128424],[-85.18674096675511,34.975412783211198],[-85.18669101883853,34.97612476029343],[-85.186492654255517,34.976688233209245],[-85.186310502172432,34.97710221654188],[-85.185929211548057,34.977516260291281],[-85.18559816779856,34.977748122790899],[-85.185183885507513,34.97776487174923],[-85.184637220925026,34.977798011332482],[-85.184223117800684,34.97801324362382],[-85.183626774051618,34.978460636331477],[-85.183262290718858,34.978891310289157],[-85.182848277177811,34.979504135288153],[-85.182566585511609,34.980083939453948],[-85.18231845113695,34.981044706119121],[-85.182102920928969,34.981972155075994],[-85.181904288637611,34.982800092574735],[-85.181572946971471,34.983429817573779],[-85.181158693847124,34.984142150905996],[-85.180810870930998,34.984804596738286],[-85.180404486556597,34.986034449861393],[-85.180377333431636,34.986076087361312],[-85.180357257390028,34.986106872777953],[-85.180358887598345,34.986106872777953],[-85.180122376140389,34.986473084235683],[-85.179939270932323,34.98694610610994],[-85.179725648016017,34.987442018609215],[-85.179527283432947,34.987819671733632],[-85.179473877183057,34.988220215483011],[-85.179656983432778,34.988441467565963],[-85.180061340723796,34.988567352982443],[-85.180709839681128,34.988719940482213],[-85.181274414680274,34.988883972773635],[-85.181549073013173,34.988971710273461],[-85.181907654262602,34.98908615194],[-85.182212830303797,34.989135742564883],[-85.182495117803342,34.989139557148235],[-85.182754517802948,34.989143371731529],[-85.18327331571885,34.989212036314768],[-85.183746338634762,34.989311218606304],[-85.184104919884192,34.989391326939483],[-85.184539795925218,34.989517212355963],[-85.184921265716241,34.98965072693909],[-85.185211182382488,34.989784241522216],[-85.185409546965502,34.989933014438634],[-85.18554687613198,34.99006652902176],[-85.18554687613198,34.99021911652153],[-85.185501099048679,34.990383148812953],[-85.185462952173737,34.990657807145851],[-85.185516358423683,34.991035462353636],[-85.185493469882033,34.991333008186473],[-85.185455323007091,34.991641998811019],[-85.18537140009056,34.991863250893971],[-85.185340882382263,34.991977692560511],[-85.185073853216011,34.992420196726471],[-85.184631348008395,34.99288177485073],[-85.184364319883798,34.993362426933345],[-85.184356689675496,34.993419647766586],[-85.184318542800554,34.993766785266018],[-85.184249878217315,34.994281769640224],[-85.184295655300559,34.994663239431304],[-85.184402466758741,34.994911194639258],[-85.184593201133453,34.995178222763855],[-85.18478393654982,34.995479584221698],[-85.184974670924532,34.99579620401289],[-85.185096741757661,34.996032715470847],[-85.185211182382488,34.996402739428618],[-85.185302735507321,34.996826172761303],[-85.185455323007091,34.997280121718916],[-85.185615540715162,34.997703552968289],[-85.185775757381634,34.998020172759425],[-85.185897828214763,34.998260498800732],[-85.186004639672944,34.998443604008799],[-85.186035157381184,34.998699188383398],[-85.186058044881179,34.999076843591126],[-85.186134338631064,34.999561310257036],[-85.186180115714308,34.999736786298456],[-85.186454774047206,35.000682831088625],[-85.186492920922149,35.000827789421749],[-85.186592103213684,35.001041412338111],[-85.186653136546909,35.00126648004607],[-85.186920166754817,35.002044677961521],[-85.187263489670954,35.002582550877378],[-85.187782288628512,35.002948761293453],[-85.187957764669875,35.003074646709933],[-85.188514710502375,35.003334045667884],[-85.188934327168397,35.00334167483453],[-85.189346314667716,35.003349305042832],[-85.189628602167318,35.003318787334536],[-85.189849854250269,35.003288269626239],[-85.190216064666402,35.003360748792829],[-85.190582276124132,35.003467560251011],[-85.19110107508169,35.003608704000783],[-85.191627503205837,35.003715515458907],[-85.192115784455098,35.003757476917201],[-85.192604065704359,35.003799439417151],[-85.193130493828505,35.003807068583797],[-85.193702697994297,35.003780365458852],[-85.194229127160156,35.003688812333962],[-85.194717408409417,35.003593445667434],[-85.19504547195055,35.003467560251011],[-85.195419312574984,35.003273010251291],[-85.195823669866002,35.003112793584876],[-85.19627380424032,35.002918243585157],[-85.197204590697197,35.002429962335952],[-85.197944641737706,35.002071381086466],[-85.199005128194415,35.001586914420557],[-85.199661255276737,35.001495361295724],[-85.200065613609411,35.001602173795561],[-85.200386047983955,35.001842498795156],[-85.200416565692194,35.002208710252944],[-85.200248718817477,35.002471923794189],[-85.199874878193043,35.0027008060855],[-85.199584961526853,35.002967835251752],[-85.199295044860605,35.003261566501294],[-85.19916534486083,35.003562927959194],[-85.199157715694184,35.003856659208736],[-85.199203491735773,35.004169464416577],[-85.199264527152309,35.004665374832484],[-85.199493409443676,35.004756927957317],[-85.199829102151455,35.004886627957092],[-85.199958802151286,35.004936218582031],[-85.20030975423407,35.004867553998793],[-85.200569153191964,35.004680634207432],[-85.200897217774809,35.004299164416352],[-85.20121002298265,35.004093170666692],[-85.20141601673231,35.004009247750162],[-85.201499939648841,35.003990173791863],[-85.201980591731456,35.004028320666805],[-85.202262879231,35.004165649833226],[-85.202621460480486,35.004405975874533],[-85.203269959437762,35.005130768581751],[-85.203765869853669,35.005683899830899],[-85.204322815686169,35.006210327955046],[-85.204658509435603,35.006713867537599],[-85.205009461518443,35.006969451912198],[-85.20530700735128,35.007308960245041],[-85.205871582350426,35.007381439411574],[-85.206481934432816,35.007278442536744],[-85.207099915681852,35.007019043578794],[-85.207542419847812,35.006958008162258],[-85.208114625055259,35.006866455037368],[-85.208473206304689,35.006870270662375],[-85.209892274010826,35.006942749828909],[-85.211181641717189,35.007160187328566],[-85.211677552133096,35.007293701911692],[-85.212165833382301,35.007427216494818],[-85.213562012546788,35.007728576911063],[-85.214729309420022,35.007980346702311],[-85.215164185460992,35.008319855035097],[-85.215736389626784,35.008876800867597],[-85.21599578962639,35.009365082116858],[-85.21612548858451,35.009750366491232],[-85.216156006292806,35.010250093573802],[-85.215942383376444,35.010814667531236],[-85.215774536501726,35.01104354878089],[-85.215690613585195,35.011276245655552],[-85.215751649001731,35.01155090398845],[-85.216308594834231,35.011695862321517],[-85.216957092749851,35.011871338362937],[-85.217514038582351,35.011981964404413],[-85.21807861358144,35.012088775862594],[-85.218887330246901,35.012031556071008],[-85.219375611496105,35.011940002946176],[-85.220466614619454,35.011642456071627],[-85.221282959409848,35.011222839405605],[-85.221656800034225,35.010829925864584],[-85.221984863575415,35.010467530031804],[-85.222640991699393,35.010028839407482],[-85.223007203157124,35.009803772741122],[-85.22334289586496,35.009510040449925],[-85.223670960447805,35.009117126908905],[-85.224006653155584,35.008655548784589],[-85.224090577113827,35.008392334201687],[-85.22441864065496,35.008098602952145],[-85.224739075029447,35.00810241753544],[-85.225059510445647,35.008274078993509],[-85.225494385444961,35.008678436284583],[-85.225891113569332,35.009113312325553],[-85.22648620731843,35.00945663524169],[-85.227127076067404,35.009632111283054],[-85.227653504191608,35.009773255032883],[-85.227966309399449,35.009944916490952],[-85.228370667732179,35.010211944615492],[-85.228927613564622,35.010421752948503],[-85.229209901064166,35.010589599823277],[-85.229606629188595,35.010894775864472],[-85.230010987521268,35.011283874822198],[-85.230468751062233,35.011642456071627],[-85.231597901060468,35.012523651903621],[-85.232009888559844,35.013023376902822],[-85.233230591682968,35.014312744609128],[-85.23423767188973,35.016006470648165],[-85.234832764597115,35.017402649812709],[-85.234939576055297,35.017536163354123],[-85.235015869805181,35.017932892520207],[-85.234970093763593,35.018161773769862],[-85.235000611471889,35.018558502935889],[-85.235153198971659,35.018795014393845],[-85.2354660041795,35.019126892518329],[-85.235664368762514,35.01942825397623],[-85.236099243761828,35.019798278975657],[-85.236373902094726,35.020030975850261],[-85.236450195844611,35.020133972725091],[-85.236488342719554,35.020381927933045],[-85.236495972927855,35.020729065432533],[-85.236289979178196,35.020973206057135],[-85.236282348969894,35.021469116473043],[-85.236679078135921,35.021739960222646],[-85.236991883343762,35.021942139388955],[-85.237350464593248,35.022045136263841],[-85.237670898967735,35.022117615430375],[-85.238189697925236,35.022254944596796],[-85.238624573966263,35.022491456054809],[-85.238784790632678,35.022857666470884],[-85.239051819798931,35.023292543553566],[-85.239250184381945,35.023593902928098],[-85.239440918756657,35.024024964385717],[-85.239593506256426,35.024429321676791],[-85.239624023964666,35.02475738625958],[-85.23961639479802,35.025089264384064],[-85.239448547923303,35.025447845633551],[-85.239318848965183,35.025772095633045],[-85.23923492500694,35.025970459174403],[-85.239112855215467,35.026233673757304],[-85.238983155215692,35.026493072715255],[-85.238700867716148,35.026721955006565],[-85.238418580216546,35.02688217167298],[-85.238212586466886,35.027107239380939],[-85.238006592717227,35.027465820630425],[-85.237998963550524,35.027664185213439],[-85.237991333342222,35.027992248754572],[-85.237983704175576,35.02825546333753],[-85.237861634384103,35.028518676878775],[-85.237808228134156,35.028976439378027],[-85.23780059896751,35.029403687294064],[-85.237838745842453,35.029670715418661],[-85.237907410425692,35.030033112293097],[-85.238044739592169,35.030181885209515],[-85.238319397925068,35.030548096667303],[-85.238533020841373,35.030849457083491],[-85.238883972924157,35.031185150832982],[-85.239280701048585,35.031517028957467],[-85.239669801047967,35.031784058123719],[-85.239906311464267,35.031887054998549],[-85.240509034380011,35.032028198748321],[-85.240745544796312,35.03209686333156],[-85.241264343753812,35.03207397478991],[-85.241752625003073,35.031948090415085],[-85.24207305937756,35.031787872707014],[-85.24247741771029,35.031661988332246],[-85.242881776042964,35.031471252915821],[-85.243278504167336,35.031379699790989],[-85.243728638541654,35.031253815416164],[-85.244049072916141,35.031093597708093],[-85.244331360415742,35.030998229999909],[-85.244453431248871,35.031002045624916],[-85.24472808958177,35.031135559166387],[-85.244819641664947,35.031417847707587],[-85.244812012498301,35.031745911248777],[-85.244804383331655,35.032173157081445],[-85.244956972914736,35.032505036247585],[-85.244949341664778,35.032802582080478],[-85.244949341664778,35.033031464371788],[-85.245033264581309,35.033626557079174],[-85.24510955937285,35.034053802911842],[-85.245178223956088,35.034580231036045],[-85.245208740622672,35.034912110202185],[-85.24519348228938,35.035438538326332],[-85.245231629164323,35.035766601867522],[-85.245368958330801,35.035900116450648],[-85.245758057288526,35.035968781033887],[-85.246200562496142,35.035907745617294],[-85.246681214578757,35.035736084159225],[-85.247123718744717,35.035610199784401],[-85.24756622395239,35.035583496659456],[-85.248039246868302,35.03562545811775],[-85.248519897909205,35.035694122700988],[-85.248832703117046,35.035865784159057],[-85.249343872907957,35.036167145616901],[-85.249572755199267,35.036533356032976],[-85.249649048949152,35.03682708832423],[-85.249626160407502,35.037124634157067],[-85.24969482499074,35.037384034156673],[-85.249931336448697,35.037521363323151],[-85.250251770823184,35.037525177906446],[-85.250656129155914,35.037464142489853],[-85.250785828114033,35.037452698739912],[-85.25112915103017,35.037670136239569],[-85.251350404154834,35.03785705603093],[-85.251647949987671,35.038116456030536],[-85.252136231236932,35.038192749780421],[-85.252769472902628,35.03813552894718],[-85.253089905193804,35.038219452905366],[-85.253479005193185,35.038311004988543],[-85.253440857276587,35.038539887279853],[-85.253311158318468,35.039257049778769],[-85.253242493735229,35.039649964361502],[-85.25315094061034,35.04007721019417],[-85.253059389568818,35.040565491443374],[-85.253013611443919,35.04102706956769],[-85.252960206235684,35.041416168525416],[-85.253028870818866,35.042076111232745],[-85.252975464568976,35.042503357065414],[-85.253013611443919,35.042850494564846],[-85.253044129152215,35.043243409147578],[-85.2531204229021,35.043506622688824],[-85.253273011443525,35.043769837271782],[-85.253387452068353,35.044033050813027],[-85.253540039568065,35.044361115395816],[-85.253654481234605,35.044624328937118],[-85.253730774984433,35.044887543520019],[-85.253723145817787,35.045215607061209],[-85.253662110401251,35.045917511226776],[-85.253540039568065,35.046276094559516],[-85.253334045818406,35.046485901850872],[-85.253013611443919,35.046691894558876],[-85.252761841652614,35.046844483100301],[-85.252655030194489,35.046901702891887],[-85.252510071861366,35.047115326849905],[-85.252342224986592,35.047370911224505],[-85.252250671861759,35.047718048723937],[-85.252220154153463,35.048252106014786],[-85.252197266653525,35.048557282055981],[-85.252334595819946,35.048809051847286],[-85.252464294778122,35.048992157055295],[-85.25250244269472,35.049121857055127],[-85.252464294778122,35.049282074763198],[-85.252342224986592,35.049411773721317],[-85.252174378111874,35.049541473721149],[-85.252014161445459,35.04970169142922],[-85.251731872904259,35.049846649762344],[-85.25151062082125,35.050022125803707],[-85.251228333321706,35.050197601845127],[-85.251029968738635,35.050373077886491],[-85.250762940614095,35.050632476844441],[-85.250656129155914,35.050975799760579],[-85.250610352072613,35.051265717468482],[-85.250503540614488,35.051460266426488],[-85.250343323948073,35.051654816426208],[-85.250160217698351,35.051784516425982],[-85.2499008187404,35.051910400800807],[-85.249557495824263,35.052185059133706],[-85.249305726033015,35.052604675799728],[-85.249267579158072,35.052833558091038],[-85.249298096866369,35.053047181007344],[-85.249336243741254,35.053291321632003],[-85.249259949991426,35.053401947673478],[-85.249206543741479,35.053680420589728],[-85.248985291658471,35.054119110172337],[-85.248703004158926,35.054496765380122],[-85.248512268742559,35.054809570587963],[-85.248390198951085,35.055248261212284],[-85.248336792701195,35.055778503919782],[-85.248336792701195,35.055973053919502],[-85.248313904159545,35.056156159127511],[-85.248268128117957,35.056430817460466],[-85.248146058326483,35.056655884126769],[-85.248016358326652,35.056880951834728],[-85.24785614061858,35.057060242459443],[-85.247810364576992,35.057289123709097],[-85.247688294785519,35.057514191417113],[-85.247421265619266,35.057868958083191],[-85.247200014577913,35.058128357041141],[-85.246955872911656,35.058448792457284],[-85.24685669062012,35.058593750790408],[-85.246650696870461,35.058883667456655],[-85.246223449996137,35.059413910164153],[-85.245857239580005,35.05973434453864],[-85.245735168746876,35.059898376830063],[-85.245613098955403,35.06008911224643],[-85.245529176038872,35.060363770579329],[-85.245407105205743,35.060558319537392],[-85.245323182289155,35.060752869537055],[-85.245201111456026,35.060947418495118],[-85.244995117706367,35.061206818494668],[-85.24467468333188,35.061477661202616],[-85.244354248957336,35.061618805994044],[-85.243949890624663,35.061775208077165],[-85.243469239583703,35.061981201826825],[-85.243034363542733,35.062202453909833],[-85.242706300001601,35.06249237161768],[-85.242385864585401,35.062782288283927],[-85.241943360419441,35.06313324036671],[-85.241577148961653,35.06338882474131],[-85.241439819795232,35.063613892449268],[-85.241111756254043,35.063934326823812],[-85.240951538545971,35.064193725781706],[-85.24078369271291,35.064514161197906],[-85.240531921879949,35.064968110155519],[-85.240455628130064,35.065132141405286],[-85.240303040630295,35.065650940362787],[-85.240089417713989,35.066364289320006],[-85.239959717714157,35.066947937235796],[-85.239967346880803,35.067264557026931],[-85.2399978645891,35.067623139318073],[-85.240028382297396,35.068191528900513],[-85.240058900005693,35.068485260150055],[-85.239929200005861,35.069034576815852],[-85.23984527708933,35.069358825773691],[-85.239753723964498,35.06960296639835],[-85.239570618756431,35.070251465355682],[-85.23941040104836,35.070816040354771],[-85.238975526049046,35.071350098687276],[-85.238761903132684,35.071521759103689],[-85.238403320841599,35.0720138559779],[-85.238296509383417,35.072338104935739],[-85.238174439591944,35.072692871601873],[-85.238006592717227,35.073081970559599],[-85.237792969800864,35.07372665493358],[-85.237670898967735,35.074081421599715],[-85.237579346884559,35.074504852849032],[-85.237533569801258,35.07495498722335],[-85.237487793759669,35.075313568472779],[-85.237518311467966,35.075672149722266],[-85.237556458342908,35.075866699721928],[-85.237602234384497,35.076141358054826],[-85.237617493759444,35.076473236179311],[-85.237533569801258,35.076679229929027],[-85.237449646884727,35.076950073678574],[-85.237297059384957,35.07723617576147],[-85.237228394801718,35.077442169511187],[-85.23728180001001,35.077594758052612],[-85.237396240634837,35.077648163260847],[-85.237525940634612,35.077682495552438],[-85.237831116675807,35.077751160135676],[-85.238189697925236,35.077903747635446],[-85.238555909383024,35.078121186176759],[-85.239143371882108,35.078575135134429],[-85.239807130214388,35.079090117425267],[-85.240203858338816,35.079391479924823],[-85.240364075005232,35.079544068466248],[-85.240455628130064,35.079692841382666],[-85.240539552088251,35.079925537215615],[-85.240562439588246,35.080066680965444],[-85.240493775005007,35.080272674715104],[-85.240394592713471,35.080440521589821],[-85.240341187505237,35.080547333048003],[-85.240341187505237,35.080692291381126],[-85.240493775005007,35.080821991380901],[-85.240753175004613,35.080909729922439],[-85.240959168754273,35.08094406221403],[-85.241378785420295,35.081012726797269],[-85.241615295836596,35.081047059088917],[-85.241958618752733,35.081085205963859],[-85.242195130210689,35.08111953825545],[-85.242546082293472,35.081127167422096],[-85.243087769792623,35.081069946588855],[-85.243263245834044,35.081073761172206],[-85.243934632291314,35.080951691380733],[-85.244308472915748,35.081077575755501],[-85.24472808958177,35.081413269504992],[-85.244987488539721,35.081619263254652],[-85.245292664580916,35.081680298671245],[-85.245880128121655,35.081611634088006],[-85.246505738537337,35.081264496588574],[-85.246589661453868,35.081245422630275],[-85.247100831244779,35.081157685130393],[-85.247924805201819,35.080932617422434],[-85.249114990616647,35.080741883047722],[-85.249816895823869,35.080528260131359],[-85.250221253114887,35.080383301798236],[-85.250694276030856,35.080280304923406],[-85.251052857280285,35.080291748673403],[-85.251617432279431,35.080448150756467],[-85.251937866653918,35.080604553881244],[-85.251976013528861,35.080638886172892],[-85.252571107277902,35.080844879922552],[-85.252655030194489,35.080856323672549],[-85.253250122901875,35.080886841380789],[-85.253730774984433,35.08111953825545],[-85.253837586442614,35.081523895546468],[-85.253868104150911,35.082099915337267],[-85.253929137484135,35.082740784086297],[-85.25399780310903,35.083225250752207],[-85.254264832275283,35.083545685126694],[-85.254684448941305,35.083744049709708],[-85.255233765607102,35.083816528876241],[-85.255737305189655,35.083698273668119],[-85.256111145814089,35.083637238251526],[-85.256698609354828,35.083583832001636],[-85.257591247895164,35.083564759084993],[-85.257980347894545,35.083568573668344],[-85.258766174976643,35.083419800751869],[-85.259376527059032,35.083236694502148],[-85.259765626016758,35.082950592419252],[-85.260208131224431,35.082576751794875],[-85.260803223931816,35.082038879920674],[-85.261352539555958,35.081726074712833],[-85.261604310388918,35.081657410129594],[-85.262161256221361,35.081233978880277],[-85.262634278095618,35.081359864296758],[-85.263389588511131,35.081954957004143],[-85.264396668717893,35.083209992418858],[-85.265083313508512,35.083839417417892],[-85.265350342674765,35.08428955179221],[-85.265396118716353,35.084747315333175],[-85.265869141632265,35.085720063248289],[-85.267929078087434,35.087814331995048],[-85.26799011350397,35.087871551786634],[-85.268196107253686,35.088085174702996],[-85.268409730169992,35.088607788243849],[-85.268661499961297,35.08895492574328],[-85.268852234336009,35.089221954909533],[-85.268882752044249,35.089267730951121],[-85.268775940586124,35.089324951784363],[-85.268066407253855,35.089706421575443],[-85.267341614546694,35.089778900742033],[-85.266807557255845,35.089832306991923],[-85.265052795800216,35.090396881991069],[-85.262428284345958,35.091247559073054],[-85.261871338513515,35.091239929906408],[-85.261253357264479,35.091262818448058],[-85.260444640599019,35.091346741364589],[-85.259437561433913,35.091552735114249],[-85.25843811143551,35.092014313238565],[-85.258071899977722,35.092212677821578],[-85.257957459352895,35.092288971571463],[-85.257415771853744,35.092544555946063],[-85.256675720813234,35.093002318445315],[-85.256263733313858,35.093158722611747],[-85.253784180192724,35.09387970073567],[-85.252052308320401,35.094150543443561],[-85.251541138529547,35.094268799693396],[-85.250267029156532,35.094566345526232],[-85.249069214575059,35.094833374692485],[-85.247863770826882,35.095199585108617],[-85.246665955203753,35.095497131983109],[-85.245117188539496,35.095901490315839],[-85.243942261458017,35.096199036148732],[-85.242813111459725,35.096469879898279],[-85.242095947919211,35.096538544481518],[-85.241485596878476,35.096591949689753],[-85.240257263547051,35.096572876773109],[-85.239105225007165,35.096523285106571],[-85.238304138550063,35.096481323648277],[-85.237464905218019,35.096405029898392],[-85.236358643761434,35.096141815315491],[-85.235557557304332,35.095844269482598],[-85.234642029180748,35.095546722608049],[-85.234069822931644,35.09522247365021],[-85.233619690640694,35.09480667156754],[-85.233283996891203,35.094455719484756],[-85.233062742724883,35.09399414136044],[-85.232765198975358,35.093738556985841],[-85.232284546892743,35.093574524694475],[-85.231544495852233,35.093246460111629],[-85.231201172936096,35.093086243445214],[-85.230880738561609,35.092845917403906],[-85.230484009395525,35.092632294487601],[-85.230033875021263,35.092296600738109],[-85.229698182313427,35.091941834071974],[-85.229469300022117,35.091670990322427],[-85.229057312522741,35.091259002823051],[-85.228836060439789,35.090969086156804],[-85.228569031273537,35.090652466365668],[-85.228271485440644,35.090362549699421],[-85.227912903149559,35.090057373658226],[-85.227592468775015,35.089813233033624],[-85.227500916691838,35.089626313242263],[-85.227302552108824,35.089443206992541],[-85.226898193776094,35.089225769492884],[-85.226501465651722,35.088943481993283],[-85.226211548985532,35.088695526785386],[-85.225914002110983,35.088478089285672],[-85.22570037919462,35.088264466369367],[-85.225486756278315,35.087985993453117],[-85.225341797945191,35.087741852828515],[-85.225196839612067,35.08743667678732],[-85.225059510445647,35.087188721579366],[-85.224914551070867,35.086975098663004],[-85.224769592737744,35.086818695538284],[-85.224403382321668,35.086540222622034],[-85.224113464613765,35.08638382053897],[-85.223854065655814,35.08629226741408],[-85.223564148989624,35.086162567414306],[-85.223121643781951,35.086097717414418],[-85.222526551074566,35.086055755956124],[-85.222122192741836,35.086021423664533],[-85.22175598232576,35.086017609081182],[-85.221458435451211,35.086040497622832],[-85.221199036493317,35.086067200747777],[-85.220939635451998,35.086124420539363],[-85.220603943785875,35.086242676789141],[-85.220336914619622,35.086509704913738],[-85.22014618024491,35.086845398663229],[-85.219985962536839,35.087146760121072],[-85.219879151078658,35.087280273662543],[-85.21953582816252,35.087612152828683],[-85.219200135454741,35.087848664286696],[-85.21871185420548,35.088024140328059],[-85.218467713580878,35.088066101786353],[-85.218284607331157,35.088275910119364],[-85.218238831289568,35.088550568452263],[-85.218269348997865,35.088745117410269],[-85.218322754206099,35.088916778868338],[-85.218391418789338,35.089252472617829],[-85.218421936497577,35.089599610117261],[-85.218521118789113,35.08984375074192],[-85.218383789622635,35.090270996574588],[-85.218269348997865,35.090526580949188],[-85.218040466706555,35.090797424698792],[-85.2178115854569,35.091007233031746],[-85.217552185457293,35.091156005948221],[-85.217102051082975,35.091392517406177],[-85.216804505250138,35.09143066428112],[-85.216476441708949,35.091396331989529],[-85.216117859417864,35.091377259072885],[-85.215858460459913,35.0915565496976],[-85.215385437544001,35.092079163238452],[-85.215194703169288,35.092472076779472],[-85.215080261502806,35.09271240282078],[-85.214820862544855,35.093273163236574],[-85.214614868795195,35.093696594485948],[-85.214454652128779,35.093921662193907],[-85.214248658379063,35.09414672886021],[-85.213974000046164,35.094188690318504],[-85.213806153171447,35.094154358026913],[-85.213508606296898,35.094062805943679],[-85.213333130255478,35.093875885110663],[-85.213111878172526,35.093688965319302],[-85.212898255256164,35.093471527819588],[-85.212677003173212,35.093311310111517],[-85.212532043798433,35.093254090319931],[-85.212196351090597,35.093173980945096],[-85.211883545882756,35.093170166361745],[-85.2116470344248,35.093166351778393],[-85.211402893800141,35.093208313236687],[-85.211082459425654,35.093341827819813],[-85.21070861880122,35.093486786152937],[-85.210548402134805,35.093544006986178],[-85.210021972968946,35.093803405944072],[-85.209648133386224,35.094055176777033],[-85.209266663595145,35.094234467401748],[-85.208824158387472,35.094257354901742],[-85.208412170888153,35.094284058026687],[-85.20737457401475,35.09414672886021],[-85.206283569849802,35.094036102818734],[-85.205841065683785,35.093936920527199],[-85.205451965684404,35.093795776777426],[-85.205230713601395,35.093639374694362],[-85.205123902143214,35.093456268444641],[-85.205017090685089,35.09326934865328],[-85.204872132351966,35.093147278861807],[-85.204711914643894,35.092956543445439],[-85.204452515685944,35.092895508028846],[-85.20410156360316,35.092891693445495],[-85.203804016728611,35.0928878788622],[-85.203376770895943,35.092971802820387],[-85.203056336521456,35.09304428198692],[-85.202690125063668,35.092975617403738],[-85.20220947298111,35.09281539969561],[-85.201911927148217,35.092723846570777],[-85.201782227148442,35.092658997612546],[-85.201568604232079,35.092441559071233],[-85.20127105735753,35.092269897613164],[-85.201087952149521,35.09214401323834],[-85.200721741733389,35.091896058030386],[-85.200363159442304,35.091522217405952],[-85.20030975423407,35.091354370531235],[-85.200088502151061,35.091167450739874],[-85.199867249026397,35.091056824698342],[-85.19952392611026,35.090885163240273],[-85.199226380277423,35.090698242407257],[-85.198860168819635,35.090419769491007],[-85.198570252153388,35.090259552824591],[-85.198272706320552,35.090164185116407],[-85.198051453195887,35.090007783033343],[-85.197799683404583,35.089790344491973],[-85.197685242779812,35.08961486845061],[-85.197525025071684,35.089450837200843],[-85.197402955280211,35.089389801784307],[-85.197273255280436,35.089385987200956],[-85.197044372989126,35.089443206992541],[-85.196746827156232,35.089469910117487],[-85.196525574031568,35.089496613242432],[-85.196189881323789,35.089492798659137],[-85.196006776115723,35.089523316367433],[-85.195854187574298,35.089550018450723],[-85.195701600074528,35.089637756992204],[-85.195495606324869,35.089862823658564],[-85.195152283408731,35.090148926783115],[-85.194946289659015,35.090450287199303],[-85.194602966742934,35.090782166365443],[-85.194488526118107,35.090991974698454],[-85.194183350076912,35.091262818448058],[-85.193916321952315,35.09153366115595],[-85.193534852161235,35.091926575738682],[-85.193305969869925,35.092140198654988],[-85.192924500078846,35.09231948927976],[-85.192520142787828,35.092372894487994],[-85.192100526121806,35.092517853862773],[-85.191711426122367,35.092636109070895],[-85.191215515706517,35.093059540320269],[-85.191009521956801,35.093284608028227],[-85.190704345915606,35.09360122781942],[-85.19039154174942,35.093933105943904],[-85.190353393832822,35.09414672886021],[-85.190284729249584,35.094562530942937],[-85.190093994874928,35.094940186150666],[-85.189659119875557,35.095317841358394],[-85.189239502167879,35.095523835108111],[-85.18867492716879,35.095760347607722],[-85.188194276127831,35.095848084065949],[-85.187744141753569,35.095840454899246],[-85.187461854253968,35.095897674690832],[-85.187126160504533,35.095951080940779],[-85.186820984463338,35.096134186148788],[-85.186523438630445,35.096309662190208],[-85.186035157381184,35.096488952814923],[-85.18554687613198,35.09654235906487],[-85.185340882382263,35.096569062189815],[-85.184967041757886,35.096565247606463],[-85.184432984467037,35.096527099689865],[-85.184135437592488,35.096519470523219],[-85.183593751134993,35.096511841356573],[-85.183296204260444,35.096508026773222],[-85.182693482386412,35.096530915314872],[-85.182395935511863,35.096588135106458],[-85.181907654262602,35.096672059064645],[-85.181533814679881,35.096820831981063],[-85.1811065678055,35.09700775177248],[-85.180763244889363,35.09721374552214],[-85.180633545931244,35.097393036146855],[-85.180587768848,35.097606659063217],[-85.180526734473062,35.097930909062711],[-85.180496216764823,35.098220825728902],[-85.180397034473287,35.098415375728621],[-85.180290223015106,35.098564148645039],[-85.180107117807097,35.098701477811517],[-85.179824830307496,35.09882354760299],[-85.179374695933234,35.09894943301947],[-85.178955079267212,35.09902954135265],[-85.178665161559309,35.099025726769298],[-85.178092957393517,35.098937989269473],[-85.177574158436016,35.098793029894694],[-85.17733764697806,35.098636627811572],[-85.177108765728406,35.098407745520262],[-85.176918030312038,35.098171235103962],[-85.176658631354087,35.097999573645893],[-85.176292419896356,35.097808838229525],[-85.175918580313578,35.097709655938047],[-85.175582886564086,35.097644806979815],[-85.17517089906471,35.097606659063217],[-85.174797058440333,35.097633362188162],[-85.174423218857555,35.097656250729756],[-85.173973084483237,35.097591400729868],[-85.173698424067027,35.097526550729981],[-85.17321777406778,35.097393036146855],[-85.172798157401758,35.097270966355381],[-85.172569275110448,35.096893311147653],[-85.172477723027271,35.096706391356236],[-85.172538758443807,35.096424103856691],[-85.172721863651873,35.096031189273958],[-85.172874451151642,35.095851898649244],[-85.172958375109829,35.095577240316345],[-85.172927857401532,35.095329285108392],[-85.172782899068466,35.095050812192142],[-85.172637939693686,35.094650269484475],[-85.172424316777324,35.094245911151745],[-85.172264100110908,35.09404373198538],[-85.172080993861186,35.093872070527311],[-85.171890259486474,35.093761444485835],[-85.171745301153408,35.093635560111011],[-85.171676636570169,35.093452453861289],[-85.17160797198693,35.093235016361632],[-85.171424866778864,35.093048096570271],[-85.171310425112381,35.092952728862087],[-85.171028137612836,35.092823028862313],[-85.170120239697553,35.093032837195267],[-85.169555664698464,35.09321975802834],[-85.16873931990807,35.09321975802834],[-85.168205261575565,35.09321975802834],[-85.167449952201707,35.092876435112203],[-85.167121887618919,35.092681885112484],[-85.166885376160906,35.092658997612546],[-85.166641235536304,35.092716217404131],[-85.166503907411538,35.092895508028846],[-85.166389465745056,35.093124390320156],[-85.16629028345352,35.093418121569698],[-85.166038513662272,35.093688965319302],[-85.165771485537675,35.09383773823572],[-85.165435791788184,35.094097138235327],[-85.165245056371816,35.094291687193333],[-85.165161133455285,35.094505311151352],[-85.165008545955516,35.094749451775954],[-85.164894104289033,35.094902039275723],[-85.164779663664206,35.094974518442257],[-85.164642334497728,35.095005036150553],[-85.164306641789949,35.095031739275498],[-85.164047241790342,35.095024109067197],[-85.163749695957449,35.095054626775493],[-85.163299561583187,35.095077515317143],[-85.162925720958754,35.095100403858737],[-85.162620544917559,35.09509658823373],[-85.162246704293125,35.095092773650435],[-85.161804200127165,35.095054626775493],[-85.161392212627788,35.095046997608847],[-85.160797119920403,35.094963074692316],[-85.16053009075415,35.094944000734017],[-85.160156251171372,35.095001221567259],[-85.159591675130571,35.095085144483789],[-85.159141540756309,35.095142365317031],[-85.158691407423646,35.095104218442088],[-85.158126831382845,35.094970703858962],[-85.157745361591765,35.094772339275949],[-85.156532288676999,35.094413758026462],[-85.155845642844724,35.094161988235214],[-85.155464173053645,35.09387970073567],[-85.155242920970693,35.093536377819532],[-85.155258179303985,35.093387603861402],[-85.155296326178927,35.092853546570552],[-85.15538787930376,35.092430115321235],[-85.155532837636883,35.091861725738795],[-85.155654907428357,35.091476441364364],[-85.155860901178016,35.09077072157379],[-85.155952454302906,35.090370178866067],[-85.155990601177848,35.089916229908454],[-85.15602874805279,35.089424134075898],[-85.155937195969614,35.089080811159761],[-85.155311585553875,35.088672638243736],[-85.154617310554954,35.088325500744247],[-85.153739930348024,35.08810806324459],[-85.152450562641661,35.087917328869878],[-85.151290893893474,35.088199616369479],[-85.150634766811152,35.088420868452431],[-85.150154114728593,35.08843994241073],[-85.14983368035405,35.088367463244197],[-85.148971558480412,35.088153839286178],[-85.148338318898027,35.088077545536294],[-85.148071289731774,35.088073730952999],[-85.14778900223223,35.08821106011942],[-85.147674561607403,35.088394165327486],[-85.147628784524159,35.08864212053544],[-85.147514343899331,35.088932038243343],[-85.147300720982969,35.089206696576241],[-85.146934509525238,35.089477539284132],[-85.146705628275583,35.089813233033624],[-85.146469116817627,35.090148926783115],[-85.146423340776039,35.090381622616064],[-85.146392823067742,35.090469361157602],[-85.146392823067742,35.090866089281974],[-85.146301269942853,35.091243744489759],[-85.145957947026773,35.0915565496976],[-85.145202637652915,35.092155456988337],[-85.144981384528251,35.092323303863054],[-85.144943237653308,35.092388153862942],[-85.144912719945012,35.092548370529357],[-85.144889832445074,35.092639923654247],[-85.14484405536183,35.092979431987033],[-85.144767761611945,35.093223572611691],[-85.144630432445467,35.093345642403165],[-85.144424438695808,35.093402863236406],[-85.144165039737857,35.093399048653055],[-85.143692016821944,35.093441010111349],[-85.143348694947463,35.093471527819588],[-85.142784118906661,35.093433380944646],[-85.142036438699506,35.093452453861289],[-85.141372681408882,35.09347534240294],[-85.140731812659851,35.093433380944646],[-85.140281678285533,35.093486786152937],[-85.139976502244338,35.093605042402714],[-85.139930726202749,35.093791962194132],[-85.139968873077692,35.094009399693789],[-85.140151978285758,35.094230652818453],[-85.140373230368766,35.09444809031811],[-85.14059448349343,35.094669342401062],[-85.140739441826497,35.094890595525726],[-85.140693664743253,35.095260620525153],[-85.140609741826722,35.095569611149699],[-85.140563965785134,35.095813751774301],[-85.140525818910191,35.096000671565662],[-85.140403748077063,35.096244812190321],[-85.140289307452235,35.096458436148282],[-85.140090942869165,35.096767425731173],[-85.13990020849451,35.097106934063959],[-85.139778137661324,35.09744262781345],[-85.139671326203199,35.097766876771288],[-85.139633179328257,35.09806060802083],[-85.139617920994908,35.098434448645264],[-85.139686585578147,35.09877395697805],[-85.139793397036328,35.099086762185891],[-85.13990020849451,35.099399567393732],[-85.139968873077692,35.099674225726631],[-85.13996124286939,35.099891663226288],[-85.139923095994448,35.100109100726002],[-85.139823914744625,35.10023117155913],[-85.139732361619735,35.100337983017312],[-85.139572143911664,35.100551605933617],[-85.139533997036722,35.100738525724978],[-85.139587403286612,35.100910187183047],[-85.139762879328032,35.101108551766117],[-85.140144349119112,35.101329803849069],[-85.140327454327178,35.101573944473728],[-85.140457154326953,35.101791381973385],[-85.140472412660245,35.101985931973047],[-85.140434265785302,35.102195740306058],[-85.140296936618881,35.102371216347478],[-85.139953613702744,35.10259246843043],[-85.139717102244788,35.102626800722078],[-85.139144898078996,35.102794647596795],[-85.138328553288602,35.102920533013275],[-85.137489319956558,35.1030464173881],[-85.136901856415818,35.103137970512932],[-85.136749267874393,35.103065491346399],[-85.136619568916217,35.102855683013388],[-85.136543274124676,35.102603913222083],[-85.136459351208146,35.10230255176424],[-85.136390686624907,35.101879120514923],[-85.136306763708376,35.101467133015547],[-85.136177063708601,35.10105514551617],[-85.135955811625593,35.100624085100151],[-85.135719300167636,35.100177765309184],[-85.135475159543034,35.099937439267933],[-85.135231018918375,35.099681854893333],[-85.135025025168716,35.099426270518677],[-85.13484191996065,35.099201202810718],[-85.134689331419224,35.099121094477482],[-85.134475708502919,35.099086762185891],[-85.134246827253264,35.099170685102422],[-85.134010315795308,35.09925842364396],[-85.13373565746241,35.099475861143617],[-85.133445740796162,35.099689484059979],[-85.133285523088091,35.099922180934584],[-85.133087158505077,35.100139618434241],[-85.13282013038048,35.100185394475886],[-85.132514954339285,35.100162506975892],[-85.132156373089856,35.100078583017705],[-85.131729126215475,35.10010528614265],[-85.131271362674568,35.100238800725776],[-85.13095855746667,35.100452423642139],[-85.130569458508944,35.100650788225153],[-85.130111694968036,35.100723267391686],[-85.129501343927302,35.100730896558332],[-85.128753662678434,35.10076522884998],[-85.128005982471279,35.100753785099982],[-85.12718963663923,35.100646973641801],[-85.126159668932473,35.100505829892029],[-85.125572205391734,35.100463867392079],[-85.124900818934407,35.10043716530879],[-85.124534607476676,35.100399018433848],[-85.124076843935711,35.100330353850609],[-85.123550415811508,35.100273133017367],[-85.123184204353777,35.100223541350772],[-85.12291717622918,35.100173950725889],[-85.122787476229405,35.100074768434354],[-85.122703553312817,35.099475861143617],[-85.122558593938095,35.099174499685773],[-85.122123718938724,35.09897995072771],[-85.121742249147644,35.098880768436231],[-85.121398926231507,35.098796845519701],[-85.121139527273613,35.098606110103333],[-85.120918274148949,35.098300934062138],[-85.120643616857706,35.097606659063217],[-85.120674133524346,35.09721374552214],[-85.120681763732648,35.096820831981063],[-85.120651246024352,35.09655380281481],[-85.120643616857706,35.096305847606857],[-85.120765686649179,35.095821380940947],[-85.120780944982471,35.095336914275038],[-85.120635986649404,35.09503555385885],[-85.120391846024745,35.09486007781743],[-85.120185852275085,35.094673156984413],[-85.120056153316966,35.094478608026407],[-85.120048523108608,35.094184875735152],[-85.120185852275085,35.093872070527311],[-85.120307923108214,35.093563080944477],[-85.120452881441338,35.093048096570271],[-85.120475769982988,35.092781067404019],[-85.120452881441338,35.092094421571744],[-85.12040710539975,35.091686249697375],[-85.120353699149803,35.09148407053101],[-85.120231629358329,35.09110260073993],[-85.120124817900205,35.090885163240273],[-85.119827271025656,35.090427399699365],[-85.119659424150882,35.090217591366354],[-85.119506836651112,35.090156555949761],[-85.119148255401683,35.090164185116407],[-85.118782043943952,35.090282440324586],[-85.118423462694466,35.09038925178271],[-85.118148804361567,35.090507508032545],[-85.117843628320372,35.090736389282199],[-85.117530823112531,35.090984345531808],[-85.117225648112992,35.091136933031578],[-85.116920472071797,35.091098786156635],[-85.116767883530372,35.090942383031859],[-85.116630554363951,35.090721130948907],[-85.116371155406,35.090496064282547],[-85.115966797073327,35.090179442408044],[-85.115707398115376,35.089862823658564],[-85.115371704365884,35.089656829908847],[-85.114990234574805,35.089603424700613],[-85.114570617908782,35.089675903867146],[-85.114082336659578,35.089714050742089],[-85.113777161660039,35.089599610117261],[-85.113403321035605,35.089576721575668],[-85.113021851244525,35.089618683033905],[-85.11280822832822,35.089698792408797]]]]}}
]
}
